area,bedrooms,bathrooms,age,location,furnishing,parking,condition,price
1745.0,3,3,5,Metro City,Unfurnished,1,Good,7700000
994.0,1,2,5,Metro City,Unfurnished,3,Excellent,5450000
1464.0,3,3,8,Metro City,Unfurnished,1,Poor,5600000
1085.0,2,2,22,Rural Area,Fully Furnished,2,Excellent,1000000
1550.0,3,3,2,Metro City,Unfurnished,0,Good,16000000
1105.0,2,2,7,Metro City,Semi-Furnished,1,Good,3800000
1225.0,2,2,13,Metro City,Semi-Furnished,1,Good,4800000
550.0,1,1,11,Tier-1 City,Unfurnished,2,Good,1200000
1077.0,2,2,3,Metro City,Unfurnished,2,Excellent,3750000
1165.0,2,2,21,Metro City,Semi-Furnished,2,Good,4000000
1750.0,4,3,0,Metro City,Unfurnished,1,Good,21500000
3855.0,4,4,4,Rural Area,Unfurnished,0,Good,2000000
1223.0,3,3,1,Metro City,Semi-Furnished,0,Good,3900000
1190.0,2,2,10,Metro City,Fully Furnished,2,Good,4000000
2400.0,4,3,7,Metro City,Fully Furnished,1,Excellent,14200000
1145.0,2,2,10,Metro City,Semi-Furnished,2,Good,4600000
1580.0,3,2,15,Tier-2 City,Semi-Furnished,1,Good,1700000
2403.0,4,4,14,Metro City,Semi-Furnished,1,Good,27000000
1141.0,2,2,1,Metro City,Semi-Furnished,3,Excellent,4600000
1925.0,3,2,12,Tier-1 City,Unfurnished,2,Good,7750000
1430.0,3,2,1,Metro City,Semi-Furnished,1,Excellent,5450000
2400.0,5,5,19,Metro City,Fully Furnished,0,Excellent,40800000
1559.0,3,3,5,Metro City,Semi-Furnished,1,Good,6950000
1255.0,2,2,0,Metro City,Semi-Furnished,1,Excellent,4250000
4560.0,4,5,9,Metro City,Fully Furnished,2,Excellent,43000000
3000.0,7,4,7,Metro City,Semi-Furnished,1,Good,90000000
1134.0,2,2,11,Metro City,Semi-Furnished,1,Good,4500000
810.0,2,2,17,Metro City,Unfurnished,1,Poor,2550000
1632.0,4,3,16,Metro City,Unfurnished,2,Good,14000000
1500.0,3,3,10,Metro City,Fully Furnished,1,Good,9500000
672.0,1,1,20,Metro City,Fully Furnished,1,Good,3700000
1200.0,3,3,1,Metro City,Fully Furnished,1,Good,9000000
2400.0,4,5,0,Tier-1 City,Semi-Furnished,1,Excellent,29600000
1450.0,3,3,24,Metro City,Semi-Furnished,1,Excellent,6800000
1140.0,2,2,5,Rural Area,Semi-Furnished,1,Poor,500000
1459.0,2,2,9,Metro City,Fully Furnished,1,Good,9500000
1300.0,2,2,21,Metro City,Semi-Furnished,2,Good,7500000
1200.0,4,4,16,Metro City,Fully Furnished,0,Good,12500000
1901.0,3,3,10,Metro City,Semi-Furnished,1,Good,11900000
1050.0,2,2,16,Tier-1 City,Unfurnished,0,Excellent,3150000
1400.0,3,2,12,Metro City,Semi-Furnished,1,Poor,5600000
1050.0,2,2,5,Metro City,Unfurnished,2,Poor,7200000
1300.0,3,3,14,Metro City,Semi-Furnished,1,Excellent,6400000
900.0,2,2,7,Metro City,Semi-Furnished,0,Excellent,4000000
1024.0,2,2,0,Tier-2 City,Unfurnished,0,Good,2000000
1820.0,3,3,0,Metro City,Semi-Furnished,1,Excellent,8900000
1069.0,2,2,16,Metro City,Semi-Furnished,1,Good,4500000
1910.0,3,3,24,Metro City,Fully Furnished,1,Good,14200000
1662.0,3,3,8,Metro City,Unfurnished,1,Good,6800000
2105.0,2,2,3,Tier-2 City,Semi-Furnished,0,Good,1850000
516.0,1,1,9,Metro City,Semi-Furnished,0,Poor,3900000
1175.0,2,2,11,Metro City,Semi-Furnished,2,Poor,6800000
1200.0,2,1,16,Tier-1 City,Unfurnished,1,Excellent,3600000
2357.0,3,3,3,Metro City,Unfurnished,2,Good,13500000
1937.0,3,3,2,Metro City,Semi-Furnished,1,Poor,14000000
1404.0,2,2,6,Metro City,Unfurnished,1,Good,6950000
1445.0,3,3,8,Metro City,Fully Furnished,0,Poor,6500000
2690.0,4,4,15,Tier-2 City,Semi-Furnished,1,Excellent,6600000
1570.0,3,3,11,Rural Area,Unfurnished,0,Good,700000
1330.0,3,2,15,Metro City,Unfurnished,2,Good,5600000
1296.0,2,2,5,Rural Area,Unfurnished,3,Good,1450000
830.0,2,2,11,Metro City,Fully Furnished,1,Good,4000000
1280.0,3,2,9,Metro City,Unfurnished,0,Good,4800000
1200.0,2,2,5,Metro City,Semi-Furnished,1,Good,6200000
1305.0,3,2,14,Metro City,Unfurnished,2,Excellent,6000000
2250.0,3,3,1,Metro City,Semi-Furnished,1,Good,20000000
1783.0,3,3,20,Metro City,Fully Furnished,1,Good,11500000
1220.0,3,2,0,Metro City,Fully Furnished,1,Good,3500000
1400.0,2,2,20,Tier-1 City,Fully Furnished,0,Good,5500000
1150.0,2,2,6,Metro City,Fully Furnished,1,Good,5200000
1227.0,2,2,22,Metro City,Semi-Furnished,1,Good,4300000
1350.0,4,4,17,Metro City,Fully Furnished,2,Excellent,34000000
858.0,2,2,2,Metro City,Unfurnished,0,Good,3150000
600.0,2,2,13,Metro City,Fully Furnished,1,Good,3500000
1152.0,2,1,1,Metro City,Unfurnished,0,Good,6600000
1082.0,2,2,11,Metro City,Semi-Furnished,1,Excellent,6400000
1622.0,3,2,8,Metro City,Semi-Furnished,0,Poor,8000000
1710.0,3,3,3,Metro City,Semi-Furnished,1,Good,8500000
2400.0,3,2,1,Metro City,Unfurnished,0,Excellent,5000000
937.0,2,2,4,Tier-1 City,Fully Furnished,1,Poor,3100000
2400.0,4,5,9,Metro City,Fully Furnished,2,Good,13500000
3117.0,3,3,9,Tier-1 City,Unfurnished,0,Good,14850000
1130.0,2,2,3,Tier-1 City,Unfurnished,1,Excellent,4400000
1392.0,2,2,4,Metro City,Semi-Furnished,1,Good,9900000
1230.0,3,2,20,Metro City,Unfurnished,1,Good,3150000
1380.0,6,7,12,Metro City,Semi-Furnished,1,Poor,13000000
540.0,1,1,0,Metro City,Semi-Furnished,1,Excellent,3600000
1200.0,2,2,13,Metro City,Semi-Furnished,3,Good,3600000
1620.0,3,3,17,Metro City,Fully Furnished,0,Good,9500000
2640.0,3,5,10,Metro City,Unfurnished,1,Excellent,15000000
1090.0,2,2,0,Tier-2 City,Unfurnished,2,Good,1050000
960.0,4,4,10,Metro City,Unfurnished,1,Good,8000000
1310.0,3,2,2,Metro City,Semi-Furnished,1,Good,3800000
1464.0,3,3,16,Metro City,Fully Furnished,1,Poor,5600000
1850.0,3,3,0,Metro City,Unfurnished,0,Good,14600000
1141.0,2,2,0,Metro City,Semi-Furnished,2,Excellent,5500000
1027.0,2,2,11,Metro City,Unfurnished,1,Excellent,4400000
1368.0,2,2,10,Metro City,Fully Furnished,0,Good,8700000
1615.0,3,3,4,Metro City,Semi-Furnished,1,Excellent,9700000
1200.0,8,6,9,Metro City,Fully Furnished,1,Good,10500000
1069.0,2,2,5,Metro City,Semi-Furnished,2,Good,5500000
1028.0,2,2,9,Metro City,Fully Furnished,1,Good,5600000
1585.0,3,2,15,Metro City,Semi-Furnished,0,Poor,7900000
1343.5,3,3,14,Metro City,Fully Furnished,2,Good,5800000
1934.0,2,2,9,Metro City,Fully Furnished,1,Good,9000000
820.0,2,2,4,Tier-2 City,Semi-Furnished,1,Good,1200000
1050.0,2,2,10,Tier-2 City,Unfurnished,1,Excellent,3200000
1165.0,2,2,12,Metro City,Semi-Furnished,0,Good,4500000
1146.0,2,2,5,Metro City,Unfurnished,2,Excellent,7000000
870.0,2,2,0,Metro City,Semi-Furnished,1,Poor,2400000
1718.0,3,3,13,Metro City,Fully Furnished,0,Good,22300000
1345.0,2,2,9,Rural Area,Fully Furnished,1,Good,1450000
927.0,2,2,3,Tier-1 City,Unfurnished,0,Good,3500000
1250.0,2,2,16,Metro City,Unfurnished,1,Good,5550000
1451.0,2,2,13,Tier-2 City,Unfurnished,2,Good,3500000
410.0,1,1,16,Metro City,Unfurnished,0,Excellent,1000000
1092.0,2,2,6,Metro City,Semi-Furnished,1,Excellent,4400000
1453.0,3,2,21,Metro City,Semi-Furnished,2,Good,4650000
3555.0,4,4,12,Metro City,Unfurnished,1,Good,23000000
3124.0,4,6,1,Metro City,Semi-Furnished,2,Excellent,34900000
3290.0,3,4,7,Metro City,Semi-Furnished,0,Excellent,46000000
4000.0,4,5,12,Metro City,Unfurnished,1,Poor,21200000
1870.0,3,3,2,Metro City,Semi-Furnished,1,Good,13800000
5270.0,4,4,8,Metro City,Semi-Furnished,1,Excellent,125000000
1840.0,3,3,14,Tier-1 City,Semi-Furnished,3,Poor,5150000
1200.0,2,2,8,Metro City,Unfurnished,1,Good,5400000
1500.0,3,2,2,Metro City,Unfurnished,1,Good,7500000
1430.0,3,2,4,Rural Area,Semi-Furnished,1,Poor,850000
2403.0,4,5,11,Tier-2 City,Unfurnished,1,Excellent,10450000
1602.0,3,3,11,Metro City,Unfurnished,1,Good,5600000
905.0,2,2,2,Metro City,Semi-Furnished,0,Excellent,3200000
1350.0,3,3,6,Metro City,Fully Furnished,0,Good,7100000
1140.0,2,2,17,Tier-1 City,Semi-Furnished,1,Good,3500000
1075.0,3,2,19,Metro City,Semi-Furnished,1,Good,3700000
1310.0,2,2,2,Metro City,Semi-Furnished,1,Excellent,8500000
3170.0,4,5,12,Tier-1 City,Unfurnished,2,Excellent,13100000
1308.0,2,2,4,Metro City,Unfurnished,3,Good,8900000
600.0,5,3,8,Metro City,Semi-Furnished,1,Good,8600000
1545.0,3,3,0,Tier-1 City,Semi-Furnished,1,Good,4600000
638.0,1,1,1,Tier-1 City,Semi-Furnished,1,Good,2350000
1494.0,3,3,17,Metro City,Unfurnished,2,Excellent,8200000
1400.0,3,3,18,Metro City,Unfurnished,2,Good,6900000
1033.0,2,2,5,Metro City,Unfurnished,2,Good,2850000
1243.0,2,2,2,Metro City,Fully Furnished,1,Good,4600000
1600.0,3,3,20,Rural Area,Semi-Furnished,1,Good,700000
3252.0,4,4,6,Metro City,Unfurnished,0,Good,28000000
1340.0,3,2,12,Metro City,Semi-Furnished,1,Poor,10000000
2700.0,8,8,1,Metro City,Unfurnished,1,Good,29000000
1179.0,3,2,5,Metro City,Unfurnished,0,Good,5500000
800.0,3,3,20,Metro City,Semi-Furnished,2,Good,12000000
1600.0,3,3,0,Metro City,Fully Furnished,1,Poor,7450000
1200.0,3,3,2,Metro City,Fully Furnished,1,Good,14000000
595.0,1,1,16,Metro City,Semi-Furnished,3,Good,4000000
1975.0,3,3,11,Metro City,Unfurnished,1,Excellent,12300000
500.0,1,1,4,Metro City,Fully Furnished,1,Good,1800000
1530.0,3,2,1,Tier-2 City,Unfurnished,1,Good,2000000
2700.0,4,4,1,Metro City,Unfurnished,1,Good,26000000
1580.0,3,3,19,Metro City,Semi-Furnished,2,Excellent,5350000
1749.0,3,3,15,Metro City,Fully Furnished,0,Good,12000000
1876.0,3,3,1,Metro City,Fully Furnished,2,Good,16000000
3000.0,4,4,6,Metro City,Unfurnished,1,Good,33000000
2215.0,3,4,9,Metro City,Semi-Furnished,0,Good,31000000
1170.0,2,2,17,Metro City,Fully Furnished,2,Good,3800000
1590.0,2,2,6,Metro City,Fully Furnished,0,Good,10200000
1560.0,3,3,2,Tier-1 City,Semi-Furnished,0,Good,6650000
1266.0,2,2,21,Rural Area,Unfurnished,1,Excellent,800000
1213.0,2,2,4,Metro City,Fully Furnished,3,Good,5950000
1340.0,3,3,9,Metro City,Semi-Furnished,1,Good,9000000
1225.0,2,2,17,Tier-2 City,Semi-Furnished,0,Poor,2050000
1116.0,2,2,10,Metro City,Semi-Furnished,0,Good,5000000
1337.0,2,2,15,Metro City,Semi-Furnished,1,Good,8200000
1140.0,2,2,10,Metro City,Semi-Furnished,1,Good,5200000
2790.0,4,4,4,Metro City,Fully Furnished,1,Good,19800000
1173.0,2,2,22,Metro City,Unfurnished,0,Excellent,7700000
1215.0,2,2,18,Rural Area,Unfurnished,2,Poor,650000
1071.0,2,2,8,Tier-1 City,Semi-Furnished,1,Good,2950000
1400.0,3,2,10,Metro City,Unfurnished,1,Good,4050000
2259.0,4,3,21,Tier-1 City,Unfurnished,1,Excellent,9000000
1550.0,7,7,1,Tier-2 City,Fully Furnished,1,Good,6700000
1250.0,3,3,0,Metro City,Semi-Furnished,2,Good,4000000
1521.0,3,3,10,Metro City,Semi-Furnished,2,Good,9500000
1200.0,3,2,3,Metro City,Semi-Furnished,1,Good,30000000
900.0,4,4,0,Metro City,Semi-Furnished,2,Good,7500000
925.0,2,2,15,Tier-2 City,Unfurnished,3,Poor,950000
1630.0,2,2,3,Metro City,Unfurnished,2,Poor,20000000
1240.0,2,2,7,Tier-2 City,Semi-Furnished,1,Excellent,2950000
1100.0,2,2,4,Metro City,Semi-Furnished,1,Poor,4800000
1210.0,2,2,25,Metro City,Semi-Furnished,1,Good,6200000
1710.0,2,2,10,Rural Area,Unfurnished,3,Excellent,3650000
1655.0,3,3,17,Tier-2 City,Unfurnished,2,Good,3050000
935.0,2,2,23,Metro City,Fully Furnished,0,Poor,3200000
620.0,1,1,14,Metro City,Semi-Furnished,1,Good,8700000
1020.0,2,2,0,Metro City,Fully Furnished,1,Excellent,2950000
1185.0,2,2,15,Metro City,Unfurnished,0,Poor,4000000
1039.0,2,2,12,Metro City,Unfurnished,2,Good,8000000
1105.0,2,2,14,Metro City,Unfurnished,1,Poor,5100000
2400.0,5,5,6,Metro City,Unfurnished,1,Poor,62500000
1419.0,2,2,5,Tier-1 City,Semi-Furnished,1,Poor,2950000
2400.0,4,4,1,Metro City,Fully Furnished,1,Good,45000000
1950.0,3,3,0,Metro City,Unfurnished,2,Poor,13100000
1290.0,2,2,7,Metro City,Unfurnished,2,Good,12000000
1750.0,3,2,6,Metro City,Semi-Furnished,1,Good,8900000
4209.0,4,4,22,Tier-1 City,Unfurnished,1,Poor,40450000
1424.0,2,2,0,Metro City,Fully Furnished,1,Good,9000000
1700.0,3,3,16,Tier-1 City,Unfurnished,2,Poor,7700000
1200.0,4,2,9,Metro City,Fully Furnished,0,Good,9500000
600.0,3,3,6,Tier-1 City,Semi-Furnished,1,Poor,5000000
1027.0,2,2,22,Metro City,Unfurnished,1,Good,4400000
550.0,2,1,11,Metro City,Semi-Furnished,1,Excellent,1500000
1029.5,2,2,8,Metro City,Unfurnished,3,Poor,5100000
2842.0,3,3,13,Metro City,Unfurnished,1,Excellent,16200000
1290.0,2,2,10,Metro City,Fully Furnished,1,Good,9000000
2732.0,4,4,6,Metro City,Unfurnished,1,Good,20400000
1185.0,2,2,10,Metro City,Fully Furnished,1,Good,4300000
1200.0,2,2,1,Metro City,Fully Furnished,2,Good,6800000
1652.0,3,3,2,Metro City,Unfurnished,1,Excellent,8500000
1296.0,3,2,21,Metro City,Unfurnished,1,Excellent,5200000
500.0,1,2,4,Metro City,Semi-Furnished,1,Good,2400000
1060.0,3,2,2,Metro City,Semi-Furnished,0,Good,5850000
1015.0,2,2,8,Metro City,Semi-Furnished,3,Poor,4500000
1030.0,2,2,15,Metro City,Unfurnished,3,Excellent,5000000
950.0,2,2,9,Metro City,Semi-Furnished,1,Good,3200000
1083.0,2,2,9,Metro City,Unfurnished,1,Good,3250000
1220.0,2,2,12,Metro City,Unfurnished,2,Poor,5850000
1204.0,4,4,0,Rural Area,Unfurnished,1,Good,1300000
1330.0,2,2,18,Metro City,Semi-Furnished,1,Good,9300000
1150.0,8,9,9,Tier-2 City,Unfurnished,1,Good,5850000
1361.0,2,2,23,Rural Area,Fully Furnished,2,Excellent,1400000
835.0,2,2,22,Metro City,Semi-Furnished,2,Good,3700000
1200.0,2,2,6,Metro City,Semi-Furnished,0,Good,5200000
1115.0,2,2,12,Metro City,Unfurnished,1,Good,5000000
1096.0,2,2,20,Metro City,Semi-Furnished,1,Good,4050000
3675.0,4,4,8,Tier-1 City,Unfurnished,1,Good,12550000
1165.0,2,2,16,Metro City,Unfurnished,2,Excellent,3350000
1116.0,2,2,4,Tier-2 City,Unfurnished,2,Excellent,1950000
1040.0,2,2,18,Metro City,Semi-Furnished,3,Good,4900000
7800.0,5,6,10,Metro City,Semi-Furnished,2,Excellent,38500000
1300.0,3,2,7,Metro City,Semi-Furnished,1,Good,7500000
600.0,5,3,0,Metro City,Semi-Furnished,2,Good,14000000
1113.12,2,2,0,Tier-2 City,Unfurnished,1,Good,2000000
1575.0,2,2,3,Metro City,Semi-Furnished,2,Good,8500000
1056.0,2,2,10,Metro City,Semi-Furnished,2,Good,3300000
600.0,8,8,14,Metro City,Fully Furnished,2,Excellent,7000000
1470.0,2,2,24,Metro City,Fully Furnished,1,Good,6150000
1295.0,2,2,13,Metro City,Fully Furnished,2,Excellent,7000000
1375.0,3,3,14,Tier-2 City,Fully Furnished,1,Good,2750000
1190.0,2,2,19,Metro City,Semi-Furnished,1,Good,3400000
1080.0,2,2,7,Metro City,Semi-Furnished,0,Excellent,3800000
1061.0,2,2,11,Metro City,Fully Furnished,1,Poor,3900000
1270.0,2,2,6,Metro City,Semi-Furnished,0,Excellent,7300000
957.0,2,2,6,Metro City,Unfurnished,1,Good,5250000
870.0,2,2,13,Metro City,Semi-Furnished,2,Poor,3950000
1173.0,2,2,4,Tier-2 City,Unfurnished,3,Poor,2750000
1345.0,3,2,3,Metro City,Fully Furnished,0,Excellent,4700000
1630.0,3,2,14,Metro City,Fully Furnished,1,Poor,13000000
1200.0,4,4,4,Metro City,Semi-Furnished,1,Poor,16500000
720.0,4,4,19,Tier-2 City,Semi-Furnished,1,Good,3100000
2000.0,4,4,1,Metro City,Unfurnished,1,Poor,7550000
1200.0,6,7,10,Metro City,Fully Furnished,0,Good,25000000
600.0,4,3,10,Metro City,Fully Furnished,2,Poor,7300000
1125.0,2,2,15,Metro City,Unfurnished,0,Good,3700000
1200.0,3,3,2,Metro City,Fully Furnished,2,Good,7000000
2254.0,3,3,4,Metro City,Semi-Furnished,0,Excellent,17000000
883.0,2,2,0,Metro City,Semi-Furnished,1,Good,3700000
1091.0,2,2,14,Metro City,Semi-Furnished,1,Good,3200000
1680.0,3,3,10,Tier-2 City,Unfurnished,1,Good,5300000
650.0,2,1,11,Metro City,Unfurnished,0,Excellent,1700000
1095.0,2,2,10,Metro City,Semi-Furnished,1,Good,3850000
900.0,2,2,13,Metro City,Semi-Furnished,2,Excellent,9500000
900.0,3,2,10,Tier-2 City,Fully Furnished,1,Good,2350000
1285.0,2,2,3,Metro City,Semi-Furnished,1,Good,7800000
2040.0,3,3,12,Metro City,Fully Furnished,1,Excellent,20000000
2710.0,4,5,3,Rural Area,Semi-Furnished,0,Good,1400000
2000.0,4,4,2,Metro City,Fully Furnished,2,Good,13500000
1664.0,3,3,18,Metro City,Semi-Furnished,1,Excellent,9400000
2378.0,3,3,8,Metro City,Semi-Furnished,0,Poor,26200000
1065.0,2,2,11,Metro City,Semi-Furnished,1,Excellent,3100000
1847.0,3,3,6,Metro City,Semi-Furnished,2,Good,13500000
1693.0,3,3,8,Tier-2 City,Unfurnished,1,Excellent,5350000
1065.0,2,2,14,Metro City,Fully Furnished,1,Excellent,4250000
600.0,3,3,11,Metro City,Unfurnished,1,Excellent,5800000
1200.0,2,2,7,Metro City,Semi-Furnished,1,Good,4800000
509.0,1,1,20,Metro City,Semi-Furnished,2,Good,2300000
1839.0,3,3,1,Metro City,Semi-Furnished,1,Good,16000000
1000.0,8,7,18,Metro City,Semi-Furnished,0,Excellent,16000000
1300.0,6,6,3,Metro City,Fully Furnished,0,Good,15000000
1150.0,2,2,13,Metro City,Semi-Furnished,0,Excellent,4600000
900.0,2,2,6,Metro City,Semi-Furnished,0,Good,2700000
1355.0,2,2,1,Metro City,Semi-Furnished,3,Excellent,7800000
3445.0,4,5,10,Metro City,Semi-Furnished,3,Good,27000000
1205.0,2,2,2,Metro City,Unfurnished,1,Excellent,7000000
2010.0,4,3,17,Metro City,Fully Furnished,1,Good,12500000
3300.0,8,8,3,Metro City,Fully Furnished,0,Good,31000000
1430.0,3,3,15,Metro City,Semi-Furnished,2,Good,6100000
810.0,1,1,7,Metro City,Semi-Furnished,2,Excellent,2100000
1305.0,3,3,22,Metro City,Semi-Furnished,0,Poor,6000000
3750.0,4,4,16,Metro City,Semi-Furnished,1,Excellent,19000000
1180.0,2,2,19,Tier-1 City,Semi-Furnished,2,Good,9000000
2600.0,3,3,21,Metro City,Unfurnished,1,Excellent,19500000
1755.0,3,3,23,Metro City,Semi-Furnished,1,Good,10100000
1197.0,2,2,4,Metro City,Semi-Furnished,1,Good,7800000
1202.0,2,2,2,Metro City,Semi-Furnished,1,Good,5300000
1200.0,2,2,5,Metro City,Semi-Furnished,2,Good,4200000
1435.0,3,2,7,Metro City,Unfurnished,1,Excellent,11500000
1100.0,4,2,5,Metro City,Semi-Furnished,1,Excellent,6000000
2400.0,9,6,16,Metro City,Semi-Furnished,0,Good,27000000
1060.0,2,2,19,Metro City,Unfurnished,1,Excellent,5800000
1225.0,2,2,12,Metro City,Unfurnished,2,Good,5700000
840.0,6,8,2,Metro City,Semi-Furnished,1,Excellent,12000000
2440.0,4,5,0,Tier-2 City,Unfurnished,0,Poor,12000000
1070.0,2,2,3,Tier-2 City,Semi-Furnished,2,Good,2300000
1100.0,2,2,12,Metro City,Semi-Furnished,1,Good,4600000
1836.0,3,3,3,Metro City,Semi-Furnished,1,Good,12500000
1200.0,4,4,13,Metro City,Semi-Furnished,0,Good,17500000
1050.0,2,2,21,Metro City,Fully Furnished,1,Excellent,4800000
2400.0,5,5,8,Metro City,Unfurnished,0,Good,20000000
2065.0,4,4,13,Metro City,Semi-Furnished,2,Poor,24800000
777.0,1,1,14,Metro City,Semi-Furnished,0,Good,3850000
1000.0,2,2,6,Tier-1 City,Semi-Furnished,0,Good,2150000
1050.0,2,2,7,Metro City,Unfurnished,1,Good,5100000
1339.0,2,2,1,Metro City,Semi-Furnished,2,Good,7150000
1800.0,3,3,10,Metro City,Semi-Furnished,1,Good,26000000
1192.0,3,2,12,Metro City,Fully Furnished,1,Good,6000000
1282.0,3,2,3,Metro City,Unfurnished,1,Excellent,6850000
923.0,2,2,0,Tier-2 City,Semi-Furnished,2,Good,1750000
1240.0,3,3,2,Metro City,Semi-Furnished,1,Excellent,6000000
1365.0,3,2,1,Metro City,Unfurnished,1,Poor,7200000
1800.0,3,3,9,Metro City,Unfurnished,1,Good,23000000
1980.0,3,4,7,Metro City,Fully Furnished,0,Excellent,16600000
660.0,2,1,6,Metro City,Semi-Furnished,2,Poor,1550000
1012.0,2,2,9,Metro City,Unfurnished,2,Excellent,5450000
2400.0,5,5,16,Metro City,Semi-Furnished,0,Good,62500000
600.0,4,5,25,Metro City,Semi-Furnished,2,Good,9900000
1900.0,3,3,9,Metro City,Semi-Furnished,2,Good,13500000
1255.0,2,2,6,Rural Area,Semi-Furnished,1,Good,1300000
980.0,2,2,9,Metro City,Fully Furnished,1,Good,5100000
1075.0,3,2,4,Metro City,Unfurnished,2,Good,9000000
1512.0,2,1,12,Metro City,Fully Furnished,1,Good,6500000
1200.0,3,2,16,Tier-2 City,Semi-Furnished,0,Good,2600000
9600.0,5,6,18,Metro City,Fully Furnished,3,Good,180000000
1200.0,3,3,1,Metro City,Semi-Furnished,2,Good,5600000
630.5,1,1,21,Metro City,Unfurnished,1,Good,3300000
1200.0,2,2,2,Tier-2 City,Fully Furnished,2,Poor,1600000
1157.0,2,2,10,Metro City,Unfurnished,1,Good,4000000
980.0,2,2,2,Metro City,Semi-Furnished,1,Excellent,4000000
2950.0,4,4,7,Metro City,Semi-Furnished,1,Excellent,25000000
920.0,2,2,16,Metro City,Semi-Furnished,0,Good,3500000
1200.0,5,5,23,Rural Area,Fully Furnished,2,Excellent,3250000
1200.0,4,4,0,Metro City,Unfurnished,0,Good,22500000
1167.0,2,2,5,Metro City,Semi-Furnished,2,Excellent,6400000
985.0,2,2,3,Metro City,Semi-Furnished,1,Good,5000000
675.0,1,1,0,Metro City,Semi-Furnished,1,Good,3500000
2197.0,3,3,12,Metro City,Semi-Furnished,0,Excellent,13600000
2400.0,4,3,12,Rural Area,Semi-Furnished,1,Good,6900000
1405.0,3,2,25,Metro City,Semi-Furnished,0,Good,7800000
1700.0,3,3,16,Metro City,Semi-Furnished,1,Excellent,13500000
1404.0,2,2,11,Metro City,Unfurnished,1,Good,7200000
1305.0,3,3,15,Metro City,Unfurnished,2,Excellent,3350000
750.0,1,1,5,Metro City,Unfurnished,1,Good,4000000
1060.0,2,2,11,Rural Area,Semi-Furnished,0,Good,800000
3750.0,5,6,1,Metro City,Semi-Furnished,1,Poor,29500000
1135.0,8,4,1,Metro City,Fully Furnished,1,Excellent,19000000
1500.0,3,3,0,Tier-2 City,Unfurnished,1,Good,2700000
1920.0,3,3,16,Metro City,Semi-Furnished,2,Good,15000000
1550.0,3,3,0,Metro City,Unfurnished,0,Good,7250000
2367.0,3,3,9,Metro City,Unfurnished,1,Good,32000000
1690.0,3,2,0,Metro City,Unfurnished,1,Poor,5500000
1423.0,3,2,24,Metro City,Semi-Furnished,1,Excellent,8500000
1032.0,2,2,14,Metro City,Semi-Furnished,1,Good,4200000
2100.0,3,4,4,Metro City,Unfurnished,1,Good,14500000
1586.0,3,3,3,Metro City,Semi-Furnished,1,Excellent,7000000
662.0,1,1,0,Tier-1 City,Fully Furnished,1,Excellent,2850000
1208.0,3,2,13,Tier-2 City,Semi-Furnished,1,Good,1200000
1260.0,2,2,18,Metro City,Semi-Furnished,1,Good,4550000
1850.0,3,3,3,Metro City,Fully Furnished,1,Poor,9000000
1176.0,2,2,21,Metro City,Semi-Furnished,2,Good,6200000
1710.0,3,4,20,Metro City,Unfurnished,2,Good,9150000
1250.0,3,2,10,Tier-1 City,Fully Furnished,2,Good,5700000
2400.0,8,6,13,Metro City,Semi-Furnished,0,Excellent,12500000
1050.0,2,2,25,Metro City,Semi-Furnished,0,Good,8000000
2145.0,3,3,12,Metro City,Semi-Furnished,1,Excellent,18000000
1660.0,3,3,4,Metro City,Semi-Furnished,2,Poor,7500000
1250.0,3,2,6,Metro City,Semi-Furnished,2,Good,7000000
3339.0,3,3,14,Metro City,Semi-Furnished,2,Poor,25000000
1200.0,6,6,7,Metro City,Fully Furnished,1,Good,25000000
1865.0,3,3,17,Metro City,Fully Furnished,1,Excellent,14500000
970.0,2,2,4,Tier-1 City,Unfurnished,3,Good,2100000
1250.0,3,3,1,Tier-1 City,Semi-Furnished,1,Poor,3200000
1660.0,3,3,0,Metro City,Semi-Furnished,1,Good,11600000
1280.0,3,2,13,Rural Area,Semi-Furnished,2,Good,950000
865.0,2,2,9,Metro City,Semi-Furnished,2,Excellent,3300000
1400.0,2,2,13,Rural Area,Unfurnished,1,Good,1600000
1750.0,3,3,18,Metro City,Semi-Furnished,1,Poor,7500000
2560.0,4,4,20,Metro City,Fully Furnished,2,Excellent,7500000
2400.0,5,5,11,Metro City,Unfurnished,1,Good,27500000
1800.0,4,3,3,Metro City,Semi-Furnished,1,Excellent,19000000
888.0,2,2,6,Tier-1 City,Unfurnished,2,Good,2100000
1464.0,2,2,5,Metro City,Unfurnished,2,Good,5600000
1194.0,2,2,2,Metro City,Unfurnished,2,Good,6900000
1150.0,3,3,10,Metro City,Semi-Furnished,1,Good,6500000
1260.0,3,2,2,Rural Area,Semi-Furnished,0,Good,600000
1425.0,3,2,0,Metro City,Unfurnished,0,Good,9400000
1633.0,2,2,15,Metro City,Semi-Furnished,2,Poor,7200000
1200.0,5,5,8,Metro City,Fully Furnished,1,Good,18000000
1342.0,2,2,3,Metro City,Fully Furnished,1,Good,11500000
2340.0,4,5,6,Metro City,Semi-Furnished,1,Good,16000000
1200.0,5,4,19,Metro City,Unfurnished,2,Excellent,18500000
1294.0,3,2,16,Metro City,Fully Furnished,1,Good,5200000
2167.0,3,3,4,Rural Area,Semi-Furnished,3,Good,1450000
1430.0,3,2,4,Metro City,Fully Furnished,1,Poor,9000000
1125.0,2,2,5,Metro City,Fully Furnished,1,Excellent,2900000
1085.0,2,2,15,Metro City,Fully Furnished,3,Excellent,6400000
1275.0,3,2,20,Metro City,Fully Furnished,1,Good,8800000
1200.0,3,3,9,Metro City,Semi-Furnished,1,Good,6500000
2100.0,3,3,12,Metro City,Unfurnished,1,Excellent,19000000
1290.0,2,2,0,Metro City,Semi-Furnished,2,Excellent,10000000
2500.0,3,4,3,Tier-2 City,Fully Furnished,2,Poor,5250000
1445.0,3,2,5,Metro City,Unfurnished,1,Excellent,12500000
1395.0,3,2,3,Metro City,Fully Furnished,0,Good,6300000
700.0,2,2,14,Metro City,Unfurnished,1,Poor,3600000
610.0,1,1,2,Tier-2 City,Unfurnished,0,Good,850000
1128.0,2,2,6,Rural Area,Semi-Furnished,0,Good,1000000
800.0,5,5,1,Metro City,Fully Furnished,2,Good,9500000
1305.0,3,2,19,Metro City,Unfurnished,2,Good,7700000
2520.0,5,4,4,Metro City,Semi-Furnished,0,Excellent,37800000
1142.0,2,2,15,Metro City,Semi-Furnished,1,Good,5600000
900.0,3,4,10,Metro City,Unfurnished,1,Excellent,15500000
670.0,1,1,12,Metro City,Unfurnished,0,Good,3700000
600.0,3,2,11,Metro City,Semi-Furnished,0,Excellent,5000000
1040.0,2,2,4,Metro City,Semi-Furnished,3,Excellent,4200000
1850.0,3,2,24,Metro City,Semi-Furnished,1,Good,11000000
2400.0,3,2,4,Metro City,Fully Furnished,1,Poor,15000000
350.0,4,3,4,Metro City,Unfurnished,1,Good,4500000
1345.0,3,2,23,Metro City,Fully Furnished,1,Excellent,3950000
1241.0,2,2,21,Metro City,Semi-Furnished,0,Good,6400000
1550.0,3,3,20,Metro City,Semi-Furnished,1,Good,7400000
1630.0,3,2,14,Tier-2 City,Fully Furnished,1,Poor,5550000
1350.0,3,3,4,Metro City,Fully Furnished,2,Good,25000000
1090.0,2,2,9,Metro City,Unfurnished,1,Good,3850000
1891.0,4,4,10,Tier-1 City,Unfurnished,3,Good,4050000
1830.0,3,4,21,Metro City,Semi-Furnished,2,Good,15000000
1585.0,3,2,14,Metro City,Unfurnished,1,Good,8000000
2780.0,4,5,0,Metro City,Semi-Furnished,1,Excellent,48000000
1600.0,2,2,0,Tier-1 City,Unfurnished,0,Good,6050000
1230.0,2,2,15,Metro City,Unfurnished,2,Excellent,7600000
1902.0,3,3,2,Metro City,Unfurnished,1,Poor,8900000
2215.0,3,4,4,Rural Area,Unfurnished,2,Good,1350000
1325.0,2,2,12,Metro City,Semi-Furnished,1,Good,7000000
1025.0,2,2,12,Metro City,Semi-Furnished,0,Good,5450000
1140.0,2,2,6,Metro City,Unfurnished,0,Good,4600000
1201.0,2,2,5,Metro City,Semi-Furnished,1,Good,6500000
1195.0,3,2,9,Tier-1 City,Fully Furnished,1,Good,3800000
3565.0,4,4,1,Metro City,Unfurnished,1,Good,21800000
747.0,1,1,2,Metro City,Semi-Furnished,0,Good,3450000
1176.0,3,2,25,Metro City,Unfurnished,1,Poor,4500000
2000.0,4,2,13,Metro City,Unfurnished,1,Good,16000000
1385.0,2,2,20,Metro City,Unfurnished,1,Good,8000000
1065.0,2,2,1,Metro City,Semi-Furnished,1,Poor,4800000
1090.0,2,2,4,Metro City,Unfurnished,3,Good,3200000
2400.0,5,4,3,Metro City,Semi-Furnished,2,Good,22500000
1200.0,3,3,20,Tier-2 City,Unfurnished,0,Good,3050000
1536.0,3,3,19,Metro City,Semi-Furnished,0,Poor,10700000
1616.0,3,3,1,Metro City,Fully Furnished,2,Good,6500000
1404.0,2,2,0,Metro City,Unfurnished,2,Excellent,7000000
1200.0,5,5,6,Metro City,Fully Furnished,1,Good,9000000
1279.0,2,2,7,Tier-1 City,Fully Furnished,1,Good,7300000
1250.0,3,2,5,Metro City,Unfurnished,3,Excellent,6500000
834.0,1,1,2,Metro City,Unfurnished,1,Good,6200000
813.0,1,1,8,Metro City,Semi-Furnished,1,Poor,3900000
1507.0,3,3,1,Metro City,Unfurnished,1,Excellent,8000000
1300.0,3,3,6,Metro City,Fully Furnished,1,Poor,6400000
1570.0,3,3,11,Metro City,Semi-Furnished,0,Good,7600000
2135.0,3,3,14,Metro City,Fully Furnished,0,Good,16000000
1500.0,4,4,1,Metro City,Semi-Furnished,0,Good,36000000
3854.5,4,6,1,Metro City,Semi-Furnished,0,Good,38550000
1145.0,2,2,11,Metro City,Unfurnished,2,Good,7500000
1245.0,2,2,16,Metro City,Fully Furnished,1,Poor,9400000
1200.0,3,2,9,Tier-2 City,Unfurnished,1,Good,2900000
1190.0,2,2,3,Metro City,Fully Furnished,1,Excellent,3900000
1710.0,3,3,18,Metro City,Fully Furnished,0,Excellent,10700000
1595.0,3,3,6,Metro City,Semi-Furnished,0,Good,6200000
3430.0,4,6,5,Metro City,Unfurnished,1,Good,22850000
950.0,2,2,9,Metro City,Semi-Furnished,1,Excellent,4800000
1327.0,2,2,3,Metro City,Semi-Furnished,0,Excellent,8500000
3563.0,4,6,10,Metro City,Unfurnished,0,Good,31000000
1255.0,3,3,21,Metro City,Semi-Furnished,0,Excellent,7750000
1800.0,6,4,25,Tier-2 City,Fully Furnished,1,Good,11500000
3600.0,4,4,10,Metro City,Semi-Furnished,1,Good,26000000
1107.0,3,2,3,Rural Area,Unfurnished,1,Good,550000
700.0,2,2,10,Tier-2 City,Semi-Furnished,2,Good,1050000
1595.0,3,3,23,Metro City,Fully Furnished,1,Excellent,7050000
2500.0,5,5,4,Metro City,Fully Furnished,2,Excellent,12000000
905.0,2,2,13,Metro City,Semi-Furnished,0,Good,5000000
1185.0,2,2,3,Metro City,Semi-Furnished,1,Poor,4250000
530.0,1,1,10,Metro City,Semi-Furnished,1,Excellent,2950000
933.0,1,1,8,Metro City,Semi-Furnished,2,Excellent,6100000
1200.0,3,4,12,Rural Area,Semi-Furnished,1,Good,2950000
3500.0,3,5,4,Metro City,Fully Furnished,1,Good,27500000
4500.0,4,4,21,Metro City,Semi-Furnished,3,Excellent,15000000
1680.0,2,2,15,Metro City,Fully Furnished,3,Good,5900000
2400.0,3,3,19,Metro City,Semi-Furnished,0,Good,25000000
1200.0,2,2,1,Metro City,Unfurnished,1,Good,5350000
1085.0,2,2,4,Metro City,Semi-Furnished,2,Good,4100000
1260.0,3,3,0,Metro City,Unfurnished,0,Good,4950000
3761.0,3,3,0,Metro City,Unfurnished,0,Good,66000000
1570.0,3,3,11,Tier-2 City,Semi-Furnished,0,Good,2450000
1300.0,2,2,25,Metro City,Semi-Furnished,0,Good,8200000
897.0,5,2,3,Metro City,Unfurnished,0,Good,8500000
2100.0,4,3,3,Tier-1 City,Semi-Furnished,2,Good,16450000
1840.0,3,3,14,Metro City,Semi-Furnished,3,Poor,8500000
1300.0,2,2,11,Tier-2 City,Unfurnished,2,Poor,2800000
1400.0,3,2,5,Metro City,Semi-Furnished,1,Poor,4150000
1050.0,4,4,0,Metro City,Semi-Furnished,1,Good,9000000
1475.0,3,2,6,Metro City,Unfurnished,1,Good,5900000
1893.0,3,3,5,Metro City,Fully Furnished,1,Poor,14000000
540.0,3,3,11,Metro City,Semi-Furnished,1,Good,6000000
1115.0,2,2,1,Metro City,Fully Furnished,1,Good,5000000
1200.0,2,2,13,Tier-2 City,Fully Furnished,1,Excellent,1300000
3500.0,3,4,25,Tier-1 City,Semi-Furnished,1,Poor,33100000
1200.0,2,2,4,Metro City,Fully Furnished,3,Excellent,6100000
5000.0,7,7,7,Tier-1 City,Unfurnished,1,Good,22150000
698.5,1,1,18,Metro City,Semi-Furnished,0,Good,2850000
1548.0,3,3,9,Metro City,Unfurnished,0,Good,6500000
1000.0,2,2,5,Rural Area,Unfurnished,2,Excellent,500000
1500.0,4,4,1,Tier-1 City,Semi-Furnished,0,Good,26100000
1052.0,3,2,17,Tier-2 City,Unfurnished,0,Excellent,2100000
866.0,2,2,13,Tier-2 City,Unfurnished,2,Good,1250000
3900.0,4,5,5,Rural Area,Semi-Furnished,2,Good,3000000
1850.0,3,3,0,Metro City,Unfurnished,0,Good,9800000
1535.0,3,3,4,Tier-1 City,Fully Furnished,1,Good,6600000
1096.0,2,2,17,Metro City,Unfurnished,0,Good,4000000
1220.0,2,2,5,Metro City,Semi-Furnished,0,Excellent,3900000
1390.0,3,2,1,Metro City,Semi-Furnished,2,Good,6100000
1719.0,3,3,10,Metro City,Semi-Furnished,0,Good,11600000
1210.0,2,2,2,Metro City,Unfurnished,3,Excellent,6900000
1104.0,2,2,10,Metro City,Fully Furnished,1,Excellent,3650000
2062.0,4,3,18,Metro City,Unfurnished,1,Good,15000000
1530.0,3,2,18,Metro City,Unfurnished,0,Good,7450000
1325.0,3,2,6,Metro City,Semi-Furnished,1,Good,5600000
1201.0,2,2,0,Metro City,Fully Furnished,0,Poor,6000000
1711.0,3,3,9,Metro City,Semi-Furnished,3,Excellent,8550000
2400.0,5,3,12,Metro City,Semi-Furnished,2,Good,32000000
1210.0,2,2,17,Metro City,Unfurnished,1,Excellent,7200000
890.0,2,2,4,Rural Area,Semi-Furnished,1,Excellent,500000
2302.5,4,4,7,Tier-1 City,Unfurnished,1,Excellent,5700000
2400.0,5,5,0,Metro City,Semi-Furnished,1,Good,32500000
1550.0,3,3,12,Metro City,Semi-Furnished,2,Good,25800000
1027.0,2,2,0,Metro City,Fully Furnished,0,Good,4400000
600.0,1,1,7,Metro City,Fully Furnished,2,Poor,5500000
2826.0,3,3,1,Metro City,Unfurnished,0,Excellent,14800000
1125.0,2,2,5,Metro City,Unfurnished,1,Poor,4000000
1200.0,2,1,9,Metro City,Semi-Furnished,1,Good,8100000
1035.0,2,2,16,Tier-1 City,Semi-Furnished,1,Good,2900000
600.0,4,3,12,Metro City,Unfurnished,2,Good,8500000
2690.0,4,4,16,Tier-2 City,Unfurnished,2,Excellent,6400000
2774.0,4,4,0,Metro City,Unfurnished,1,Good,20800000
2480.0,2,2,9,Metro City,Semi-Furnished,1,Good,16000000
995.0,2,2,20,Tier-1 City,Semi-Furnished,1,Good,2650000
815.0,2,2,25,Metro City,Semi-Furnished,0,Good,4000000
525.0,1,1,22,Metro City,Semi-Furnished,0,Good,2750000
2400.0,3,3,19,Metro City,Semi-Furnished,1,Excellent,13500000
580.0,2,2,14,Metro City,Semi-Furnished,1,Excellent,9500000
1225.0,2,2,8,Tier-2 City,Semi-Furnished,1,Excellent,1300000
1140.0,2,2,20,Metro City,Fully Furnished,0,Poor,4950000
1330.0,3,2,17,Metro City,Unfurnished,1,Good,4900000
800.0,2,2,12,Metro City,Semi-Furnished,2,Poor,8000000
3450.0,4,4,10,Metro City,Semi-Furnished,1,Good,29400000
685.0,1,1,0,Metro City,Unfurnished,1,Good,4000000
1100.0,2,2,11,Metro City,Fully Furnished,0,Good,5500000
2666.0,3,3,23,Metro City,Fully Furnished,1,Good,23000000
1000.0,2,2,4,Tier-2 City,Semi-Furnished,0,Excellent,2350000
1427.0,3,2,16,Tier-1 City,Fully Furnished,1,Good,3150000
2100.0,4,3,8,Metro City,Semi-Furnished,1,Excellent,21000000
2423.0,3,4,17,Metro City,Fully Furnished,0,Good,16000000
470.0,1,2,7,Metro City,Unfurnished,1,Good,1000000
630.0,1,1,19,Metro City,Unfurnished,1,Excellent,4050000
1750.0,3,3,18,Metro City,Semi-Furnished,1,Good,8100000
1306.0,3,2,11,Metro City,Unfurnished,0,Good,5800000
3122.0,4,6,5,Metro City,Semi-Furnished,1,Good,23700000
1732.0,3,3,1,Metro City,Semi-Furnished,1,Excellent,8550000
2000.0,4,3,22,Metro City,Semi-Furnished,1,Good,18000000
2200.0,3,2,24,Metro City,Semi-Furnished,2,Good,19000000
1200.0,3,2,22,Metro City,Fully Furnished,0,Good,6500000
2050.0,4,3,6,Tier-1 City,Unfurnished,1,Good,6100000
1040.0,2,2,0,Metro City,Semi-Furnished,1,Poor,3650000
2342.0,4,3,19,Metro City,Unfurnished,3,Good,11500000
695.0,2,1,24,Metro City,Semi-Furnished,1,Good,2500000
905.0,1,1,7,Metro City,Unfurnished,0,Good,5200000
6200.0,5,5,11,Metro City,Semi-Furnished,0,Good,72000000
730.0,1,1,2,Metro City,Semi-Furnished,1,Good,3500000
2395.0,3,4,4,Metro City,Unfurnished,1,Excellent,15000000
1220.0,2,2,12,Tier-1 City,Unfurnished,2,Poor,3600000
1375.0,3,2,9,Metro City,Unfurnished,3,Good,5500000
1270.0,2,2,5,Metro City,Fully Furnished,1,Good,17200000
1150.0,4,4,0,Metro City,Semi-Furnished,2,Excellent,11000000
1840.0,3,3,9,Metro City,Fully Furnished,1,Poor,15500000
1060.0,2,2,1,Tier-2 City,Unfurnished,1,Good,1200000
1560.0,3,2,11,Metro City,Semi-Furnished,2,Good,7200000
1230.0,2,2,11,Metro City,Fully Furnished,2,Good,7500000
1069.0,2,2,9,Metro City,Unfurnished,1,Poor,5500000
1200.0,6,6,7,Metro City,Semi-Furnished,1,Good,22000000
1875.0,3,3,0,Metro City,Fully Furnished,1,Good,11000000
950.0,2,2,14,Metro City,Fully Furnished,1,Excellent,3500000
1350.0,3,2,15,Metro City,Unfurnished,0,Excellent,5300000
3875.0,3,3,9,Metro City,Unfurnished,1,Excellent,80000000
1800.0,3,3,19,Tier-2 City,Unfurnished,1,Poor,2650000
1000.0,2,2,4,Tier-1 City,Fully Furnished,3,Good,2750000
540.0,1,1,16,Tier-1 City,Unfurnished,1,Poor,1700000
3000.0,4,5,13,Metro City,Semi-Furnished,2,Good,26000000
2400.0,5,5,2,Metro City,Unfurnished,3,Excellent,70000000
606.0,1,1,14,Tier-1 City,Fully Furnished,1,Good,2800000
1810.0,3,3,3,Rural Area,Unfurnished,1,Good,1700000
1200.0,8,7,15,Metro City,Semi-Furnished,2,Good,35000000
1420.0,2,2,1,Tier-2 City,Semi-Furnished,2,Excellent,3550000
1600.0,5,5,3,Metro City,Unfurnished,2,Good,14000000
950.0,2,2,5,Metro City,Semi-Furnished,1,Excellent,4500000
1615.0,3,3,11,Tier-2 City,Semi-Furnished,1,Excellent,2200000
1693.0,3,3,13,Rural Area,Fully Furnished,1,Excellent,700000
1200.0,8,8,10,Metro City,Semi-Furnished,1,Good,13500000
1175.0,2,2,10,Metro City,Semi-Furnished,0,Excellent,4700000
1850.0,3,3,17,Metro City,Fully Furnished,2,Excellent,11000000
1100.0,2,2,1,Tier-2 City,Semi-Furnished,1,Excellent,1900000
1227.0,2,2,13,Metro City,Unfurnished,0,Excellent,5350000
3300.0,3,3,2,Tier-1 City,Unfurnished,2,Good,9950000
1385.0,3,2,9,Tier-1 City,Semi-Furnished,1,Good,5450000
1148.0,2,2,11,Metro City,Semi-Furnished,2,Good,5600000
4348.5,4,4,9,Metro City,Fully Furnished,2,Good,30400000
1855.0,3,3,2,Metro City,Semi-Furnished,1,Good,14500000
1525.0,3,2,13,Metro City,Unfurnished,1,Good,8700000
1165.0,2,2,12,Metro City,Unfurnished,1,Good,6700000
1884.0,4,4,5,Metro City,Semi-Furnished,1,Good,12000000
1196.0,2,2,3,Metro City,Fully Furnished,2,Good,4500000
650.0,1,1,5,Metro City,Semi-Furnished,1,Excellent,2000000
1508.0,6,5,3,Metro City,Unfurnished,0,Excellent,24000000
1341.0,2,2,18,Metro City,Semi-Furnished,0,Excellent,7600000
2159.0,3,3,3,Metro City,Unfurnished,1,Poor,12000000
915.0,4,4,15,Tier-1 City,Unfurnished,2,Excellent,3300000
1070.0,2,2,6,Metro City,Semi-Furnished,2,Good,3900000
4400.0,2,3,23,Metro City,Fully Furnished,1,Excellent,47500000
1200.0,7,7,0,Metro City,Unfurnished,1,Good,22500000
1258.0,2,2,4,Tier-1 City,Semi-Furnished,1,Good,6100000
1100.0,2,2,8,Tier-2 City,Unfurnished,1,Good,2750000
1200.0,4,5,2,Tier-1 City,Semi-Furnished,0,Good,23250000
1014.0,2,2,7,Metro City,Unfurnished,2,Excellent,3500000
1075.0,2,2,18,Metro City,Semi-Furnished,1,Good,4300000
1200.0,2,2,18,Metro City,Unfurnished,2,Good,6600000
3600.0,5,5,0,Metro City,Unfurnished,1,Good,51000000
3400.0,4,4,1,Metro City,Semi-Furnished,2,Good,19000000
1677.0,3,3,3,Tier-2 City,Semi-Furnished,1,Good,3500000
1068.0,2,2,0,Metro City,Unfurnished,0,Good,4300000
1644.0,3,3,1,Metro City,Unfurnished,2,Excellent,9250000
1897.0,3,3,11,Metro City,Unfurnished,2,Good,12000000
1216.0,2,2,9,Metro City,Fully Furnished,2,Excellent,8400000
1380.0,3,2,1,Tier-2 City,Unfurnished,1,Good,1950000
1800.0,3,3,19,Metro City,Unfurnished,1,Excellent,9000000
1255.0,2,2,22,Rural Area,Unfurnished,2,Good,1000000
1276.0,2,2,9,Metro City,Semi-Furnished,2,Good,4500000
600.0,4,2,19,Metro City,Semi-Furnished,3,Good,7200000
1200.0,7,6,13,Metro City,Semi-Furnished,2,Good,14000000
997.0,2,2,21,Metro City,Semi-Furnished,2,Good,5300000
800.0,3,3,6,Tier-1 City,Fully Furnished,1,Poor,6500000
1532.0,3,3,11,Metro City,Semi-Furnished,1,Good,9200000
820.0,2,2,4,Tier-1 City,Fully Furnished,1,Excellent,3450000
1500.0,3,3,22,Metro City,Semi-Furnished,1,Excellent,9000000
912.0,3,2,1,Metro City,Unfurnished,0,Excellent,7000000
1200.0,2,2,21,Metro City,Semi-Furnished,0,Good,3450000
2400.0,4,5,14,Tier-1 City,Unfurnished,2,Excellent,18450000
1090.0,2,2,3,Metro City,Fully Furnished,1,Poor,5700000
1180.0,2,2,21,Metro City,Semi-Furnished,1,Good,6300000
1205.0,2,2,9,Metro City,Fully Furnished,1,Excellent,7500000
1680.0,3,3,2,Metro City,Semi-Furnished,2,Good,13000000
1440.0,5,5,3,Rural Area,Unfurnished,1,Good,1500000
1075.0,2,2,17,Tier-2 City,Unfurnished,3,Excellent,1550000
1000.0,2,2,22,Metro City,Unfurnished,1,Good,3500000
1225.0,2,2,15,Tier-1 City,Semi-Furnished,0,Poor,3250000
1041.0,2,2,1,Metro City,Fully Furnished,1,Excellent,5300000
1390.0,3,2,1,Metro City,Unfurnished,2,Excellent,7650000
1323.0,2,2,15,Metro City,Semi-Furnished,1,Excellent,7400000
1452.0,3,3,17,Metro City,Unfurnished,2,Excellent,6100000
900.0,2,2,4,Metro City,Semi-Furnished,3,Excellent,2700000
4000.0,4,4,1,Metro City,Unfurnished,1,Good,32500000
2400.0,3,3,12,Metro City,Semi-Furnished,2,Excellent,17700000
1700.0,3,3,0,Tier-2 City,Unfurnished,2,Poor,7650000
1153.0,2,2,25,Metro City,Semi-Furnished,2,Excellent,5800000
1750.0,3,3,21,Metro City,Unfurnished,2,Excellent,15000000
3000.0,6,7,5,Metro City,Semi-Furnished,1,Excellent,21000000
1655.0,3,3,6,Metro City,Unfurnished,1,Excellent,13100000
1344.0,2,2,17,Metro City,Semi-Furnished,1,Excellent,10800000
1679.0,3,3,9,Tier-1 City,Semi-Furnished,1,Poor,6550000
1000.0,2,2,7,Metro City,Unfurnished,1,Good,3600000
1000.0,2,2,21,Metro City,Fully Furnished,1,Good,3300000
1530.0,3,3,10,Metro City,Semi-Furnished,1,Excellent,10500000
1190.0,2,2,22,Metro City,Semi-Furnished,1,Excellent,10000000
610.0,1,1,2,Metro City,Semi-Furnished,0,Good,2800000
1133.0,2,2,9,Tier-1 City,Semi-Furnished,1,Good,2350000
1555.0,3,3,22,Tier-1 City,Unfurnished,3,Good,6050000
1600.0,3,3,0,Metro City,Semi-Furnished,2,Good,7200000
1050.0,4,3,4,Metro City,Semi-Furnished,1,Good,14700000
970.0,2,2,4,Metro City,Unfurnished,3,Good,3300000
1050.0,2,2,1,Metro City,Semi-Furnished,0,Good,7100000
1150.0,2,2,14,Metro City,Semi-Furnished,1,Good,5000000
850.0,1,1,18,Metro City,Unfurnished,1,Excellent,7800000
1896.0,3,3,0,Metro City,Semi-Furnished,1,Good,7500000
1000.0,2,2,23,Metro City,Unfurnished,0,Poor,4500000
1392.0,2,2,10,Metro City,Semi-Furnished,1,Good,9800000
1600.0,3,4,12,Tier-1 City,Semi-Furnished,0,Excellent,8500000
646.0,1,1,22,Metro City,Semi-Furnished,1,Good,2600000
1235.0,2,2,17,Metro City,Fully Furnished,0,Good,4700000
1750.0,3,3,4,Metro City,Semi-Furnished,2,Excellent,11000000
1045.0,2,2,6,Metro City,Unfurnished,1,Good,4800000
1100.0,2,2,1,Metro City,Semi-Furnished,2,Excellent,5000000
1100.0,2,2,23,Metro City,Semi-Furnished,0,Good,4500000
628.0,1,1,5,Metro City,Semi-Furnished,1,Good,2400000
1245.0,3,2,15,Metro City,Fully Furnished,1,Good,4350000
1450.0,2,2,6,Metro City,Unfurnished,0,Excellent,5600000
1350.0,2,2,6,Metro City,Semi-Furnished,1,Good,18500000
1500.0,2,2,0,Metro City,Fully Furnished,1,Good,7800000
1255.0,2,2,6,Metro City,Unfurnished,1,Poor,5450000
1125.0,2,2,2,Tier-2 City,Unfurnished,2,Good,2000000
3235.0,3,3,19,Metro City,Fully Furnished,2,Good,23500000
1095.0,2,2,2,Tier-1 City,Semi-Furnished,2,Poor,2750000
1176.0,2,2,2,Metro City,Semi-Furnished,1,Excellent,5000000
1380.0,3,2,1,Metro City,Unfurnished,1,Good,5200000
1255.0,2,2,10,Metro City,Fully Furnished,1,Excellent,5550000
1090.0,2,2,2,Metro City,Unfurnished,1,Good,3800000
734.0,1,1,14,Metro City,Fully Furnished,2,Good,2000000
3042.0,4,4,10,Tier-1 City,Unfurnished,1,Good,9300000
1185.0,2,2,19,Metro City,Fully Furnished,0,Good,5100000
2330.0,3,3,6,Metro City,Fully Furnished,1,Good,16200000
1174.0,2,2,16,Metro City,Unfurnished,0,Excellent,7400000
1047.0,2,2,12,Tier-2 City,Semi-Furnished,2,Good,3500000
856.0,2,2,6,Metro City,Semi-Furnished,2,Excellent,4000000
1700.0,3,3,5,Metro City,Fully Furnished,2,Good,8800000
1235.0,2,2,23,Metro City,Fully Furnished,1,Excellent,4950000
1690.0,3,3,25,Metro City,Unfurnished,3,Good,8500000
1600.0,3,2,1,Rural Area,Semi-Furnished,1,Good,1200000
1560.0,5,5,7,Tier-1 City,Fully Furnished,1,Poor,9100000
1086.0,2,2,2,Tier-2 City,Unfurnished,1,Good,1800000
1136.0,2,2,4,Metro City,Semi-Furnished,2,Excellent,6450000
1340.0,2,2,15,Metro City,Semi-Furnished,1,Good,6500000
600.0,1,1,4,Metro City,Unfurnished,1,Excellent,2000000
3435.0,4,2,5,Metro City,Fully Furnished,1,Excellent,34100000
1500.0,5,5,3,Metro City,Unfurnished,1,Good,17500000
900.0,2,2,1,Tier-1 City,Semi-Furnished,0,Excellent,3450000
1200.0,4,4,8,Metro City,Unfurnished,2,Good,20500000
1200.0,4,5,9,Metro City,Fully Furnished,0,Excellent,32500000
1090.0,2,2,18,Metro City,Semi-Furnished,1,Good,4350000
660.0,2,1,5,Metro City,Semi-Furnished,1,Poor,2300000
840.0,2,2,5,Metro City,Fully Furnished,1,Excellent,4500000
1200.0,3,3,3,Metro City,Semi-Furnished,1,Good,13000000
1400.0,3,2,10,Tier-1 City,Fully Furnished,0,Good,5550000
3000.0,7,6,13,Metro City,Unfurnished,2,Good,18000000
1602.0,2,2,18,Metro City,Fully Furnished,1,Good,10400000
1074.0,2,2,8,Metro City,Fully Furnished,1,Excellent,4300000
550.0,1,1,5,Metro City,Unfurnished,2,Good,1600000
1170.0,2,2,7,Metro City,Unfurnished,1,Good,8600000
2648.0,4,5,20,Metro City,Fully Furnished,1,Excellent,25150000
850.0,1,1,11,Tier-1 City,Semi-Furnished,1,Good,4150000
1200.0,6,6,12,Metro City,Fully Furnished,0,Excellent,13200000
1530.0,3,2,11,Metro City,Semi-Furnished,1,Good,7450000
1100.0,2,2,13,Tier-1 City,Unfurnished,1,Good,5150000
697.0,1,1,6,Rural Area,Semi-Furnished,1,Good,500000
2912.5,4,6,13,Metro City,Semi-Furnished,2,Excellent,12550000
1200.0,7,8,16,Tier-1 City,Semi-Furnished,0,Good,11050000
1600.0,3,3,12,Metro City,Unfurnished,1,Excellent,8500000
1300.0,3,2,10,Metro City,Fully Furnished,2,Good,3900000
2570.0,5,4,24,Metro City,Semi-Furnished,3,Excellent,14100000
1448.0,2,2,22,Metro City,Semi-Furnished,1,Good,6800000
1100.0,2,2,7,Metro City,Semi-Furnished,1,Poor,4800000
1000.0,2,2,21,Metro City,Semi-Furnished,2,Excellent,4500000
1332.0,2,2,4,Metro City,Semi-Furnished,1,Good,7900000
2400.0,9,8,0,Metro City,Fully Furnished,2,Poor,32500000
1280.0,2,2,12,Metro City,Fully Furnished,2,Excellent,7500000
1250.0,2,2,3,Tier-2 City,Unfurnished,1,Good,2300000
1216.0,2,2,8,Tier-1 City,Semi-Furnished,2,Good,4950000
1200.0,2,2,1,Metro City,Fully Furnished,1,Good,8200000
1000.0,2,2,18,Metro City,Semi-Furnished,1,Excellent,4000000
1090.0,2,2,2,Metro City,Semi-Furnished,1,Good,5200000
1408.0,3,3,20,Metro City,Unfurnished,1,Good,8000000
3850.0,3,3,12,Metro City,Semi-Furnished,1,Poor,65000000
1250.0,3,3,3,Metro City,Unfurnished,2,Excellent,3950000
10000.0,5,4,0,Metro City,Semi-Furnished,1,Good,97500000
1000.0,2,2,0,Metro City,Semi-Furnished,2,Excellent,3000000
950.0,3,3,15,Metro City,Semi-Furnished,0,Poor,13000000
1375.0,3,3,3,Metro City,Fully Furnished,0,Excellent,7000000
1112.0,2,2,6,Tier-2 City,Unfurnished,1,Poor,3650000
1025.0,3,2,11,Metro City,Unfurnished,0,Poor,4800000
1200.0,2,2,1,Metro City,Semi-Furnished,1,Good,5200000
3309.0,4,4,8,Metro City,Fully Furnished,1,Excellent,32500000
708.0,2,1,13,Tier-1 City,Unfurnished,1,Good,3050000
1165.0,2,2,10,Tier-1 City,Unfurnished,1,Good,4000000
539.0,1,1,6,Metro City,Fully Furnished,1,Good,4500000
1400.0,2,2,8,Tier-1 City,Fully Furnished,2,Good,5250000
1265.0,2,2,12,Tier-2 City,Unfurnished,3,Good,2150000
1450.0,3,3,10,Metro City,Semi-Furnished,2,Good,7500000
1350.0,2,2,6,Rural Area,Semi-Furnished,2,Good,1050000
1166.0,2,2,17,Metro City,Semi-Furnished,1,Excellent,3750000
1270.0,2,2,16,Tier-2 City,Fully Furnished,0,Good,4400000
1785.0,3,3,1,Metro City,Fully Furnished,1,Excellent,12000000
1355.0,3,2,2,Metro City,Fully Furnished,1,Excellent,6100000
1000.0,2,2,2,Metro City,Semi-Furnished,0,Good,3500000
1500.0,3,3,8,Metro City,Unfurnished,2,Good,10200000
1879.0,3,3,4,Tier-1 City,Semi-Furnished,1,Excellent,9600000
1016.0,2,2,5,Metro City,Semi-Furnished,2,Excellent,5800000
1210.0,2,2,6,Metro City,Unfurnished,1,Good,6000000
1305.0,3,2,0,Metro City,Fully Furnished,1,Poor,6900000
1200.0,3,3,9,Metro City,Semi-Furnished,2,Good,6600000
1436.0,3,3,10,Metro City,Unfurnished,0,Excellent,7000000
826.0,2,2,0,Metro City,Semi-Furnished,1,Excellent,3600000
1005.0,2,2,5,Metro City,Semi-Furnished,1,Excellent,3500000
1231.0,2,2,9,Metro City,Semi-Furnished,2,Excellent,8450000
3200.0,4,4,20,Metro City,Unfurnished,1,Excellent,28000000
1843.0,3,3,23,Metro City,Unfurnished,2,Good,8500000
2500.0,6,6,7,Metro City,Semi-Furnished,2,Good,8100000
1711.0,3,3,3,Metro City,Fully Furnished,0,Good,11000000
1436.0,3,2,19,Metro City,Semi-Furnished,2,Good,7500000
1109.0,2,2,14,Metro City,Fully Furnished,2,Poor,3500000
905.0,1,1,2,Metro City,Semi-Furnished,0,Poor,6200000
1026.0,2,2,12,Metro City,Unfurnished,1,Excellent,6100000
1192.0,3,2,16,Tier-1 City,Fully Furnished,0,Poor,4550000
1917.0,3,4,3,Metro City,Unfurnished,1,Good,10000000
900.0,6,6,3,Metro City,Fully Furnished,1,Good,17000000
1372.0,2,2,16,Tier-1 City,Unfurnished,1,Good,3600000
1587.0,3,3,4,Metro City,Fully Furnished,0,Good,7400000
921.0,2,2,5,Tier-1 City,Fully Furnished,1,Good,2100000
1243.0,2,2,8,Tier-1 City,Unfurnished,1,Good,3200000
1100.0,2,1,23,Metro City,Unfurnished,2,Excellent,4500000
2400.0,2,1,0,Rural Area,Unfurnished,1,Excellent,1300000
1250.0,2,2,7,Metro City,Fully Furnished,0,Good,5200000
1205.0,2,2,4,Metro City,Unfurnished,1,Poor,7400000
3400.0,4,5,11,Metro City,Semi-Furnished,1,Good,24000000
2735.0,3,4,3,Metro City,Semi-Furnished,1,Good,34000000
2062.0,4,3,11,Metro City,Fully Furnished,2,Good,14000000
1195.0,2,2,25,Metro City,Unfurnished,1,Poor,7000000
1216.0,2,2,8,Metro City,Unfurnished,2,Good,7300000
1452.0,3,3,17,Rural Area,Semi-Furnished,2,Excellent,750000
2230.0,4,4,5,Metro City,Unfurnished,1,Excellent,79200000
1410.0,3,2,0,Metro City,Semi-Furnished,1,Excellent,4950000
1431.0,3,3,14,Metro City,Fully Furnished,0,Poor,8500000
1210.0,2,2,21,Rural Area,Semi-Furnished,1,Good,600000
923.0,2,2,0,Metro City,Unfurnished,2,Good,5000000
980.0,2,2,0,Metro City,Unfurnished,1,Excellent,4550000
1200.0,2,2,14,Metro City,Semi-Furnished,1,Excellent,4600000
1200.0,3,3,12,Tier-1 City,Semi-Furnished,2,Excellent,11350000
435.0,1,1,10,Metro City,Fully Furnished,2,Poor,1950000
994.0,2,2,4,Tier-2 City,Fully Furnished,2,Good,1500000
702.0,1,1,0,Metro City,Semi-Furnished,1,Good,5200000
1200.0,2,2,4,Tier-2 City,Unfurnished,1,Good,1600000
1160.0,2,2,19,Metro City,Semi-Furnished,1,Excellent,4400000
1200.0,5,4,3,Metro City,Unfurnished,1,Excellent,9500000
1200.0,5,4,13,Metro City,Semi-Furnished,2,Poor,24000000
1570.0,3,3,8,Metro City,Semi-Furnished,1,Good,8000000
1240.0,2,2,18,Metro City,Semi-Furnished,1,Excellent,6500000
1715.0,3,3,8,Metro City,Fully Furnished,1,Good,11200000
4850.0,4,6,7,Metro City,Unfurnished,1,Good,38500000
500.0,5,3,7,Metro City,Fully Furnished,1,Excellent,6500000
1209.0,3,2,6,Tier-1 City,Semi-Furnished,2,Excellent,4500000
1075.0,3,2,1,Rural Area,Unfurnished,3,Good,650000
1880.0,3,3,14,Rural Area,Fully Furnished,3,Good,1400000
1476.0,3,3,4,Metro City,Unfurnished,2,Good,7500000
1830.0,3,4,11,Metro City,Semi-Furnished,0,Good,13500000
1125.0,2,2,7,Tier-2 City,Semi-Furnished,1,Good,1000000
1200.0,6,6,14,Tier-1 City,Semi-Furnished,1,Excellent,12400000
2600.0,3,3,1,Metro City,Semi-Furnished,2,Good,16000000
1255.0,3,2,2,Rural Area,Unfurnished,1,Good,850000
1150.0,2,2,14,Metro City,Semi-Furnished,1,Good,5300000
1690.0,3,2,1,Metro City,Unfurnished,1,Excellent,11600000
1505.0,3,2,3,Metro City,Fully Furnished,2,Excellent,6000000
654.0,1,1,6,Tier-1 City,Semi-Furnished,2,Good,2600000
3750.0,4,5,0,Tier-1 City,Semi-Furnished,3,Excellent,9600000
823.0,2,2,18,Metro City,Fully Furnished,1,Good,2800000
1180.0,2,2,9,Metro City,Unfurnished,1,Good,4000000
1300.0,6,6,12,Metro City,Fully Furnished,1,Good,9900000
2250.0,3,3,0,Metro City,Semi-Furnished,1,Excellent,19900000
1260.0,2,2,23,Tier-2 City,Unfurnished,1,Good,1550000
1120.0,8,8,2,Metro City,Fully Furnished,1,Good,14500000
600.0,4,5,19,Metro City,Fully Furnished,0,Good,11000000
1300.0,2,2,8,Metro City,Semi-Furnished,0,Excellent,5600000
1500.0,3,3,4,Metro City,Semi-Furnished,1,Good,9500000
1500.0,5,6,0,Metro City,Semi-Furnished,0,Poor,15500000
800.0,2,1,9,Metro City,Semi-Furnished,1,Good,9000000
1664.0,3,3,1,Metro City,Unfurnished,2,Good,7000000
1100.0,2,2,4,Metro City,Fully Furnished,1,Good,4400000
1100.0,3,3,3,Metro City,Fully Furnished,1,Good,5300000
1065.0,2,2,1,Tier-1 City,Semi-Furnished,1,Poor,3150000
937.0,2,2,15,Metro City,Semi-Furnished,1,Good,3500000
4041.0,4,4,5,Metro City,Unfurnished,3,Good,34500000
2100.0,3,3,17,Rural Area,Unfurnished,2,Good,2550000
690.0,2,2,3,Tier-2 City,Unfurnished,2,Good,1350000
1160.0,2,2,17,Metro City,Semi-Furnished,0,Good,4200000
1050.0,1,2,0,Rural Area,Unfurnished,0,Excellent,600000
1390.0,2,2,9,Metro City,Fully Furnished,0,Good,7200000
2010.0,3,3,21,Tier-1 City,Unfurnished,2,Excellent,5700000
1725.0,3,3,5,Metro City,Semi-Furnished,1,Good,9000000
2100.0,4,4,8,Metro City,Semi-Furnished,1,Good,9000000
1110.0,3,2,16,Metro City,Fully Furnished,0,Good,3000000
900.0,2,2,15,Tier-2 City,Unfurnished,1,Good,1050000
1190.0,2,2,21,Metro City,Unfurnished,1,Good,7000000
1633.0,3,3,20,Metro City,Unfurnished,2,Excellent,11000000
1000.0,2,2,4,Tier-1 City,Semi-Furnished,1,Good,1550000
1378.0,3,2,6,Metro City,Semi-Furnished,1,Poor,4250000
711.0,1,1,24,Tier-1 City,Semi-Furnished,1,Good,2800000
860.0,2,1,4,Metro City,Unfurnished,1,Excellent,3100000
1232.0,2,2,1,Metro City,Unfurnished,1,Good,6950000
1270.0,2,2,18,Metro City,Fully Furnished,1,Excellent,9300000
1222.0,2,2,1,Metro City,Unfurnished,1,Poor,8000000
1531.0,3,2,18,Metro City,Semi-Furnished,2,Good,7500000
6500.0,4,4,6,Metro City,Unfurnished,1,Good,140000000
1210.0,3,2,14,Metro City,Semi-Furnished,2,Excellent,8100000
1200.0,2,2,20,Metro City,Semi-Furnished,0,Excellent,12500000
957.0,2,2,3,Metro City,Semi-Furnished,1,Poor,5800000
1102.0,2,2,8,Tier-2 City,Unfurnished,0,Good,1400000
1335.0,3,3,3,Metro City,Fully Furnished,1,Good,8900000
1800.0,4,2,8,Metro City,Fully Furnished,1,Good,28000000
700.0,2,1,5,Tier-1 City,Unfurnished,2,Good,1700000
1388.0,2,2,2,Metro City,Unfurnished,2,Good,5700000
1874.0,3,4,16,Metro City,Fully Furnished,1,Good,13000000
1035.0,2,2,18,Tier-1 City,Fully Furnished,1,Excellent,3200000
1180.0,2,2,16,Metro City,Semi-Furnished,3,Good,5000000
920.0,4,2,6,Metro City,Unfurnished,2,Good,9000000
3480.0,3,4,15,Metro City,Unfurnished,3,Excellent,28400000
1200.0,5,5,1,Metro City,Semi-Furnished,1,Good,30000000
1050.0,2,2,14,Metro City,Unfurnished,3,Good,7700000
1099.0,2,2,15,Metro City,Semi-Furnished,1,Excellent,3750000
1200.0,2,2,5,Metro City,Semi-Furnished,1,Good,3600000
1157.0,3,2,9,Metro City,Unfurnished,1,Excellent,5800000
1355.0,3,2,3,Rural Area,Fully Furnished,1,Good,500000
1146.0,2,2,17,Metro City,Semi-Furnished,1,Good,5000000
1495.0,2,2,11,Metro City,Semi-Furnished,1,Poor,7800000
1220.0,2,2,3,Metro City,Unfurnished,3,Excellent,6000000
1200.0,4,4,21,Metro City,Semi-Furnished,1,Good,21000000
650.0,2,2,11,Rural Area,Semi-Furnished,0,Good,700000
1025.0,2,2,8,Metro City,Fully Furnished,1,Good,4250000
500.0,1,1,7,Metro City,Semi-Furnished,2,Good,3300000
1255.0,3,2,3,Metro City,Semi-Furnished,1,Excellent,9500000
900.0,2,2,18,Metro City,Fully Furnished,2,Good,5600000
1800.0,5,6,19,Metro City,Semi-Furnished,1,Good,4450000
606.0,1,1,15,Metro City,Unfurnished,1,Good,3500000
1080.0,2,2,7,Tier-1 City,Semi-Furnished,2,Good,2950000
1760.0,3,3,10,Metro City,Semi-Furnished,2,Good,11500000
3596.0,4,5,9,Metro City,Fully Furnished,0,Poor,26000000
1036.0,2,2,10,Tier-2 City,Unfurnished,1,Poor,1550000
1740.0,3,3,18,Metro City,Unfurnished,0,Good,6000000
909.0,3,2,1,Rural Area,Fully Furnished,1,Good,700000
2900.0,4,4,12,Metro City,Semi-Furnished,1,Good,24000000
1287.0,3,3,7,Metro City,Unfurnished,1,Good,5500000
1150.0,3,3,4,Metro City,Semi-Furnished,2,Good,4600000
812.0,1,1,1,Metro City,Unfurnished,3,Good,2600000
975.0,2,2,2,Tier-2 City,Unfurnished,1,Good,1950000
1500.0,3,3,5,Metro City,Fully Furnished,2,Good,9000000
1021.0,3,3,4,Metro City,Semi-Furnished,2,Excellent,5900000
1200.0,6,3,12,Metro City,Fully Furnished,1,Poor,12500000
1787.0,3,3,13,Metro City,Semi-Furnished,1,Excellent,12000000
1140.0,2,2,10,Metro City,Semi-Furnished,1,Good,5600000
1890.0,3,4,16,Metro City,Semi-Furnished,1,Excellent,12500000
1050.0,2,2,2,Metro City,Fully Furnished,1,Good,5800000
2119.0,4,4,3,Tier-2 City,Fully Furnished,1,Excellent,3550000
1100.0,2,2,20,Metro City,Fully Furnished,0,Good,4800000
1720.0,3,3,15,Metro City,Semi-Furnished,1,Good,22400000
1484.0,3,2,9,Metro City,Semi-Furnished,1,Excellent,5650000
4273.0,3,3,2,Metro City,Semi-Furnished,1,Poor,110000000
1074.0,2,2,20,Tier-2 City,Unfurnished,1,Poor,900000
1166.0,6,6,2,Metro City,Semi-Furnished,2,Good,13500000
1630.0,3,3,1,Metro City,Fully Furnished,0,Good,6800000
1400.0,2,2,1,Metro City,Semi-Furnished,1,Excellent,6700000
1100.0,2,2,5,Metro City,Semi-Furnished,1,Good,4700000
1800.0,3,3,5,Rural Area,Fully Furnished,1,Good,750000
1104.0,2,2,6,Tier-1 City,Unfurnished,2,Good,2250000
1400.0,3,3,9,Metro City,Unfurnished,1,Good,7500000
3204.0,3,4,10,Tier-1 City,Fully Furnished,1,Good,27350000
1215.0,2,2,9,Metro City,Unfurnished,2,Good,5900000
1184.0,2,2,4,Metro City,Semi-Furnished,2,Good,5500000
800.0,4,4,22,Metro City,Semi-Furnished,0,Poor,11000000
1318.0,3,2,1,Rural Area,Semi-Furnished,1,Excellent,1350000
1500.0,3,3,4,Metro City,Fully Furnished,0,Good,9500000
1179.0,2,2,18,Tier-2 City,Unfurnished,0,Excellent,3200000
1314.0,2,2,24,Metro City,Semi-Furnished,1,Good,5500000
5000.0,4,4,4,Metro City,Semi-Furnished,1,Good,40000000
1164.0,2,2,15,Metro City,Semi-Furnished,1,Poor,7500000
1425.0,3,2,6,Metro City,Semi-Furnished,1,Excellent,6500000
1332.0,2,2,0,Metro City,Unfurnished,1,Poor,10100000
1200.0,5,5,0,Metro City,Unfurnished,1,Good,12500000
1184.0,2,2,6,Metro City,Unfurnished,1,Good,7800000
525.0,1,1,8,Metro City,Fully Furnished,2,Good,3000000
1250.0,3,3,3,Metro City,Semi-Furnished,2,Good,13900000
1650.0,3,3,11,Metro City,Unfurnished,1,Good,11100000
1150.0,2,2,14,Tier-2 City,Semi-Furnished,0,Excellent,2550000
1335.0,3,2,2,Metro City,Unfurnished,0,Excellent,8700000
1839.0,3,3,16,Metro City,Unfurnished,1,Good,13000000
1100.0,2,2,2,Metro City,Semi-Furnished,1,Good,5000000
1329.0,2,2,20,Metro City,Semi-Furnished,1,Good,10700000
1600.0,4,3,3,Metro City,Unfurnished,2,Poor,14000000
1200.0,2,3,13,Tier-2 City,Unfurnished,2,Excellent,2200000
2400.0,3,2,4,Tier-2 City,Unfurnished,1,Poor,6500000
2400.0,2,2,13,Metro City,Unfurnished,2,Excellent,12500000
1150.0,2,2,9,Tier-1 City,Semi-Furnished,2,Poor,3500000
1847.0,3,3,2,Metro City,Semi-Furnished,1,Excellent,11000000
3000.0,4,4,6,Metro City,Unfurnished,1,Excellent,14000000
1200.0,4,4,0,Metro City,Semi-Furnished,3,Good,23000000
1220.0,2,2,5,Metro City,Unfurnished,2,Excellent,4450000
3000.0,5,3,1,Metro City,Semi-Furnished,2,Good,52800000
1150.0,2,2,4,Metro City,Semi-Furnished,1,Good,7400000
1350.0,3,3,23,Metro City,Semi-Furnished,0,Good,6000000
2000.0,3,2,1,Tier-1 City,Semi-Furnished,3,Excellent,12300000
2100.0,3,3,13,Metro City,Fully Furnished,1,Good,14000000
2120.0,3,3,2,Metro City,Unfurnished,1,Excellent,17700000
1580.0,3,3,0,Metro City,Unfurnished,3,Good,5350000
2176.0,3,3,9,Metro City,Semi-Furnished,1,Good,34800000
2500.0,5,4,3,Metro City,Unfurnished,1,Good,10000000
1305.0,2,2,12,Metro City,Semi-Furnished,2,Good,6700000
777.4,2,2,5,Metro City,Fully Furnished,2,Good,2500000
3416.5,4,6,10,Metro City,Semi-Furnished,1,Good,14300000
1115.0,2,2,0,Metro City,Semi-Furnished,1,Good,5000000
1080.0,2,2,16,Metro City,Fully Furnished,1,Excellent,3500000
1760.0,3,3,0,Metro City,Semi-Furnished,1,Good,18500000
1884.0,3,3,4,Tier-2 City,Semi-Furnished,0,Good,3550000
1385.0,3,3,18,Metro City,Fully Furnished,1,Good,6700000
1819.0,3,3,19,Metro City,Unfurnished,1,Good,10000000
1519.0,3,3,19,Metro City,Semi-Furnished,1,Good,9300000
1350.0,3,2,7,Metro City,Semi-Furnished,1,Excellent,8100000
880.0,2,2,2,Rural Area,Unfurnished,1,Excellent,500000
1155.0,2,2,11,Metro City,Unfurnished,0,Poor,6900000
946.0,3,3,15,Metro City,Unfurnished,1,Excellent,14000000
1160.0,2,2,9,Metro City,Unfurnished,0,Good,4200000
717.0,5,5,4,Metro City,Unfurnished,0,Good,7800000
1250.0,2,2,7,Metro City,Unfurnished,1,Good,9800000
1205.0,2,2,21,Metro City,Unfurnished,0,Good,2900000
1588.0,3,3,19,Metro City,Fully Furnished,1,Good,7550000
1490.0,3,3,3,Metro City,Semi-Furnished,0,Good,10000000
1265.0,2,2,0,Rural Area,Unfurnished,0,Good,650000
1050.0,2,2,4,Metro City,Unfurnished,0,Good,3800000
1760.0,3,3,7,Metro City,Unfurnished,0,Good,8800000
1070.0,2,2,8,Tier-1 City,Fully Furnished,0,Good,3000000
1100.0,2,2,14,Metro City,Semi-Furnished,3,Excellent,4000000
1200.0,2,2,22,Metro City,Unfurnished,0,Good,4600000
1581.0,3,3,15,Metro City,Fully Furnished,1,Excellent,7600000
1075.0,3,2,15,Metro City,Semi-Furnished,2,Good,3300000
1110.0,2,2,3,Metro City,Fully Furnished,2,Excellent,4000000
1680.0,3,3,16,Tier-2 City,Unfurnished,2,Good,3700000
1155.0,2,2,1,Metro City,Unfurnished,3,Good,5450000
1076.0,2,2,10,Metro City,Fully Furnished,1,Good,5000000
1240.0,2,2,11,Tier-1 City,Unfurnished,1,Good,3150000
1200.0,4,4,21,Metro City,Unfurnished,0,Good,9500000
985.0,2,2,6,Metro City,Unfurnished,1,Excellent,2500000
1101.0,2,2,4,Metro City,Fully Furnished,1,Good,4500000
1430.0,3,2,15,Metro City,Fully Furnished,1,Good,6950000
5230.0,4,6,17,Metro City,Semi-Furnished,2,Excellent,46500000
705.0,1,1,19,Metro City,Unfurnished,2,Good,3650000
700.0,1,1,12,Metro City,Unfurnished,3,Good,15000000
1090.0,2,2,18,Rural Area,Fully Furnished,1,Good,600000
1425.0,3,1,21,Metro City,Unfurnished,0,Good,5400000
1050.0,8,5,3,Tier-2 City,Fully Furnished,0,Good,3700000
1235.0,2,2,12,Metro City,Semi-Furnished,1,Excellent,5300000
6000.0,4,4,14,Metro City,Fully Furnished,0,Good,62500000
914.0,2,2,12,Metro City,Fully Furnished,1,Excellent,3200000
600.0,5,3,13,Tier-2 City,Unfurnished,1,Good,2200000
1500.0,3,3,5,Metro City,Fully Furnished,2,Good,6750000
605.0,1,1,19,Metro City,Fully Furnished,0,Good,3000000
1654.0,3,3,9,Metro City,Semi-Furnished,2,Good,10000000
1645.0,3,3,24,Metro City,Unfurnished,2,Good,9500000
1275.0,3,3,0,Metro City,Semi-Furnished,2,Good,5500000
3300.0,3,4,0,Metro City,Semi-Furnished,2,Excellent,16000000
3033.0,4,4,11,Tier-2 City,Unfurnished,1,Good,14550000
1020.0,1,2,24,Metro City,Unfurnished,1,Good,5000000
1320.0,2,2,3,Metro City,Semi-Furnished,1,Good,5000000
1392.0,2,2,13,Metro City,Fully Furnished,0,Excellent,9500000
1072.0,2,2,4,Metro City,Unfurnished,2,Good,4500000
1856.0,3,3,0,Metro City,Semi-Furnished,3,Poor,13500000
1432.0,3,2,0,Metro City,Unfurnished,1,Good,6100000
3100.0,5,6,24,Metro City,Semi-Furnished,2,Good,16500000
1007.0,2,2,19,Tier-2 City,Semi-Furnished,1,Good,1350000
1300.0,3,2,5,Metro City,Fully Furnished,3,Excellent,5800000
1057.0,2,2,2,Metro City,Fully Furnished,0,Good,6500000
1089.0,2,2,2,Metro City,Unfurnished,1,Excellent,4350000
1550.0,3,3,18,Metro City,Semi-Furnished,1,Good,12000000
1220.0,2,2,9,Metro City,Semi-Furnished,2,Excellent,4200000
1200.0,3,3,13,Metro City,Fully Furnished,0,Good,20000000
2900.0,4,3,11,Metro City,Unfurnished,2,Poor,30000000
1340.0,2,2,5,Tier-2 City,Unfurnished,0,Good,2400000
1360.0,3,2,13,Metro City,Semi-Furnished,1,Excellent,8500000
4000.0,4,4,1,Tier-1 City,Unfurnished,1,Good,30000000
1340.0,3,2,1,Tier-1 City,Semi-Furnished,0,Excellent,4000000
1138.0,2,2,1,Metro City,Fully Furnished,0,Good,3200000
1330.0,3,2,6,Metro City,Fully Furnished,0,Good,5700000
1156.0,2,2,9,Metro City,Fully Furnished,1,Good,4600000
1240.0,2,2,6,Metro City,Unfurnished,1,Poor,4050000
1200.0,2,2,0,Metro City,Unfurnished,0,Poor,4600000
2400.0,4,5,0,Metro City,Semi-Furnished,1,Excellent,55000000
3480.0,3,4,15,Rural Area,Unfurnished,3,Excellent,3400000
2750.0,4,5,9,Metro City,Semi-Furnished,2,Excellent,24000000
644.0,1,1,21,Metro City,Semi-Furnished,2,Excellent,3200000
1591.0,3,3,12,Metro City,Semi-Furnished,2,Poor,11500000
1403.0,3,3,5,Metro City,Fully Furnished,0,Good,5600000
1200.0,2,2,3,Metro City,Semi-Furnished,0,Good,5200000
1350.0,3,2,0,Metro City,Unfurnished,1,Good,4700000
2495.0,3,3,9,Metro City,Semi-Furnished,0,Good,13000000
1415.0,2,2,12,Metro City,Semi-Furnished,0,Poor,11000000
975.0,2,2,22,Tier-2 City,Unfurnished,0,Good,1000000
1442.0,3,3,7,Rural Area,Unfurnished,1,Excellent,1450000
1278.0,2,2,1,Metro City,Fully Furnished,1,Excellent,9000000
983.0,2,2,14,Metro City,Unfurnished,1,Good,5050000
1364.0,3,2,0,Metro City,Semi-Furnished,1,Excellent,5600000
1255.0,3,3,16,Metro City,Semi-Furnished,0,Excellent,7750000
1200.0,3,3,13,Metro City,Semi-Furnished,2,Good,12000000
1730.0,3,3,10,Metro City,Unfurnished,1,Good,9500000
669.0,1,1,2,Metro City,Unfurnished,2,Good,3700000
3467.86,4,6,9,Rural Area,Semi-Furnished,1,Excellent,3600000
1040.0,2,2,8,Metro City,Fully Furnished,1,Good,4500000
907.0,2,2,6,Metro City,Fully Furnished,1,Excellent,4000000
1200.0,2,2,22,Metro City,Semi-Furnished,1,Good,4500000
2461.0,4,6,9,Tier-2 City,Semi-Furnished,2,Excellent,10300000
1018.0,2,2,2,Metro City,Semi-Furnished,1,Good,2350000
1410.0,3,3,22,Metro City,Semi-Furnished,1,Excellent,4350000
937.0,2,2,4,Metro City,Fully Furnished,1,Poor,4400000
1500.0,2,2,2,Metro City,Fully Furnished,0,Good,18500000
1050.0,2,2,12,Metro City,Semi-Furnished,0,Good,5550000
3489.0,3,3,8,Metro City,Fully Furnished,2,Good,66200000
1550.0,3,3,15,Metro City,Semi-Furnished,3,Good,8500000
1300.0,3,2,5,Metro City,Fully Furnished,1,Excellent,5100000
1810.0,3,3,11,Metro City,Unfurnished,1,Good,11800000
1615.0,3,3,3,Metro City,Semi-Furnished,1,Good,9700000
1960.0,3,3,14,Metro City,Semi-Furnished,1,Good,13800000
1375.0,3,2,13,Metro City,Semi-Furnished,1,Good,5000000
1435.0,3,2,1,Metro City,Unfurnished,0,Poor,6000000
1551.0,3,2,0,Metro City,Semi-Furnished,1,Good,6000000
1560.0,3,2,6,Metro City,Unfurnished,2,Excellent,6250000
1875.0,3,3,12,Metro City,Semi-Furnished,1,Excellent,16500000
3550.0,4,4,11,Metro City,Semi-Furnished,1,Good,16750000
1062.0,2,2,2,Metro City,Semi-Furnished,2,Excellent,4250000
2155.0,4,3,23,Metro City,Unfurnished,1,Good,12500000
1200.0,3,3,16,Metro City,Semi-Furnished,1,Good,13000000
1343.0,3,2,8,Metro City,Semi-Furnished,1,Excellent,5650000
1718.0,3,3,0,Metro City,Fully Furnished,1,Good,13000000
1080.0,2,2,15,Metro City,Fully Furnished,3,Excellent,4300000
1340.0,2,2,1,Metro City,Semi-Furnished,1,Good,7500000
560.0,2,2,3,Metro City,Fully Furnished,1,Excellent,2200000
1450.0,4,3,2,Metro City,Unfurnished,1,Good,13200000
1483.0,2,2,11,Metro City,Semi-Furnished,2,Good,9800000
1609.0,3,3,10,Metro City,Semi-Furnished,1,Good,11500000
2439.0,4,4,18,Metro City,Semi-Furnished,1,Poor,17000000
1020.0,2,2,20,Metro City,Semi-Furnished,1,Good,4850000
2880.0,3,3,2,Metro City,Unfurnished,2,Good,50100000
4190.0,4,4,6,Metro City,Semi-Furnished,2,Good,38000000
3500.0,4,4,16,Rural Area,Semi-Furnished,0,Good,4150000
1444.0,3,2,12,Metro City,Semi-Furnished,1,Poor,8000000
1500.0,3,3,5,Metro City,Semi-Furnished,0,Good,7200000
1320.0,2,2,13,Metro City,Fully Furnished,1,Excellent,9000000
2230.0,4,4,18,Metro City,Semi-Furnished,1,Good,13000000
1715.0,3,3,2,Metro City,Semi-Furnished,2,Good,11200000
2990.0,4,3,6,Metro City,Semi-Furnished,1,Excellent,19800000
1293.0,2,2,15,Metro City,Semi-Furnished,2,Excellent,8000000
1185.0,2,2,1,Tier-1 City,Fully Furnished,1,Good,3600000
1910.0,3,3,1,Metro City,Semi-Furnished,1,Good,16100000
1936.0,3,2,21,Rural Area,Unfurnished,0,Excellent,650000
1450.0,3,3,8,Metro City,Semi-Furnished,0,Excellent,8850000
2500.0,8,8,9,Metro City,Semi-Furnished,2,Excellent,9500000
1240.0,3,2,10,Metro City,Unfurnished,3,Good,8300000
1025.0,2,2,4,Tier-2 City,Semi-Furnished,0,Excellent,1300000
1285.0,2,2,14,Metro City,Unfurnished,1,Good,6500000
825.0,1,1,11,Metro City,Unfurnished,2,Good,3550000
1199.0,2,2,10,Metro City,Unfurnished,0,Poor,8500000
1308.0,3,2,4,Metro City,Fully Furnished,1,Excellent,5300000
1225.0,2,2,9,Metro City,Semi-Furnished,2,Good,7700000
1100.0,2,2,8,Metro City,Unfurnished,1,Good,4400000
1275.0,3,2,19,Metro City,Fully Furnished,0,Poor,4400000
1116.0,2,2,12,Metro City,Semi-Furnished,2,Good,3750000
1470.0,8,6,16,Metro City,Semi-Furnished,2,Excellent,30000000
1726.0,3,3,3,Metro City,Unfurnished,0,Poor,14500000
1396.0,3,2,15,Metro City,Semi-Furnished,1,Good,8650000
1200.0,9,9,10,Metro City,Fully Furnished,1,Good,14500000
1022.0,2,2,6,Metro City,Semi-Furnished,1,Good,4600000
425.0,1,1,12,Metro City,Fully Furnished,1,Excellent,75000000
6830.0,4,5,2,Metro City,Semi-Furnished,1,Good,79500000
1820.0,3,3,0,Metro City,Semi-Furnished,1,Excellent,9300000
1738.0,3,2,3,Metro City,Fully Furnished,1,Good,7600000
1420.0,3,2,5,Metro City,Unfurnished,0,Poor,10000000
1893.0,3,3,18,Metro City,Unfurnished,2,Good,13000000
509.0,1,1,0,Metro City,Unfurnished,1,Excellent,2000000
3035.0,4,5,17,Tier-1 City,Fully Furnished,1,Excellent,12350000
545.0,2,2,4,Metro City,Fully Furnished,1,Poor,2250000
2430.0,3,4,3,Tier-1 City,Semi-Furnished,2,Excellent,11050000
1480.0,3,3,17,Metro City,Semi-Furnished,1,Good,6500000
3131.0,4,4,9,Tier-1 City,Fully Furnished,0,Poor,27550000
925.0,2,2,0,Metro City,Semi-Furnished,3,Good,4800000
1500.0,2,2,6,Metro City,Semi-Furnished,0,Good,14000000
2500.0,3,3,2,Metro City,Unfurnished,2,Excellent,26800000
975.0,2,2,17,Metro City,Fully Furnished,2,Good,4300000
1690.0,3,3,5,Metro City,Semi-Furnished,2,Excellent,11600000
1444.0,2,2,0,Metro City,Semi-Furnished,1,Good,7600000
1215.0,2,2,1,Tier-1 City,Fully Furnished,1,Good,3700000
2400.0,5,6,13,Metro City,Semi-Furnished,1,Good,12500000
3175.0,4,4,10,Rural Area,Fully Furnished,1,Excellent,2250000
350.0,1,1,16,Metro City,Semi-Furnished,0,Good,1350000
1800.0,3,3,22,Metro City,Unfurnished,0,Poor,15000000
6688.0,4,6,3,Metro City,Semi-Furnished,0,Excellent,70000000
2776.0,3,4,10,Metro City,Semi-Furnished,1,Good,19500000
635.0,1,1,8,Tier-1 City,Fully Furnished,1,Good,2050000
1300.0,2,2,19,Metro City,Semi-Furnished,2,Excellent,7000000
1350.0,3,2,7,Metro City,Unfurnished,1,Good,6800000
2336.5,3,3,6,Rural Area,Semi-Furnished,2,Good,1450000
1500.0,3,2,1,Metro City,Unfurnished,0,Excellent,12000000
700.0,1,1,6,Metro City,Unfurnished,0,Excellent,4100000
1200.0,3,2,15,Metro City,Unfurnished,0,Good,6600000
905.0,2,2,7,Metro City,Fully Furnished,2,Good,4000000
600.0,5,6,20,Metro City,Unfurnished,0,Good,7200000
1701.0,2,2,0,Rural Area,Unfurnished,0,Good,1600000
1680.0,3,3,16,Rural Area,Unfurnished,2,Good,1150000
1650.0,3,3,10,Metro City,Fully Furnished,2,Excellent,12200000
1268.0,2,2,18,Tier-2 City,Semi-Furnished,2,Excellent,1750000
1263.0,2,2,5,Metro City,Fully Furnished,1,Good,9350000
1933.0,3,3,1,Metro City,Unfurnished,1,Good,14000000
1200.0,2,2,8,Metro City,Semi-Furnished,3,Good,6500000
3300.0,4,4,17,Metro City,Unfurnished,1,Poor,13500000
1625.0,3,2,16,Metro City,Unfurnished,3,Good,7500000
1914.0,3,3,0,Tier-2 City,Unfurnished,0,Excellent,6350000
1690.0,3,3,5,Metro City,Semi-Furnished,2,Good,12500000
1600.0,3,2,13,Metro City,Semi-Furnished,1,Good,6500000
1033.0,3,2,18,Metro City,Semi-Furnished,1,Excellent,2850000
1200.0,7,7,0,Rural Area,Semi-Furnished,1,Good,2650000
1385.0,3,2,12,Metro City,Semi-Furnished,0,Good,6650000
1170.0,2,2,8,Metro City,Fully Furnished,2,Good,12000000
1162.0,2,2,11,Metro City,Semi-Furnished,1,Good,4800000
1160.0,2,2,5,Metro City,Fully Furnished,2,Good,4650000
2500.0,5,4,2,Metro City,Semi-Furnished,2,Good,65000000
1886.0,3,3,7,Metro City,Fully Furnished,1,Good,20500000
1532.0,3,3,13,Metro City,Fully Furnished,0,Poor,11500000
1040.0,2,2,2,Metro City,Unfurnished,1,Good,6100000
1200.0,6,4,4,Metro City,Semi-Furnished,2,Good,11500000
1200.0,6,4,0,Metro City,Fully Furnished,2,Excellent,9000000
1440.0,3,3,24,Metro City,Unfurnished,1,Excellent,27500000
1225.0,2,2,6,Rural Area,Unfurnished,2,Good,500000
856.0,2,2,4,Metro City,Fully Furnished,2,Good,4800000
1296.0,2,2,7,Metro City,Semi-Furnished,2,Good,8900000
1430.0,3,2,7,Metro City,Unfurnished,0,Excellent,5600000
1691.0,3,3,0,Metro City,Semi-Furnished,1,Good,9300000
1090.0,2,2,6,Metro City,Semi-Furnished,1,Good,4750000
1200.0,3,3,5,Metro City,Unfurnished,2,Excellent,6800000
2805.0,4,5,14,Metro City,Unfurnished,2,Poor,16000000
2041.0,3,3,14,Metro City,Semi-Furnished,1,Good,13800000
432.0,2,2,7,Metro City,Fully Furnished,1,Good,6500000
4395.0,4,4,11,Tier-1 City,Unfurnished,0,Good,19750000
1216.0,2,2,21,Metro City,Unfurnished,1,Excellent,7500000
1200.0,3,3,11,Metro City,Unfurnished,0,Good,7600000
6652.0,4,6,9,Metro City,Semi-Furnished,1,Good,51000000
1344.0,3,2,3,Metro City,Semi-Furnished,1,Good,4200000
1150.0,3,3,5,Metro City,Unfurnished,1,Good,8000000
1250.0,3,3,21,Metro City,Semi-Furnished,1,Good,3950000
2690.0,4,4,25,Metro City,Unfurnished,1,Excellent,19900000
1020.0,2,2,5,Tier-2 City,Semi-Furnished,1,Good,1500000
958.0,2,2,3,Metro City,Fully Furnished,1,Good,3350000
525.0,1,1,24,Metro City,Unfurnished,1,Good,2700000
1285.0,2,2,6,Metro City,Semi-Furnished,1,Good,5500000
1210.0,2,2,11,Metro City,Fully Furnished,1,Good,5400000
1200.0,3,2,25,Metro City,Semi-Furnished,0,Good,5500000
1719.0,3,3,0,Metro City,Fully Furnished,1,Excellent,18400000
1230.0,2,2,8,Metro City,Fully Furnished,0,Good,4800000
1075.0,3,2,8,Metro City,Fully Furnished,2,Good,3600000
1079.0,2,2,1,Metro City,Unfurnished,1,Excellent,6000000
1160.0,2,2,5,Metro City,Semi-Furnished,2,Good,5500000
1404.0,2,2,10,Metro City,Fully Furnished,1,Excellent,7500000
950.0,3,3,6,Metro City,Unfurnished,1,Good,8000000
1200.0,2,2,3,Metro City,Fully Furnished,1,Poor,5300000
1225.0,2,2,18,Metro City,Unfurnished,1,Good,4650000
2100.0,3,3,21,Metro City,Semi-Furnished,0,Good,13500000
1255.0,2,2,6,Metro City,Fully Furnished,2,Good,5800000
650.0,2,2,1,Metro City,Semi-Furnished,0,Excellent,5900000
1333.0,2,2,1,Metro City,Semi-Furnished,2,Excellent,10400000
1020.0,2,2,18,Metro City,Semi-Furnished,2,Poor,4850000
1643.0,3,2,3,Metro City,Semi-Furnished,1,Good,7000000
1000.0,2,2,12,Metro City,Fully Furnished,0,Good,7000000
1240.0,3,2,1,Metro City,Fully Furnished,1,Excellent,8400000
1000.0,2,2,21,Tier-1 City,Semi-Furnished,2,Excellent,3050000
1128.0,2,2,5,Tier-1 City,Semi-Furnished,0,Good,7900000
1027.0,2,2,10,Metro City,Semi-Furnished,0,Good,4400000
1900.0,3,3,12,Metro City,Semi-Furnished,1,Good,19000000
1460.0,2,2,22,Tier-1 City,Semi-Furnished,1,Good,2350000
1088.0,2,2,10,Tier-2 City,Unfurnished,2,Good,1150000
2601.0,3,4,16,Metro City,Fully Furnished,2,Good,31200000
1305.0,3,2,13,Metro City,Semi-Furnished,1,Good,5900000
1690.0,3,3,14,Metro City,Unfurnished,0,Good,10000000
1666.0,3,3,0,Metro City,Fully Furnished,1,Good,9500000
1800.0,9,9,20,Metro City,Semi-Furnished,2,Good,18000000
1314.0,3,2,3,Metro City,Fully Furnished,2,Excellent,7050000
1125.0,2,2,15,Tier-1 City,Unfurnished,1,Good,3800000
800.0,2,2,15,Metro City,Unfurnished,1,Excellent,17500000
705.0,1,1,21,Metro City,Semi-Furnished,1,Poor,6700000
700.0,2,2,21,Metro City,Semi-Furnished,2,Good,3300000
1800.0,3,3,8,Metro City,Semi-Furnished,2,Good,15000000
3170.0,4,4,16,Tier-1 City,Semi-Furnished,1,Excellent,14800000
845.0,2,2,3,Tier-2 City,Semi-Furnished,1,Excellent,1300000
665.0,1,1,20,Metro City,Semi-Furnished,0,Excellent,4600000
1610.0,3,2,24,Metro City,Semi-Furnished,2,Poor,11900000
996.0,2,2,4,Tier-2 City,Semi-Furnished,2,Good,2350000
1610.0,3,2,20,Metro City,Fully Furnished,2,Good,11100000
1382.0,2,2,23,Metro City,Unfurnished,1,Good,8450000
806.0,6,3,5,Metro City,Unfurnished,1,Good,12800000
1100.0,2,2,2,Metro City,Semi-Furnished,1,Excellent,3500000
1600.0,3,3,21,Metro City,Semi-Furnished,1,Excellent,16000000
1276.0,2,2,13,Metro City,Semi-Furnished,0,Excellent,6950000
416.0,1,1,5,Tier-1 City,Fully Furnished,0,Good,1500000
1806.0,3,6,16,Metro City,Unfurnished,2,Good,11600000
958.0,2,2,3,Tier-1 City,Fully Furnished,1,Good,2550000
1130.0,2,2,3,Metro City,Unfurnished,1,Excellent,7500000
1252.0,2,2,15,Tier-1 City,Semi-Furnished,1,Good,4800000
1251.0,2,2,22,Metro City,Fully Furnished,1,Poor,4750000
2500.0,3,3,22,Metro City,Unfurnished,2,Good,28000000
1322.0,2,2,3,Metro City,Semi-Furnished,1,Excellent,6200000
1640.0,3,3,8,Metro City,Semi-Furnished,1,Poor,10500000
1075.0,3,2,8,Tier-1 City,Fully Furnished,1,Good,2450000
1687.0,3,3,14,Metro City,Semi-Furnished,1,Poor,12700000
1265.0,3,2,10,Metro City,Semi-Furnished,2,Poor,5500000
1500.0,3,3,1,Metro City,Semi-Furnished,1,Good,8800000
600.0,4,3,10,Metro City,Unfurnished,2,Good,9500000
984.0,2,2,5,Tier-2 City,Semi-Furnished,0,Good,1250000
1000.0,2,2,8,Metro City,Fully Furnished,3,Good,5000000
1575.0,3,2,0,Metro City,Semi-Furnished,1,Good,11000000
1445.0,3,2,0,Tier-1 City,Semi-Furnished,2,Good,6450000
1089.0,2,2,1,Metro City,Unfurnished,1,Good,3250000
1400.0,3,2,2,Tier-1 City,Semi-Furnished,0,Excellent,4800000
1280.0,2,2,5,Metro City,Unfurnished,0,Good,6000000
1660.0,3,3,1,Tier-2 City,Semi-Furnished,1,Good,4750000
1645.0,3,3,4,Rural Area,Unfurnished,1,Good,1550000
1350.0,4,4,3,Metro City,Fully Furnished,0,Good,16000000
1080.0,2,2,9,Metro City,Semi-Furnished,0,Good,4500000
1477.0,3,2,2,Tier-1 City,Semi-Furnished,2,Good,4700000
1783.0,3,3,8,Metro City,Unfurnished,1,Good,12500000
1415.0,3,3,2,Metro City,Semi-Furnished,1,Good,6500000
1115.0,2,2,1,Metro City,Fully Furnished,1,Good,5000000
1216.0,2,2,9,Tier-1 City,Semi-Furnished,2,Good,4050000
1430.0,3,2,13,Metro City,Fully Furnished,3,Excellent,5000000
1591.0,3,3,12,Rural Area,Semi-Furnished,2,Poor,1200000
3895.0,3,3,18,Metro City,Fully Furnished,2,Good,39000000
551.0,1,1,9,Metro City,Semi-Furnished,1,Good,3000000
2350.0,3,4,0,Metro City,Unfurnished,1,Good,28500000
1435.0,3,3,15,Metro City,Fully Furnished,3,Good,7000000
1695.0,3,3,5,Tier-1 City,Semi-Furnished,0,Good,5900000
1453.0,3,2,21,Tier-1 City,Semi-Furnished,2,Good,3650000
1460.0,3,2,18,Metro City,Semi-Furnished,0,Excellent,7500000
1455.0,3,2,5,Metro City,Unfurnished,1,Good,9800000
2204.0,3,2,10,Tier-2 City,Fully Furnished,1,Good,8350000
1000.0,2,2,10,Tier-2 City,Unfurnished,1,Excellent,850000
1075.0,3,2,9,Metro City,Fully Furnished,2,Good,3350000
2180.0,3,3,4,Metro City,Fully Furnished,2,Excellent,28500000
1113.0,2,2,5,Metro City,Semi-Furnished,0,Good,5200000
1135.0,3,2,9,Metro City,Semi-Furnished,1,Excellent,3950000
1241.0,2,2,3,Metro City,Semi-Furnished,2,Good,8200000
991.0,2,2,8,Metro City,Unfurnished,1,Excellent,4000000
2289.0,3,3,4,Metro City,Semi-Furnished,1,Good,17800000
3770.0,6,6,10,Metro City,Unfurnished,0,Good,11000000
1855.0,3,3,18,Metro City,Unfurnished,1,Excellent,14000000
1200.0,4,3,2,Tier-1 City,Unfurnished,0,Poor,24450000
1560.0,2,2,0,Metro City,Unfurnished,1,Poor,8500000
2000.0,5,4,7,Metro City,Fully Furnished,1,Excellent,6500000
1030.0,2,2,8,Metro City,Unfurnished,2,Poor,5050000
1835.0,3,2,22,Metro City,Semi-Furnished,1,Good,9200000
1520.0,3,3,5,Metro City,Semi-Furnished,3,Good,11100000
3200.0,4,4,4,Metro City,Unfurnished,1,Excellent,22400000
2350.0,5,5,15,Metro City,Fully Furnished,1,Good,32500000
1310.0,3,3,6,Metro City,Fully Furnished,1,Good,9000000
1070.0,2,2,2,Metro City,Unfurnished,2,Poor,3900000
1360.0,3,2,3,Metro City,Unfurnished,1,Good,6500000
1285.0,2,2,6,Tier-1 City,Unfurnished,1,Good,6450000
600.0,3,3,10,Metro City,Fully Furnished,1,Poor,10000000
3335.0,4,4,15,Metro City,Fully Furnished,0,Excellent,29000000
2666.0,3,4,22,Metro City,Unfurnished,0,Good,20000000
1611.0,3,2,12,Metro City,Fully Furnished,2,Good,4850000
1800.0,4,4,1,Metro City,Semi-Furnished,1,Excellent,5500000
1760.0,3,3,1,Metro City,Semi-Furnished,1,Good,11000000
782.0,2,2,3,Tier-1 City,Unfurnished,1,Good,4100000
1065.0,2,2,13,Metro City,Semi-Furnished,1,Good,4250000
1008.0,5,4,17,Tier-2 City,Semi-Furnished,1,Excellent,7650000
1500.0,3,2,22,Rural Area,Unfurnished,2,Good,1300000
1215.0,2,2,16,Tier-1 City,Unfurnished,1,Good,4950000
1420.0,3,2,7,Tier-1 City,Semi-Furnished,0,Excellent,3600000
1495.0,3,2,0,Metro City,Semi-Furnished,2,Good,6300000
1290.0,2,2,1,Metro City,Semi-Furnished,0,Good,8000000
3467.86,4,6,9,Metro City,Unfurnished,1,Excellent,24900000
1451.0,3,3,12,Metro City,Unfurnished,0,Good,6050000
1700.0,3,3,6,Tier-1 City,Unfurnished,2,Good,5850000
660.0,1,1,2,Metro City,Unfurnished,3,Excellent,7500000
1320.0,2,2,19,Metro City,Semi-Furnished,1,Good,7950000
1500.0,2,2,23,Metro City,Semi-Furnished,2,Good,4500000
1165.0,2,2,11,Metro City,Unfurnished,1,Excellent,4100000
1100.0,2,2,5,Metro City,Fully Furnished,0,Poor,7000000
1180.0,2,2,10,Metro City,Semi-Furnished,0,Good,4100000
1535.0,3,3,5,Metro City,Semi-Furnished,0,Good,6000000
2336.5,3,3,6,Tier-1 City,Semi-Furnished,2,Good,7600000
2375.0,4,4,3,Metro City,Semi-Furnished,1,Good,18900000
1200.0,6,4,1,Metro City,Semi-Furnished,2,Excellent,11000000
900.0,2,2,7,Metro City,Fully Furnished,2,Good,4650000
2560.0,3,3,6,Metro City,Unfurnished,1,Excellent,26500000
2200.0,3,3,3,Tier-1 City,Semi-Furnished,0,Excellent,11850000
1584.0,3,3,16,Metro City,Fully Furnished,2,Excellent,6500000
600.0,1,1,2,Tier-1 City,Unfurnished,1,Good,1450000
1920.0,3,4,6,Metro City,Fully Furnished,0,Good,12100000
2500.0,3,3,5,Metro City,Fully Furnished,0,Excellent,25000000
1345.0,3,2,5,Tier-1 City,Unfurnished,0,Good,4950000
1035.0,2,2,19,Metro City,Unfurnished,1,Good,4900000
1215.0,2,2,0,Metro City,Semi-Furnished,2,Good,6500000
1291.0,2,2,16,Tier-1 City,Semi-Furnished,2,Poor,3300000
1000.0,2,2,0,Metro City,Semi-Furnished,2,Good,6000000
1450.0,3,2,0,Metro City,Unfurnished,1,Poor,7500000
1280.0,2,2,2,Metro City,Unfurnished,1,Good,12000000
1200.0,2,2,12,Tier-1 City,Fully Furnished,1,Good,3100000
1567.0,3,3,7,Metro City,Semi-Furnished,1,Good,10000000
1200.0,2,1,6,Rural Area,Unfurnished,1,Excellent,600000
695.0,2,1,24,Rural Area,Semi-Furnished,1,Good,500000
2425.0,4,5,0,Metro City,Semi-Furnished,0,Excellent,19500000
1322.0,2,2,5,Metro City,Fully Furnished,1,Good,7800000
1100.0,3,3,6,Metro City,Semi-Furnished,1,Good,5650000
1700.0,3,3,3,Metro City,Semi-Furnished,3,Excellent,11000000
1662.0,3,3,8,Metro City,Semi-Furnished,0,Good,8500000
1148.0,2,2,23,Metro City,Semi-Furnished,0,Good,6900000
1400.0,3,2,12,Tier-2 City,Unfurnished,1,Good,2850000
1842.0,3,3,3,Metro City,Semi-Furnished,2,Excellent,11500000
1560.0,3,2,11,Tier-1 City,Unfurnished,3,Good,4450000
703.0,2,2,24,Metro City,Semi-Furnished,0,Excellent,6000000
1115.0,2,2,3,Metro City,Fully Furnished,1,Good,5000000
395.0,1,1,5,Metro City,Unfurnished,1,Good,1000000
1335.0,2,2,20,Tier-1 City,Semi-Furnished,2,Excellent,6950000
1314.0,2,2,18,Tier-2 City,Semi-Furnished,1,Good,2150000
1200.0,3,3,15,Metro City,Fully Furnished,2,Poor,6800000
1150.0,3,2,6,Metro City,Fully Furnished,2,Good,4400000
1260.0,2,2,0,Metro City,Semi-Furnished,1,Poor,10800000
1500.0,3,3,6,Tier-2 City,Unfurnished,3,Excellent,4950000
1532.5,3,3,6,Tier-1 City,Fully Furnished,3,Good,5900000
1140.0,2,2,4,Metro City,Semi-Furnished,2,Excellent,4900000
1000.0,2,2,10,Metro City,Fully Furnished,1,Good,7000000
1288.0,3,2,9,Tier-1 City,Unfurnished,2,Excellent,4550000
3500.0,4,4,14,Metro City,Semi-Furnished,3,Excellent,15000000
1135.0,2,2,7,Metro City,Unfurnished,1,Good,5650000
1000.0,1,1,1,Tier-2 City,Semi-Furnished,2,Good,500000
1495.0,2,3,7,Metro City,Semi-Furnished,1,Good,8800000
600.0,4,4,0,Metro City,Semi-Furnished,2,Good,12500000
1157.0,3,2,4,Metro City,Semi-Furnished,0,Good,7500000
1600.0,3,3,0,Tier-1 City,Semi-Furnished,2,Good,4500000
1100.0,2,2,21,Metro City,Unfurnished,1,Good,5600000
1451.0,2,2,13,Metro City,Semi-Furnished,2,Good,9000000
1400.0,3,3,6,Metro City,Semi-Furnished,2,Good,7400000
993.0,3,2,15,Metro City,Unfurnished,1,Good,5000000
1500.0,3,2,12,Metro City,Semi-Furnished,0,Excellent,9500000
1160.0,2,2,5,Metro City,Unfurnished,2,Excellent,4200000
1250.0,2,2,13,Metro City,Unfurnished,0,Good,6800000
1056.0,2,2,14,Metro City,Fully Furnished,0,Good,6000000
1523.0,3,2,22,Tier-1 City,Fully Furnished,1,Excellent,4500000
2045.0,3,3,11,Metro City,Unfurnished,0,Excellent,10800000
2650.0,3,4,5,Metro City,Semi-Furnished,2,Good,17500000
1550.0,3,2,4,Metro City,Unfurnished,0,Good,7500000
1250.0,2,2,3,Tier-1 City,Unfurnished,1,Good,3650000
1600.0,3,2,9,Metro City,Semi-Furnished,1,Excellent,5000000
1762.0,3,3,17,Metro City,Semi-Furnished,1,Good,11200000
5656.0,3,5,17,Rural Area,Unfurnished,0,Good,6750000
1340.0,3,2,3,Metro City,Semi-Furnished,1,Excellent,4850000
1060.0,2,2,6,Tier-2 City,Semi-Furnished,2,Good,1650000
950.0,2,2,0,Tier-2 City,Fully Furnished,0,Good,1400000
1258.0,2,2,6,Metro City,Fully Furnished,2,Good,5800000
2050.0,3,3,24,Metro City,Semi-Furnished,1,Good,15000000
600.0,3,2,9,Tier-1 City,Semi-Furnished,2,Excellent,3600000
1020.0,2,2,11,Tier-1 City,Semi-Furnished,2,Good,2750000
1200.0,5,5,11,Tier-2 City,Semi-Furnished,1,Excellent,4850000
1715.0,3,2,18,Tier-1 City,Fully Furnished,1,Good,5900000
1005.0,2,2,1,Metro City,Semi-Furnished,0,Excellent,5000000
4000.0,5,5,4,Metro City,Unfurnished,2,Excellent,17000000
630.0,1,1,15,Tier-2 City,Semi-Furnished,0,Excellent,1400000
929.0,2,2,9,Metro City,Fully Furnished,2,Excellent,5000000
1329.0,2,2,1,Metro City,Semi-Furnished,2,Excellent,7000000
1376.0,4,4,6,Metro City,Fully Furnished,2,Good,15600000
1349.0,2,2,25,Tier-2 City,Semi-Furnished,1,Excellent,3600000
1125.0,2,2,23,Tier-1 City,Unfurnished,3,Good,2200000
1485.0,2,3,2,Metro City,Fully Furnished,2,Poor,13200000
2400.0,7,7,4,Metro City,Semi-Furnished,1,Good,12500000
905.0,1,1,9,Metro City,Unfurnished,0,Excellent,5200000
900.0,2,2,4,Metro City,Semi-Furnished,1,Good,4500000
4007.0,4,4,12,Metro City,Semi-Furnished,0,Good,53000000
3198.0,4,4,10,Rural Area,Semi-Furnished,0,Good,2050000
4723.0,4,4,22,Metro City,Semi-Furnished,3,Excellent,50000000
2250.0,3,3,0,Tier-2 City,Unfurnished,1,Good,6250000
600.0,3,3,4,Metro City,Semi-Furnished,1,Excellent,6500000
2600.0,3,3,16,Metro City,Unfurnished,1,Good,19500000
1009.0,2,2,0,Tier-2 City,Unfurnished,2,Poor,2350000
1018.0,4,4,9,Tier-1 City,Fully Furnished,0,Excellent,10600000
2800.0,4,4,9,Metro City,Unfurnished,2,Poor,40000000
1153.0,2,2,6,Metro City,Semi-Furnished,3,Good,4350000
980.0,2,2,2,Tier-1 City,Semi-Furnished,1,Excellent,2650000
1033.0,3,2,3,Metro City,Fully Furnished,0,Good,3150000
1140.0,2,2,20,Metro City,Semi-Furnished,1,Good,4200000
1181.0,2,2,1,Metro City,Fully Furnished,3,Good,7500000
1278.0,3,3,0,Tier-2 City,Semi-Furnished,2,Good,2500000
850.0,2,2,6,Tier-2 City,Semi-Furnished,1,Good,1900000
1645.0,3,3,1,Metro City,Unfurnished,0,Good,8750000
2800.0,5,4,15,Metro City,Semi-Furnished,2,Excellent,20000000
1755.0,3,3,24,Metro City,Semi-Furnished,1,Good,12200000
2392.0,3,4,4,Tier-1 City,Semi-Furnished,2,Good,16950000
3000.0,4,4,15,Metro City,Fully Furnished,1,Excellent,30100000
1142.5,2,2,9,Metro City,Fully Furnished,1,Excellent,4350000
600.0,4,5,2,Metro City,Unfurnished,3,Good,7500000
1115.0,2,2,0,Metro City,Unfurnished,2,Good,4450000
1000.0,2,2,10,Metro City,Semi-Furnished,2,Excellent,4600000
1355.0,3,3,11,Tier-2 City,Unfurnished,2,Good,3800000
1211.0,2,2,4,Metro City,Unfurnished,2,Poor,4500000
3400.0,4,5,4,Metro City,Fully Furnished,1,Good,26500000
1290.0,2,2,5,Metro City,Unfurnished,2,Good,4050000
1050.0,2,2,2,Metro City,Unfurnished,1,Poor,5200000
3170.0,4,4,16,Metro City,Semi-Furnished,1,Excellent,25000000
1804.0,3,3,5,Tier-2 City,Unfurnished,2,Excellent,2950000
5000.0,4,4,10,Rural Area,Fully Furnished,3,Good,3150000
1096.0,2,2,4,Metro City,Semi-Furnished,2,Good,4100000
1110.0,2,2,14,Tier-1 City,Semi-Furnished,1,Good,3550000
1291.0,3,2,2,Metro City,Unfurnished,1,Good,3200000
1355.0,3,2,1,Tier-1 City,Semi-Furnished,2,Poor,3300000
1450.0,3,3,15,Tier-2 City,Unfurnished,1,Good,2250000
985.0,2,2,0,Metro City,Unfurnished,1,Good,6700000
1025.0,2,2,8,Metro City,Fully Furnished,0,Poor,4000000
1425.0,3,2,5,Rural Area,Unfurnished,0,Good,1000000
1691.0,3,3,9,Metro City,Semi-Furnished,0,Good,12000000
1495.0,4,2,15,Metro City,Unfurnished,1,Excellent,30000000
1881.0,3,3,2,Metro City,Semi-Furnished,2,Excellent,11500000
1230.0,2,2,2,Tier-1 City,Unfurnished,1,Good,3800000
606.0,1,1,14,Metro City,Fully Furnished,1,Good,4000000
480.0,1,1,10,Metro City,Semi-Furnished,1,Good,6000000
2297.0,5,5,1,Metro City,Unfurnished,2,Good,26900000
1100.0,5,4,1,Metro City,Unfurnished,1,Good,19900000
2350.0,3,3,9,Metro City,Semi-Furnished,1,Excellent,21000000
1035.0,2,2,15,Rural Area,Semi-Furnished,1,Poor,750000
850.0,3,3,7,Metro City,Unfurnished,1,Good,6300000
1750.0,3,3,12,Metro City,Semi-Furnished,1,Good,8400000
1200.0,3,3,4,Tier-1 City,Semi-Furnished,1,Good,4600000
1350.0,3,3,3,Metro City,Semi-Furnished,1,Excellent,4700000
1370.0,3,2,6,Metro City,Semi-Furnished,0,Excellent,9000000
1484.0,3,3,3,Metro City,Fully Furnished,1,Good,5250000
1200.0,3,5,10,Rural Area,Fully Furnished,1,Good,4350000
1270.0,2,2,13,Metro City,Semi-Furnished,1,Good,6200000
1350.0,3,2,4,Metro City,Semi-Furnished,0,Poor,7500000
1499.0,3,5,4,Metro City,Unfurnished,2,Poor,10200000
2006.0,3,3,1,Metro City,Fully Furnished,0,Good,29700000
1400.0,2,2,14,Rural Area,Unfurnished,1,Excellent,950000
1000.0,2,2,25,Metro City,Fully Furnished,1,Poor,5000000
1180.0,2,2,10,Metro City,Unfurnished,2,Excellent,5800000
2400.0,3,3,6,Metro City,Semi-Furnished,0,Excellent,19600000
3951.0,4,4,3,Metro City,Semi-Furnished,0,Good,22000000
1205.0,2,2,1,Metro City,Unfurnished,1,Excellent,4700000
1030.0,2,1,14,Metro City,Unfurnished,1,Good,2600000
2100.0,3,3,1,Metro City,Unfurnished,1,Good,15000000
1532.5,3,3,16,Tier-1 City,Unfurnished,1,Excellent,4800000
1700.0,3,3,3,Metro City,Semi-Furnished,1,Poor,8800000
1385.0,3,2,11,Tier-2 City,Semi-Furnished,2,Good,1650000
1645.0,3,3,21,Metro City,Semi-Furnished,3,Poor,11300000
1600.0,3,3,7,Metro City,Semi-Furnished,1,Good,17000000
600.0,1,1,8,Metro City,Unfurnished,1,Excellent,2300000
1157.0,2,2,5,Metro City,Unfurnished,2,Good,5400000
1050.0,2,2,6,Metro City,Semi-Furnished,2,Excellent,5350000
400.0,1,1,6,Metro City,Unfurnished,0,Excellent,1400000
1160.0,2,2,11,Tier-1 City,Fully Furnished,2,Good,3250000
2400.0,4,4,10,Metro City,Semi-Furnished,1,Excellent,13500000
2098.0,3,3,3,Metro City,Unfurnished,2,Poor,21000000
1060.0,2,2,25,Metro City,Semi-Furnished,0,Good,4200000
1020.0,2,2,12,Metro City,Unfurnished,1,Good,6200000
1175.0,2,2,4,Metro City,Unfurnished,2,Poor,4850000
1026.0,2,2,16,Metro City,Semi-Furnished,1,Good,6050000
1200.0,4,3,2,Metro City,Unfurnished,0,Poor,34000000
1246.0,2,2,5,Metro City,Unfurnished,1,Excellent,8200000
955.0,2,1,10,Metro City,Semi-Furnished,1,Good,3400000
930.0,2,2,2,Metro City,Unfurnished,2,Good,3900000
2700.0,4,2,0,Metro City,Semi-Furnished,1,Good,10000000
1443.0,3,2,7,Metro City,Semi-Furnished,2,Excellent,7000000
1500.0,1,2,14,Metro City,Semi-Furnished,0,Good,8500000
1400.0,2,2,19,Metro City,Fully Furnished,2,Excellent,7500000
972.0,2,2,0,Tier-2 City,Semi-Furnished,1,Good,1500000
1640.0,3,3,1,Metro City,Unfurnished,1,Good,8700000
2856.0,4,5,3,Metro City,Semi-Furnished,1,Good,15850000
1475.0,2,2,17,Rural Area,Semi-Furnished,3,Good,1050000
2400.0,6,5,15,Metro City,Semi-Furnished,2,Good,7500000
1059.0,2,2,3,Metro City,Fully Furnished,1,Good,6200000
1200.0,4,4,6,Metro City,Semi-Furnished,0,Excellent,9500000
1575.0,3,2,12,Metro City,Semi-Furnished,1,Poor,12000000
680.0,1,1,20,Tier-2 City,Unfurnished,0,Good,1250000
1350.0,2,2,8,Metro City,Semi-Furnished,2,Good,4200000
1185.0,2,2,3,Metro City,Unfurnished,3,Poor,4500000
672.0,4,3,11,Metro City,Semi-Furnished,1,Good,5400000
1157.0,2,2,1,Metro City,Fully Furnished,0,Excellent,4000000
1470.0,2,2,4,Metro City,Fully Furnished,1,Excellent,8600000
1600.0,2,2,19,Metro City,Fully Furnished,1,Excellent,11000000
1155.0,2,2,15,Tier-1 City,Fully Furnished,0,Good,4250000
1270.0,2,2,23,Metro City,Fully Furnished,1,Excellent,5000000
1642.0,3,2,1,Metro City,Unfurnished,1,Poor,11500000
1025.0,2,1,7,Tier-2 City,Semi-Furnished,1,Good,1150000
2144.6,3,4,16,Metro City,Unfurnished,1,Good,14500000
1232.0,3,3,12,Tier-1 City,Unfurnished,1,Excellent,6400000
1386.0,4,3,13,Tier-2 City,Semi-Furnished,1,Good,3300000
1470.0,3,3,14,Metro City,Semi-Furnished,1,Good,5400000
2533.0,3,3,13,Metro City,Semi-Furnished,0,Excellent,42500000
1800.0,3,3,4,Metro City,Fully Furnished,2,Good,11000000
1600.0,3,3,18,Metro City,Semi-Furnished,1,Excellent,5600000
1580.0,3,3,4,Metro City,Semi-Furnished,1,Good,8350000
1200.0,10,10,25,Metro City,Fully Furnished,0,Excellent,19000000
2047.0,3,3,4,Metro City,Semi-Furnished,1,Good,13600000
708.0,2,1,13,Metro City,Unfurnished,1,Good,4000000
2000.0,5,5,24,Tier-1 City,Semi-Furnished,2,Good,17050000
1200.0,2,2,5,Metro City,Unfurnished,1,Good,7000000
1800.0,3,3,1,Metro City,Fully Furnished,1,Excellent,14000000
1166.0,2,2,8,Metro City,Unfurnished,2,Excellent,6500000
2150.0,3,4,13,Metro City,Semi-Furnished,1,Excellent,24000000
500.0,2,2,5,Metro City,Fully Furnished,2,Good,7000000
705.0,1,1,9,Metro City,Semi-Furnished,0,Good,5500000
1530.0,3,2,1,Metro City,Unfurnished,3,Poor,9000000
2501.0,3,3,7,Metro City,Unfurnished,1,Poor,13800000
963.0,2,2,21,Metro City,Semi-Furnished,0,Excellent,4000000
1512.0,3,3,10,Tier-2 City,Unfurnished,1,Good,3550000
1180.0,2,2,10,Metro City,Semi-Furnished,1,Poor,5800000
600.0,2,1,17,Tier-2 City,Unfurnished,1,Good,3100000
850.0,2,2,7,Metro City,Fully Furnished,2,Good,7500000
2400.0,6,6,4,Metro City,Unfurnished,1,Good,9800000
938.0,2,2,3,Metro City,Fully Furnished,1,Excellent,3500000
1000.0,2,2,14,Metro City,Fully Furnished,0,Excellent,3950000
1123.0,2,2,1,Metro City,Semi-Furnished,2,Excellent,3600000
1330.0,2,2,7,Metro City,Unfurnished,3,Good,9350000
2863.0,4,4,3,Metro City,Fully Furnished,1,Poor,14000000
1155.0,3,2,10,Metro City,Unfurnished,2,Good,6000000
1050.0,2,2,0,Metro City,Semi-Furnished,0,Good,4000000
1500.0,3,2,6,Metro City,Semi-Furnished,1,Poor,7000000
1746.0,3,3,4,Tier-2 City,Unfurnished,1,Excellent,4200000
1450.0,3,3,5,Metro City,Semi-Furnished,1,Poor,6100000
1870.0,3,3,8,Tier-1 City,Unfurnished,2,Good,14850000
1100.0,2,2,3,Metro City,Semi-Furnished,0,Excellent,5400000
930.0,7,4,11,Metro City,Unfurnished,1,Poor,8500000
1070.0,2,2,12,Metro City,Unfurnished,0,Good,3800000
896.0,1,1,7,Metro City,Unfurnished,2,Good,10000000
1150.0,3,2,4,Metro City,Semi-Furnished,2,Excellent,5000000
1560.0,3,3,9,Metro City,Fully Furnished,2,Excellent,8500000
1210.0,2,2,5,Metro City,Semi-Furnished,1,Good,7500000
1090.0,2,2,2,Tier-2 City,Unfurnished,1,Good,1450000
1200.0,3,3,11,Metro City,Unfurnished,1,Excellent,16000000
1102.0,2,2,5,Metro City,Fully Furnished,2,Good,5350000
1697.0,3,3,4,Metro City,Semi-Furnished,1,Good,11500000
1080.0,4,3,1,Metro City,Fully Furnished,2,Good,15500000
1385.0,3,3,5,Metro City,Unfurnished,2,Excellent,9000000
1500.0,4,5,16,Tier-2 City,Unfurnished,1,Excellent,6100000
1252.0,2,2,14,Metro City,Unfurnished,1,Excellent,5500000
1800.0,1,1,12,Tier-2 City,Unfurnished,1,Excellent,6850000
1325.0,2,2,7,Metro City,Unfurnished,0,Good,7000000
1255.0,3,3,17,Metro City,Unfurnished,2,Good,7750000
1200.0,5,4,1,Tier-1 City,Semi-Furnished,2,Good,9150000
1155.0,2,2,20,Metro City,Semi-Furnished,1,Excellent,4050000
1804.0,3,3,8,Tier-1 City,Semi-Furnished,3,Good,8950000
2000.0,2,2,1,Metro City,Fully Furnished,3,Good,7500000
900.0,2,2,15,Metro City,Unfurnished,1,Good,6500000
1804.0,3,3,1,Metro City,Unfurnished,1,Good,10200000
1100.0,2,2,10,Metro City,Semi-Furnished,1,Good,5800000
1520.0,3,2,10,Metro City,Semi-Furnished,2,Good,8500000
1350.0,3,3,5,Metro City,Semi-Furnished,0,Good,7500000
1800.0,3,2,1,Metro City,Unfurnished,3,Good,4500000
1808.0,3,4,11,Metro City,Fully Furnished,0,Good,8050000
5080.0,6,7,13,Metro City,Semi-Furnished,1,Excellent,45000000
975.0,2,2,5,Metro City,Semi-Furnished,0,Good,5000000
1400.0,3,2,16,Tier-2 City,Unfurnished,2,Good,2750000
1000.0,2,2,4,Metro City,Fully Furnished,1,Good,5000000
1585.0,3,3,1,Metro City,Unfurnished,1,Good,8800000
2251.0,3,4,7,Metro City,Semi-Furnished,2,Good,37000000
1975.0,3,3,4,Metro City,Semi-Furnished,1,Good,21000000
1150.0,2,2,7,Metro City,Unfurnished,3,Excellent,4500000
3900.0,3,3,17,Metro City,Semi-Furnished,2,Good,25000000
1085.0,2,2,6,Metro City,Semi-Furnished,0,Good,4350000
2000.0,3,3,11,Metro City,Semi-Furnished,1,Good,36500000
1170.0,2,2,11,Metro City,Semi-Furnished,1,Excellent,7500000
750.0,1,1,16,Metro City,Unfurnished,1,Good,3000000
1157.0,3,2,3,Tier-1 City,Unfurnished,1,Poor,4850000
1088.0,2,2,5,Metro City,Semi-Furnished,0,Good,6200000
1090.0,2,2,0,Metro City,Fully Furnished,0,Excellent,5700000
1410.0,3,2,1,Metro City,Semi-Furnished,1,Excellent,5350000
1130.0,2,2,3,Metro City,Semi-Furnished,0,Excellent,3250000
2700.0,5,5,9,Metro City,Unfurnished,0,Excellent,15000000
3596.0,4,4,8,Metro City,Fully Furnished,1,Good,35900000
4800.0,4,3,7,Metro City,Semi-Furnished,2,Excellent,20000000
1550.0,2,2,5,Metro City,Unfurnished,1,Good,16000000
1500.0,4,3,23,Metro City,Semi-Furnished,1,Good,16200000
929.0,2,2,0,Metro City,Unfurnished,1,Good,4900000
2916.0,4,5,0,Tier-2 City,Semi-Furnished,0,Good,7250000
1352.0,3,3,1,Metro City,Semi-Furnished,0,Good,6500000
1200.0,6,6,6,Metro City,Fully Furnished,1,Good,23000000
1105.0,2,2,3,Metro City,Fully Furnished,2,Good,9000000
1197.0,2,2,7,Metro City,Fully Furnished,3,Good,7600000
2704.0,4,5,5,Metro City,Semi-Furnished,2,Good,10500000
1450.0,3,2,10,Metro City,Semi-Furnished,1,Good,7000000
1408.0,3,2,0,Metro City,Semi-Furnished,1,Good,5500000
1112.0,2,2,3,Metro City,Unfurnished,2,Good,6200000
1680.0,3,3,8,Metro City,Unfurnished,1,Good,11200000
1120.0,2,2,15,Metro City,Semi-Furnished,0,Good,3800000
1263.0,2,2,9,Metro City,Semi-Furnished,0,Good,4750000
1430.0,3,2,22,Metro City,Semi-Furnished,2,Good,5150000
3600.0,4,4,9,Metro City,Semi-Furnished,0,Excellent,30000000
3600.0,4,3,7,Metro City,Fully Furnished,2,Excellent,41000000
1650.0,3,3,2,Metro City,Semi-Furnished,2,Good,10100000
1282.0,2,2,3,Metro City,Semi-Furnished,1,Poor,8700000
1577.0,3,3,7,Metro City,Semi-Furnished,1,Good,6700000
1275.0,2,2,22,Tier-1 City,Fully Furnished,1,Good,3350000
1670.0,3,3,9,Tier-2 City,Unfurnished,1,Good,2250000
1539.0,3,3,6,Metro City,Semi-Furnished,1,Poor,6000000
1420.0,3,3,1,Metro City,Semi-Furnished,1,Good,9000000
1310.0,3,2,5,Metro City,Unfurnished,0,Good,3300000
1535.0,3,3,12,Metro City,Unfurnished,1,Good,7200000
1200.0,2,2,14,Tier-1 City,Unfurnished,0,Good,3500000
1746.0,3,3,4,Metro City,Semi-Furnished,1,Excellent,11500000
1530.0,3,3,14,Tier-2 City,Unfurnished,3,Excellent,2050000
1718.0,2,3,7,Metro City,Unfurnished,1,Good,28800000
1250.0,3,3,2,Tier-2 City,Semi-Furnished,0,Good,1800000
1485.0,3,3,15,Metro City,Semi-Furnished,2,Excellent,7800000
1250.0,2,2,23,Metro City,Semi-Furnished,1,Poor,6000000
1754.0,6,6,13,Metro City,Semi-Furnished,0,Excellent,65000000
1175.0,2,2,9,Metro City,Unfurnished,1,Good,8250000
1932.0,3,4,19,Rural Area,Unfurnished,1,Excellent,1500000
1835.0,3,3,4,Metro City,Semi-Furnished,1,Good,8900000
1257.0,2,2,14,Metro City,Semi-Furnished,1,Good,7100000
3600.0,5,5,9,Metro City,Unfurnished,1,Good,11000000
3700.0,4,4,0,Metro City,Fully Furnished,1,Good,32500000
1072.0,2,2,7,Metro City,Fully Furnished,1,Good,4300000
1215.0,3,2,8,Metro City,Fully Furnished,1,Good,4650000
1500.0,8,10,12,Tier-2 City,Unfurnished,1,Good,5600000
1639.0,3,3,9,Metro City,Unfurnished,1,Good,8300000
925.0,2,2,14,Metro City,Fully Furnished,0,Good,3500000
1409.0,3,2,11,Tier-2 City,Fully Furnished,1,Good,1850000
1917.0,4,4,7,Metro City,Fully Furnished,0,Excellent,13000000
1200.0,5,6,22,Metro City,Unfurnished,1,Poor,13700000
1590.0,3,2,6,Metro City,Unfurnished,0,Excellent,12500000
1801.0,3,3,19,Metro City,Fully Furnished,1,Good,11500000
1050.0,1,1,7,Metro City,Semi-Furnished,1,Excellent,7000000
1494.0,3,2,9,Metro City,Fully Furnished,1,Good,9450000
1098.0,2,2,23,Metro City,Fully Furnished,0,Good,7200000
1200.0,5,5,11,Metro City,Semi-Furnished,2,Excellent,13800000
1100.0,2,2,1,Metro City,Semi-Furnished,0,Good,4800000
1500.0,3,4,20,Metro City,Semi-Furnished,0,Good,18000000
1075.0,2,2,6,Metro City,Unfurnished,1,Good,6000000
1719.3,3,2,7,Metro City,Unfurnished,2,Good,8800000
4500.0,4,4,18,Metro City,Unfurnished,1,Good,33000000
525.0,1,1,14,Metro City,Semi-Furnished,1,Excellent,2600000
1198.0,2,2,23,Metro City,Semi-Furnished,1,Poor,6500000
1890.0,3,2,8,Metro City,Semi-Furnished,2,Poor,9300000
2493.0,3,3,10,Metro City,Semi-Furnished,1,Good,11500000
1470.0,3,2,10,Metro City,Semi-Furnished,1,Excellent,7000000
1012.0,2,2,2,Metro City,Fully Furnished,1,Good,5350000
1122.5,2,2,0,Tier-1 City,Fully Furnished,1,Good,3900000
1467.0,2,2,17,Metro City,Semi-Furnished,1,Good,5500000
1265.0,2,2,8,Metro City,Semi-Furnished,2,Good,5500000
1662.0,3,3,18,Metro City,Unfurnished,1,Poor,15500000
2367.0,3,3,1,Metro City,Semi-Furnished,0,Excellent,37500000
3122.0,4,6,9,Metro City,Semi-Furnished,2,Excellent,24500000
3067.0,4,4,4,Metro City,Unfurnished,2,Excellent,23000000
1070.0,2,2,8,Metro City,Unfurnished,0,Good,5500000
1250.0,3,2,1,Tier-2 City,Semi-Furnished,1,Good,3450000
1200.0,3,3,14,Metro City,Semi-Furnished,0,Good,9000000
1315.0,2,2,14,Metro City,Semi-Furnished,1,Excellent,5500000
1984.0,3,4,3,Metro City,Fully Furnished,1,Poor,14600000
1140.0,2,2,1,Metro City,Semi-Furnished,1,Good,4200000
1222.0,2,2,16,Metro City,Semi-Furnished,1,Good,4800000
1200.0,4,4,11,Metro City,Unfurnished,1,Good,24500000
2400.0,4,4,1,Metro City,Semi-Furnished,2,Good,15000000
2250.0,3,3,2,Metro City,Semi-Furnished,1,Good,14800000
1584.0,3,3,7,Metro City,Semi-Furnished,1,Excellent,10100000
600.0,2,2,8,Metro City,Unfurnished,2,Good,5500000
1020.0,2,2,4,Metro City,Semi-Furnished,2,Excellent,4800000
1247.0,2,2,16,Metro City,Semi-Furnished,2,Good,4750000
1590.0,3,2,1,Tier-2 City,Unfurnished,1,Good,4650000
1157.0,3,2,0,Metro City,Fully Furnished,1,Good,7200000
1703.0,3,3,23,Metro City,Unfurnished,1,Good,13000000
1250.0,3,2,13,Metro City,Fully Furnished,1,Good,4400000
2300.0,3,3,7,Tier-2 City,Semi-Furnished,0,Poor,3700000
1500.0,3,3,7,Metro City,Semi-Furnished,2,Poor,6800000
3071.0,3,4,13,Metro City,Unfurnished,2,Good,30000000
1140.0,2,2,5,Metro City,Semi-Furnished,0,Excellent,2650000
1460.0,3,2,7,Metro City,Semi-Furnished,2,Good,4400000
700.0,2,2,22,Metro City,Semi-Furnished,1,Poor,3500000
1315.0,3,3,5,Metro City,Semi-Furnished,0,Good,6400000
3425.0,3,3,6,Metro City,Unfurnished,1,Good,32000000
1300.0,3,3,0,Tier-1 City,Fully Furnished,1,Excellent,13250000
1090.0,2,2,15,Metro City,Unfurnished,1,Excellent,3150000
1196.0,2,2,8,Metro City,Fully Furnished,1,Good,5150000
1500.0,7,9,7,Metro City,Unfurnished,2,Excellent,25000000
1290.0,2,1,17,Metro City,Semi-Furnished,0,Excellent,22500000
595.0,1,1,16,Rural Area,Unfurnished,3,Good,600000
3500.0,3,4,25,Tier-2 City,Semi-Furnished,1,Poor,22250000
1090.0,2,2,0,Metro City,Semi-Furnished,0,Good,4200000
1760.0,3,3,0,Tier-2 City,Unfurnished,1,Good,7900000
936.0,1,1,14,Metro City,Unfurnished,2,Good,5300000
2000.0,3,3,5,Metro City,Semi-Furnished,2,Good,21000000
1357.0,2,2,1,Metro City,Semi-Furnished,1,Good,13000000
1050.0,2,2,13,Metro City,Semi-Furnished,2,Good,4200000
1800.0,3,4,0,Metro City,Semi-Furnished,1,Good,12500000
1650.0,3,3,1,Tier-1 City,Semi-Furnished,1,Good,7350000
2400.0,4,3,12,Metro City,Semi-Furnished,1,Good,48000000
1689.28,3,3,2,Tier-1 City,Semi-Furnished,1,Good,6800000
980.0,2,2,5,Metro City,Unfurnished,2,Good,4100000
1480.0,3,3,12,Metro City,Unfurnished,0,Excellent,9000000
1390.0,2,2,2,Metro City,Semi-Furnished,2,Good,9500000
1843.0,3,3,12,Metro City,Fully Furnished,3,Poor,9600000
1245.0,2,2,7,Metro City,Semi-Furnished,2,Excellent,10000000
1150.0,2,3,2,Metro City,Unfurnished,1,Poor,5250000
1000.0,2,2,2,Metro City,Unfurnished,1,Good,3200000
550.0,2,2,8,Metro City,Fully Furnished,1,Good,2600000
1400.0,7,5,2,Metro City,Unfurnished,0,Good,17500000
1183.0,2,2,4,Metro City,Fully Furnished,1,Excellent,5850000
3150.0,4,4,6,Rural Area,Fully Furnished,1,Good,5750000
2223.0,3,3,14,Metro City,Fully Furnished,0,Good,30000000
1254.0,3,2,5,Metro City,Unfurnished,1,Excellent,6500000
1850.0,3,3,4,Metro City,Semi-Furnished,0,Good,15500000
1225.0,3,3,13,Rural Area,Fully Furnished,2,Good,500000
2750.0,6,6,0,Metro City,Semi-Furnished,1,Good,20000000
688.0,1,1,10,Metro City,Semi-Furnished,2,Poor,5000000
1418.0,2,2,2,Metro City,Semi-Furnished,1,Good,10400000
1309.0,2,2,5,Metro City,Semi-Furnished,1,Good,9500000
1730.0,3,3,13,Metro City,Semi-Furnished,2,Good,7250000
1300.0,3,3,5,Metro City,Unfurnished,2,Good,6500000
1350.0,3,3,5,Tier-2 City,Semi-Furnished,2,Poor,2350000
1270.0,2,2,8,Metro City,Semi-Furnished,0,Good,9600000
1700.0,2,2,2,Metro City,Semi-Furnished,1,Poor,15000000
990.0,2,2,3,Metro City,Unfurnished,1,Excellent,5800000
1330.0,3,2,3,Metro City,Semi-Furnished,1,Excellent,5600000
500.0,1,1,8,Metro City,Fully Furnished,2,Excellent,3000000
1183.0,2,2,6,Metro City,Fully Furnished,0,Good,7750000
1100.0,2,2,7,Metro City,Semi-Furnished,1,Poor,5500000
1500.0,3,3,19,Metro City,Unfurnished,1,Poor,7850000
1280.0,3,2,9,Metro City,Semi-Furnished,0,Good,5600000
1010.0,2,2,6,Metro City,Fully Furnished,2,Excellent,3800000
1400.0,3,3,5,Metro City,Semi-Furnished,3,Good,11500000
1150.0,2,2,12,Metro City,Semi-Furnished,0,Good,4200000
1200.0,2,2,6,Metro City,Unfurnished,3,Good,7500000
1080.0,2,2,18,Metro City,Semi-Furnished,2,Good,3800000
1255.0,3,2,6,Metro City,Unfurnished,2,Excellent,9500000
1842.0,3,3,8,Metro City,Semi-Furnished,1,Good,11500000
1145.0,2,2,17,Metro City,Fully Furnished,1,Poor,5100000
2000.0,3,3,3,Metro City,Unfurnished,2,Good,10500000
2582.0,3,5,1,Metro City,Semi-Furnished,1,Poor,25000000
1105.0,2,2,1,Metro City,Fully Furnished,0,Poor,2750000
1027.0,2,2,1,Tier-1 City,Semi-Furnished,1,Good,4700000
1419.0,3,2,13,Metro City,Unfurnished,2,Excellent,8700000
1145.0,2,2,6,Metro City,Unfurnished,2,Excellent,4800000
1080.0,3,3,5,Metro City,Semi-Furnished,1,Good,14900000
1700.0,3,3,6,Metro City,Unfurnished,2,Good,9000000
1100.0,2,2,11,Metro City,Semi-Furnished,2,Good,4100000
943.0,2,2,8,Metro City,Semi-Furnished,1,Good,4950000
4000.0,6,6,13,Metro City,Semi-Furnished,1,Good,15000000
1903.0,3,2,0,Metro City,Unfurnished,2,Good,29300000
1125.0,2,2,4,Metro City,Fully Furnished,2,Good,4800000
1662.0,3,3,8,Tier-1 City,Unfurnished,1,Good,4100000
700.0,1,1,13,Metro City,Unfurnished,2,Good,3000000
1035.0,2,2,6,Metro City,Semi-Furnished,2,Good,6000000
2300.0,3,3,7,Tier-1 City,Unfurnished,0,Poor,9800000
650.0,2,1,11,Tier-2 City,Unfurnished,0,Excellent,750000
1162.0,2,2,2,Tier-2 City,Fully Furnished,2,Good,2350000
1810.0,3,3,0,Tier-2 City,Semi-Furnished,1,Good,3650000
1230.0,2,2,2,Metro City,Fully Furnished,1,Good,8500000
1256.0,2,2,14,Metro City,Unfurnished,0,Good,6000000
1000.0,2,2,0,Rural Area,Semi-Furnished,1,Poor,500000
3000.0,3,4,19,Metro City,Unfurnished,2,Excellent,24000000
1410.0,3,2,17,Metro City,Fully Furnished,1,Good,6000000
1031.0,2,2,5,Metro City,Semi-Furnished,2,Good,5300000
1193.0,2,2,1,Metro City,Fully Furnished,1,Good,8600000
1280.0,2,2,3,Tier-1 City,Semi-Furnished,2,Good,4500000
1650.0,3,3,12,Metro City,Fully Furnished,1,Poor,14000000
2072.0,3,4,13,Rural Area,Semi-Furnished,1,Good,2550000
1150.0,2,2,6,Metro City,Unfurnished,1,Excellent,4700000
1180.0,2,2,5,Rural Area,Semi-Furnished,1,Excellent,750000
1160.0,2,2,0,Metro City,Semi-Furnished,1,Good,7500000
1220.0,3,3,0,Metro City,Semi-Furnished,2,Good,5600000
1320.0,3,3,1,Metro City,Fully Furnished,1,Good,22600000
2400.0,6,6,0,Metro City,Semi-Furnished,1,Excellent,24500000
1159.0,3,2,3,Metro City,Fully Furnished,2,Good,3800000
1700.0,3,3,1,Tier-1 City,Fully Furnished,1,Poor,4650000
1325.0,2,2,15,Metro City,Unfurnished,3,Poor,6500000
1777.26,3,3,2,Metro City,Semi-Furnished,1,Good,9200000
900.0,2,2,1,Metro City,Semi-Furnished,0,Excellent,4500000
1800.0,3,3,1,Metro City,Unfurnished,1,Excellent,13000000
800.0,3,2,21,Metro City,Semi-Furnished,2,Good,5200000
1160.0,2,2,18,Metro City,Semi-Furnished,0,Good,4400000
1936.0,3,3,1,Metro City,Unfurnished,2,Good,13900000
1085.0,2,2,6,Tier-2 City,Fully Furnished,0,Good,1800000
1720.0,3,3,4,Tier-2 City,Unfurnished,1,Poor,3100000
1453.0,3,2,0,Metro City,Semi-Furnished,1,Excellent,7300000
3913.0,4,5,19,Metro City,Fully Furnished,1,Excellent,17600000
900.0,2,2,16,Metro City,Semi-Furnished,1,Poor,3300000
2912.5,4,6,13,Tier-2 City,Unfurnished,2,Excellent,4400000
1560.0,3,3,14,Metro City,Unfurnished,1,Excellent,12000000
1464.0,3,3,4,Metro City,Fully Furnished,3,Good,5600000
1750.0,3,3,16,Metro City,Fully Furnished,0,Excellent,10000000
830.0,2,2,9,Metro City,Fully Furnished,1,Good,3650000
1083.0,2,2,0,Metro City,Semi-Furnished,2,Excellent,2800000
1192.0,2,2,17,Metro City,Semi-Furnished,0,Good,7500000
1120.0,2,2,6,Metro City,Semi-Furnished,1,Excellent,3900000
1297.0,2,2,1,Metro City,Semi-Furnished,2,Poor,10300000
1310.0,3,3,10,Metro City,Semi-Furnished,1,Good,6300000
1269.72,2,2,25,Metro City,Semi-Furnished,0,Good,6800000
950.0,2,2,1,Metro City,Semi-Furnished,1,Poor,3200000
2350.0,3,5,5,Metro City,Semi-Furnished,1,Excellent,32700000
1308.0,2,2,15,Tier-2 City,Unfurnished,2,Excellent,3000000
2240.0,3,5,2,Tier-2 City,Semi-Furnished,2,Excellent,6200000
1250.0,2,2,10,Metro City,Semi-Furnished,1,Good,7500000
1707.0,3,3,15,Metro City,Unfurnished,0,Good,9950000
1500.0,3,2,17,Tier-2 City,Fully Furnished,1,Good,3200000
1750.0,3,3,11,Metro City,Semi-Furnished,2,Good,10500000
1541.0,2,2,0,Metro City,Unfurnished,3,Good,13000000
1500.0,1,1,0,Tier-1 City,Fully Furnished,0,Good,4100000
1280.0,2,2,2,Metro City,Semi-Furnished,1,Good,7500000
1683.0,3,3,13,Metro City,Semi-Furnished,1,Good,11000000
1235.0,2,2,1,Tier-2 City,Unfurnished,1,Good,2800000
1936.0,3,2,21,Tier-1 City,Fully Furnished,0,Excellent,3350000
1360.0,3,2,15,Metro City,Fully Furnished,2,Good,6500000
3754.0,4,6,8,Metro City,Semi-Furnished,1,Good,48000000
1128.0,2,2,3,Metro City,Semi-Furnished,1,Excellent,3800000
2400.0,4,4,1,Metro City,Fully Furnished,1,Good,24000000
1655.0,3,3,0,Metro City,Semi-Furnished,0,Excellent,10800000
1161.0,2,2,13,Metro City,Semi-Furnished,2,Good,5500000
1600.0,4,3,11,Metro City,Semi-Furnished,1,Good,16500000
1749.0,3,3,8,Metro City,Fully Furnished,2,Excellent,11200000
1760.0,3,3,11,Metro City,Fully Furnished,1,Good,16000000
1410.0,3,3,9,Metro City,Unfurnished,0,Poor,6800000
2500.0,3,3,17,Metro City,Semi-Furnished,1,Good,7500000
750.0,1,1,2,Metro City,Semi-Furnished,0,Good,2500000
800.0,4,4,13,Metro City,Fully Furnished,0,Poor,12000000
1620.0,3,3,10,Tier-2 City,Unfurnished,1,Good,1800000
1194.0,2,2,6,Metro City,Semi-Furnished,1,Good,4700000
2388.0,3,3,20,Metro City,Semi-Furnished,1,Excellent,19500000
2400.0,4,3,10,Tier-2 City,Unfurnished,1,Good,4500000
1500.0,3,2,0,Rural Area,Fully Furnished,1,Good,500000
1200.0,4,4,2,Metro City,Semi-Furnished,2,Excellent,12500000
4200.0,5,5,0,Metro City,Fully Furnished,1,Good,22500000
1485.0,3,2,8,Metro City,Semi-Furnished,1,Poor,6300000
1532.0,3,3,2,Tier-2 City,Unfurnished,1,Excellent,2800000
1305.0,2,2,2,Metro City,Semi-Furnished,1,Good,7800000
1154.0,2,2,10,Rural Area,Unfurnished,0,Excellent,700000
1500.0,3,2,10,Metro City,Fully Furnished,2,Good,7000000
1175.0,2,2,21,Metro City,Semi-Furnished,1,Good,4700000
1255.0,2,2,0,Metro City,Semi-Furnished,2,Good,5750000
770.0,1,1,4,Tier-2 City,Semi-Furnished,0,Good,1650000
1240.0,3,2,20,Metro City,Fully Furnished,1,Good,5950000
1215.0,2,2,6,Metro City,Semi-Furnished,1,Excellent,9000000
1450.0,3,3,15,Tier-2 City,Unfurnished,1,Good,1800000
2850.0,3,5,14,Metro City,Fully Furnished,2,Good,34300000
1630.0,3,3,8,Metro City,Unfurnished,1,Excellent,19400000
2039.0,3,3,1,Metro City,Semi-Furnished,1,Good,16800000
1260.0,2,2,4,Metro City,Semi-Furnished,1,Excellent,4950000
1100.0,2,2,10,Metro City,Semi-Furnished,2,Good,7000000
950.0,2,2,0,Tier-2 City,Unfurnished,1,Excellent,1700000
1650.0,8,6,1,Metro City,Semi-Furnished,0,Excellent,13500000
1315.0,3,2,11,Metro City,Semi-Furnished,1,Good,6500000
1350.0,4,4,0,Metro City,Unfurnished,0,Good,23000000
980.0,2,2,5,Metro City,Unfurnished,1,Good,3700000
1485.0,3,2,8,Metro City,Semi-Furnished,0,Excellent,11000000
4041.0,4,4,5,Tier-2 City,Unfurnished,3,Good,12500000
1300.0,3,2,6,Metro City,Unfurnished,3,Good,5700000
1646.0,3,3,20,Metro City,Semi-Furnished,3,Poor,7950000
1000.0,2,2,8,Metro City,Semi-Furnished,2,Good,4850000
1274.0,2,2,6,Metro City,Semi-Furnished,1,Excellent,8100000
1573.0,3,3,8,Metro City,Fully Furnished,1,Excellent,9800000
1660.0,10,10,1,Metro City,Fully Furnished,3,Poor,47500000
1650.0,3,3,24,Metro City,Semi-Furnished,1,Good,12500000
1695.0,3,3,2,Tier-2 City,Unfurnished,0,Good,5300000
1150.0,4,4,11,Metro City,Fully Furnished,1,Good,26000000
1525.0,3,3,3,Metro City,Unfurnished,0,Good,6850000
1270.0,3,2,4,Metro City,Unfurnished,0,Excellent,5100000
1246.0,2,2,2,Tier-1 City,Fully Furnished,0,Poor,3800000
1680.0,3,3,14,Metro City,Fully Furnished,2,Good,12200000
1223.0,2,2,6,Tier-1 City,Semi-Furnished,1,Poor,7050000
1560.0,3,3,2,Metro City,Unfurnished,1,Excellent,12500000
1175.0,2,2,9,Metro City,Fully Furnished,2,Good,5150000
1870.0,3,3,4,Metro City,Semi-Furnished,2,Excellent,13800000
1595.0,3,3,7,Metro City,Unfurnished,0,Excellent,8800000
1020.0,2,2,8,Metro City,Semi-Furnished,1,Excellent,7000000
1272.0,2,2,4,Tier-2 City,Semi-Furnished,1,Poor,1450000
1500.0,3,2,17,Metro City,Semi-Furnished,1,Good,8200000
2500.0,3,3,5,Metro City,Unfurnished,2,Good,18000000
1856.0,3,3,2,Metro City,Semi-Furnished,1,Excellent,12000000
2400.0,4,4,21,Metro City,Unfurnished,2,Excellent,35800000
1400.0,2,2,7,Tier-2 City,Unfurnished,2,Poor,2750000
1200.0,5,5,22,Tier-2 City,Semi-Furnished,1,Good,2500000
1135.0,2,2,8,Tier-1 City,Unfurnished,2,Good,5050000
1129.0,2,2,0,Metro City,Semi-Furnished,1,Excellent,5000000
525.0,4,5,7,Tier-1 City,Unfurnished,1,Poor,4400000
2240.0,3,3,7,Metro City,Unfurnished,1,Good,30000000
3517.0,4,4,1,Metro City,Unfurnished,1,Good,16150000
900.0,2,2,13,Metro City,Semi-Furnished,2,Excellent,4500000
923.0,1,1,10,Tier-1 City,Unfurnished,2,Poor,2650000
600.0,1,1,16,Metro City,Fully Furnished,1,Good,1950000
1353.0,2,2,16,Metro City,Semi-Furnished,2,Good,7500000
1250.0,3,2,13,Tier-1 City,Semi-Furnished,0,Good,4400000
1365.0,2,2,9,Tier-2 City,Unfurnished,1,Excellent,4000000
1458.0,3,2,5,Metro City,Semi-Furnished,2,Good,8700000
1250.0,3,3,2,Rural Area,Unfurnished,0,Good,500000
1530.0,3,3,0,Metro City,Unfurnished,1,Good,5200000
1385.0,3,2,9,Metro City,Semi-Furnished,1,Good,6850000
1195.0,2,2,18,Metro City,Fully Furnished,0,Good,5900000
850.0,2,2,8,Metro City,Fully Furnished,2,Good,3500000
1550.0,3,2,14,Metro City,Unfurnished,1,Poor,9000000
3895.0,4,4,15,Metro City,Fully Furnished,0,Good,22000000
2430.0,3,4,3,Rural Area,Unfurnished,2,Excellent,2900000
1750.0,3,3,5,Metro City,Unfurnished,0,Good,13000000
1640.0,3,3,2,Metro City,Unfurnished,0,Poor,24500000
1294.0,3,2,7,Metro City,Fully Furnished,2,Excellent,4800000
1200.0,2,2,8,Metro City,Semi-Furnished,2,Excellent,4050000
1139.0,2,2,0,Metro City,Semi-Furnished,2,Good,5700000
2107.0,4,4,3,Metro City,Fully Furnished,1,Good,9500000
890.0,2,2,14,Metro City,Semi-Furnished,1,Good,4500000
1186.0,2,2,7,Rural Area,Semi-Furnished,2,Excellent,850000
1140.0,2,2,10,Metro City,Unfurnished,2,Good,5500000
4200.0,4,4,20,Metro City,Semi-Furnished,1,Excellent,76000000
1500.0,4,2,10,Metro City,Unfurnished,2,Excellent,45000000
4260.0,4,4,11,Metro City,Semi-Furnished,1,Good,27200000
1185.0,2,2,1,Metro City,Fully Furnished,1,Good,4350000
1410.0,2,1,4,Metro City,Unfurnished,1,Good,23300000
1515.0,3,3,3,Metro City,Fully Furnished,1,Good,8800000
2400.0,6,6,10,Metro City,Fully Furnished,1,Good,37000000
1706.0,3,3,5,Metro City,Unfurnished,1,Good,13500000
600.0,2,2,8,Metro City,Semi-Furnished,1,Good,2300000
2292.0,3,4,11,Metro City,Unfurnished,1,Good,27500000
1111.0,2,2,9,Metro City,Unfurnished,2,Good,5000000
1033.0,2,2,13,Metro City,Semi-Furnished,2,Good,4800000
1074.0,2,2,20,Metro City,Semi-Furnished,1,Poor,2700000
1075.0,2,2,9,Metro City,Semi-Furnished,2,Good,5200000
1051.0,2,2,7,Metro City,Unfurnished,1,Good,6000000
1333.0,3,3,5,Metro City,Unfurnished,2,Poor,5000000
1450.0,2,2,7,Metro City,Semi-Furnished,1,Good,5700000
1825.0,3,3,24,Metro City,Unfurnished,2,Excellent,10500000
1200.0,2,2,18,Metro City,Fully Furnished,0,Excellent,4600000
2900.0,3,3,19,Metro City,Fully Furnished,2,Excellent,32500000
1756.0,3,3,16,Metro City,Fully Furnished,1,Good,12800000
2500.0,3,3,3,Metro City,Fully Furnished,2,Excellent,8800000
1200.0,2,2,7,Metro City,Fully Furnished,1,Excellent,12500000
995.0,2,2,7,Metro City,Unfurnished,1,Good,4100000
1200.0,5,5,11,Tier-1 City,Semi-Furnished,2,Excellent,13750000
1035.0,2,2,3,Rural Area,Semi-Furnished,1,Poor,900000
1230.0,2,2,12,Metro City,Semi-Furnished,1,Excellent,4800000
1187.0,2,2,5,Tier-1 City,Semi-Furnished,1,Good,2900000
900.0,2,2,6,Metro City,Semi-Furnished,1,Good,4500000
1105.0,2,2,16,Metro City,Semi-Furnished,2,Good,5800000
1415.0,2,2,3,Metro City,Fully Furnished,1,Good,6000000
1235.0,2,2,2,Metro City,Semi-Furnished,0,Good,5300000
600.0,3,2,9,Metro City,Semi-Furnished,2,Excellent,6000000
1744.0,3,4,11,Metro City,Semi-Furnished,0,Good,21000000
1197.0,2,2,20,Metro City,Fully Furnished,0,Good,5000000
800.0,3,4,16,Metro City,Unfurnished,1,Poor,8800000
1045.0,2,2,1,Metro City,Semi-Furnished,1,Poor,4200000
1200.0,2,2,0,Metro City,Unfurnished,2,Good,4300000
1107.0,2,2,15,Metro City,Semi-Furnished,2,Good,4000000
1330.0,2,2,13,Metro City,Semi-Furnished,2,Excellent,7500000
1032.0,2,2,1,Metro City,Semi-Furnished,2,Good,3200000
1722.0,3,3,22,Metro City,Semi-Furnished,1,Good,9500000
918.0,2,2,5,Metro City,Fully Furnished,1,Good,5000000
612.0,4,3,13,Metro City,Unfurnished,1,Poor,4700000
1050.0,2,2,0,Metro City,Fully Furnished,0,Good,4250000
993.0,2,2,21,Rural Area,Semi-Furnished,1,Excellent,550000
2100.0,3,3,3,Metro City,Semi-Furnished,0,Good,25200000
657.5,1,1,14,Metro City,Semi-Furnished,1,Good,1850000
1125.0,2,2,6,Tier-1 City,Unfurnished,0,Poor,5000000
3500.0,4,4,9,Metro City,Semi-Furnished,1,Poor,28900000
3884.0,4,4,7,Rural Area,Semi-Furnished,2,Excellent,3100000
1300.0,3,2,6,Metro City,Fully Furnished,0,Good,5200000
1830.0,3,3,15,Metro City,Unfurnished,1,Poor,8900000
2300.0,3,3,5,Metro City,Fully Furnished,1,Poor,36900000
1868.0,3,3,22,Tier-1 City,Fully Furnished,2,Good,8000000
1500.0,3,5,5,Metro City,Unfurnished,2,Good,9500000
1451.0,3,3,5,Metro City,Semi-Furnished,1,Good,6800000
3500.0,4,4,6,Metro City,Fully Furnished,0,Excellent,13800000
1431.5,3,3,5,Metro City,Semi-Furnished,2,Excellent,7200000
1125.0,2,2,3,Metro City,Unfurnished,0,Excellent,4500000
1819.0,3,3,0,Metro City,Unfurnished,1,Poor,10000000
1800.0,4,4,10,Metro City,Fully Furnished,1,Excellent,17800000
1341.0,2,2,19,Metro City,Unfurnished,2,Good,9500000
1200.0,3,3,22,Rural Area,Unfurnished,0,Excellent,3850000
458.0,1,1,11,Metro City,Semi-Furnished,1,Excellent,3350000
1730.0,3,3,5,Metro City,Unfurnished,1,Excellent,9600000
1720.0,3,3,19,Metro City,Semi-Furnished,2,Excellent,13500000
1420.0,2,1,16,Metro City,Fully Furnished,1,Excellent,22000000
900.0,2,2,4,Metro City,Semi-Furnished,2,Poor,4800000
1675.0,3,3,7,Metro City,Unfurnished,0,Good,7500000
1755.0,3,3,1,Rural Area,Semi-Furnished,0,Poor,1750000
1017.0,2,2,2,Metro City,Semi-Furnished,2,Excellent,6600000
1350.0,3,3,8,Metro City,Semi-Furnished,1,Good,4600000
3170.0,4,5,12,Rural Area,Semi-Furnished,2,Excellent,3200000
1250.0,3,3,16,Metro City,Semi-Furnished,1,Good,3950000
1553.0,3,3,8,Tier-2 City,Semi-Furnished,0,Excellent,2650000
1700.0,3,3,3,Metro City,Semi-Furnished,3,Excellent,7500000
1100.0,2,2,6,Metro City,Unfurnished,1,Good,4650000
1740.0,3,2,12,Tier-2 City,Unfurnished,2,Good,3500000
1350.0,3,2,1,Metro City,Semi-Furnished,0,Excellent,5100000
560.0,2,2,16,Metro City,Semi-Furnished,0,Good,1650000
1482.0,3,2,10,Metro City,Fully Furnished,2,Good,9700000
1452.0,3,3,20,Metro City,Fully Furnished,1,Good,5550000
620.0,2,2,1,Metro City,Semi-Furnished,2,Good,2200000
1676.0,3,3,4,Metro City,Semi-Furnished,1,Good,5200000
3000.0,8,4,3,Metro City,Semi-Furnished,1,Excellent,13000000
1215.0,2,2,2,Metro City,Semi-Furnished,2,Good,4550000
1255.0,2,2,10,Metro City,Semi-Furnished,2,Excellent,5000000
1100.0,2,2,23,Tier-2 City,Unfurnished,2,Good,2000000
870.0,2,1,3,Metro City,Semi-Furnished,1,Good,4500000
2690.0,3,3,5,Metro City,Unfurnished,3,Poor,29500000
1200.0,3,2,5,Tier-1 City,Unfurnished,1,Good,4650000
1045.0,2,2,12,Metro City,Fully Furnished,2,Good,4500000
1837.0,3,3,7,Metro City,Fully Furnished,1,Good,14500000
1600.0,3,2,5,Metro City,Unfurnished,1,Good,10800000
1290.0,2,2,22,Metro City,Semi-Furnished,1,Good,8500000
1176.0,2,2,1,Rural Area,Unfurnished,1,Excellent,650000
1143.0,2,2,7,Tier-2 City,Unfurnished,1,Good,1400000
1460.0,3,2,16,Metro City,Fully Furnished,1,Good,8000000
1200.0,3,2,10,Metro City,Fully Furnished,1,Good,13000000
555.0,2,1,1,Metro City,Fully Furnished,3,Good,3700000
1800.0,3,3,10,Metro City,Semi-Furnished,2,Good,15000000
1100.0,2,2,0,Metro City,Semi-Furnished,2,Poor,3800000
1919.0,3,3,12,Metro City,Fully Furnished,1,Good,12100000
1365.0,3,3,4,Metro City,Semi-Furnished,1,Good,5300000
2872.0,4,4,12,Metro City,Semi-Furnished,1,Good,18300000
700.0,2,2,1,Metro City,Fully Furnished,0,Excellent,4000000
840.0,1,1,9,Metro City,Unfurnished,1,Good,15000000
1450.0,3,3,14,Metro City,Semi-Furnished,2,Excellent,7500000
1146.0,2,2,3,Tier-1 City,Fully Furnished,1,Excellent,2950000
1020.0,2,2,14,Metro City,Semi-Furnished,1,Good,4900000
2140.0,3,3,5,Metro City,Fully Furnished,1,Good,13900000
3950.0,4,4,2,Metro City,Semi-Furnished,1,Excellent,45000000
1200.0,4,4,4,Metro City,Fully Furnished,1,Good,16500000
2340.0,4,4,15,Metro City,Fully Furnished,3,Good,14500000
1025.0,3,2,25,Metro City,Semi-Furnished,1,Good,3700000
1650.0,3,3,3,Tier-2 City,Semi-Furnished,3,Poor,3150000
1255.0,2,2,21,Metro City,Unfurnished,1,Good,5400000
1200.0,5,4,16,Tier-2 City,Unfurnished,0,Excellent,5500000
933.0,2,2,2,Tier-1 City,Fully Furnished,2,Good,5600000
400.0,1,1,16,Metro City,Semi-Furnished,1,Poor,1400000
1340.0,3,2,1,Metro City,Semi-Furnished,0,Excellent,5350000
1804.0,3,3,0,Metro City,Unfurnished,1,Excellent,15500000
1703.0,3,3,11,Metro City,Semi-Furnished,2,Poor,11300000
1320.0,2,2,9,Metro City,Fully Furnished,2,Good,16500000
1610.0,3,3,8,Metro City,Unfurnished,1,Good,8100000
1200.0,2,2,17,Metro City,Semi-Furnished,0,Good,6250000
1080.0,2,2,11,Metro City,Semi-Furnished,1,Good,3800000
1500.0,3,3,11,Tier-1 City,Semi-Furnished,0,Excellent,4050000
1349.0,2,2,6,Metro City,Unfurnished,1,Excellent,9800000
2400.0,3,3,0,Metro City,Fully Furnished,0,Good,19000000
1196.0,2,2,9,Metro City,Fully Furnished,1,Poor,6000000
1325.0,3,2,1,Metro City,Semi-Furnished,1,Good,6100000
2010.0,3,3,18,Metro City,Unfurnished,0,Good,20100000
2000.0,5,4,0,Metro City,Semi-Furnished,2,Good,10300000
2480.0,3,4,10,Tier-1 City,Semi-Furnished,2,Good,16350000
1200.0,2,1,0,Metro City,Unfurnished,1,Excellent,9500000
1150.0,2,2,2,Metro City,Fully Furnished,1,Good,4100000
1000.0,2,2,2,Metro City,Semi-Furnished,1,Excellent,4800000
1250.0,2,2,16,Tier-2 City,Unfurnished,2,Excellent,3300000
3000.0,4,4,3,Metro City,Unfurnished,0,Good,10000000
1124.0,3,2,10,Metro City,Fully Furnished,1,Poor,5500000
935.0,2,2,11,Metro City,Unfurnished,2,Excellent,3900000
1036.0,2,2,17,Metro City,Fully Furnished,0,Excellent,3950000
2569.0,4,4,13,Metro City,Unfurnished,1,Good,17500000
1200.0,2,1,7,Metro City,Unfurnished,0,Good,3600000
1612.0,3,3,13,Metro City,Semi-Furnished,1,Excellent,9850000
1440.0,3,2,6,Metro City,Semi-Furnished,0,Excellent,7000000
2800.0,7,6,0,Metro City,Unfurnished,2,Good,11000000
1800.0,5,4,10,Metro City,Unfurnished,0,Good,18700000
1125.0,2,2,19,Metro City,Unfurnished,1,Good,5500000
1575.0,4,5,6,Metro City,Unfurnished,0,Good,15800000
1238.0,2,2,1,Metro City,Semi-Furnished,1,Excellent,5500000
750.0,3,2,21,Metro City,Semi-Furnished,2,Poor,7500000
900.0,2,2,9,Metro City,Fully Furnished,1,Excellent,2500000
1245.0,2,2,8,Metro City,Semi-Furnished,2,Poor,12500000
1980.0,3,3,1,Metro City,Semi-Furnished,1,Excellent,8800000
1250.0,4,4,21,Metro City,Semi-Furnished,1,Excellent,10000000
800.0,2,2,25,Metro City,Fully Furnished,2,Excellent,3000000
1190.0,2,2,5,Metro City,Unfurnished,2,Good,4100000
1225.0,2,2,10,Metro City,Semi-Furnished,2,Excellent,7100000
3657.0,4,5,14,Metro City,Semi-Furnished,1,Good,22000000
750.0,1,1,17,Metro City,Unfurnished,3,Excellent,5250000
4000.0,5,4,5,Metro City,Unfurnished,1,Excellent,24000000
1724.0,3,3,9,Metro City,Semi-Furnished,1,Poor,12500000
1094.0,2,2,10,Metro City,Unfurnished,2,Excellent,4400000
1760.0,3,3,9,Metro City,Semi-Furnished,2,Excellent,9000000
845.0,2,2,19,Tier-1 City,Unfurnished,2,Good,2500000
1718.0,3,3,0,Tier-2 City,Unfurnished,1,Good,4400000
527.0,1,1,15,Metro City,Semi-Furnished,1,Good,2600000
1001.0,2,2,20,Tier-2 City,Semi-Furnished,1,Good,1050000
905.0,2,2,20,Metro City,Semi-Furnished,1,Good,5800000
1044.0,2,2,0,Metro City,Fully Furnished,2,Good,3200000
1075.0,2,2,4,Metro City,Unfurnished,2,Good,5300000
1385.0,3,2,7,Metro City,Semi-Furnished,1,Good,6900000
600.0,1,1,4,Tier-1 City,Semi-Furnished,1,Good,2850000
1200.0,2,2,1,Metro City,Semi-Furnished,1,Excellent,5050000
1050.0,2,2,9,Metro City,Unfurnished,1,Poor,5250000
1200.0,2,2,12,Metro City,Unfurnished,2,Excellent,4500000
1060.0,2,2,18,Metro City,Semi-Furnished,0,Good,4000000
882.0,2,2,1,Metro City,Unfurnished,1,Excellent,3000000
1232.0,3,3,12,Metro City,Unfurnished,1,Excellent,9600000
1400.0,3,3,11,Tier-2 City,Fully Furnished,1,Good,2350000
1400.0,3,2,2,Rural Area,Unfurnished,1,Good,500000
600.0,8,8,14,Tier-2 City,Unfurnished,2,Excellent,2950000
1965.0,3,3,6,Metro City,Semi-Furnished,0,Good,12000000
4334.0,4,4,4,Metro City,Fully Furnished,0,Good,33800000
1185.0,2,2,2,Metro City,Unfurnished,2,Good,7500000
1348.0,3,2,22,Metro City,Semi-Furnished,1,Good,8050000
1650.0,3,3,16,Metro City,Fully Furnished,1,Good,10000000
656.0,1,1,1,Metro City,Semi-Furnished,1,Excellent,5300000
1100.0,2,2,2,Metro City,Fully Furnished,2,Good,16600000
2144.0,3,3,18,Metro City,Unfurnished,1,Good,14000000
650.0,1,1,18,Tier-2 City,Semi-Furnished,2,Poor,600000
600.0,1,1,7,Metro City,Semi-Furnished,2,Good,3000000
1040.0,2,2,11,Metro City,Fully Furnished,1,Good,4150000
1700.0,2,2,8,Metro City,Semi-Furnished,1,Poor,7600000
1478.0,3,2,11,Metro City,Semi-Furnished,2,Good,4400000
1650.0,3,3,6,Metro City,Fully Furnished,2,Excellent,8200000
1200.0,2,2,11,Metro City,Fully Furnished,1,Poor,4250000
1664.0,3,2,8,Metro City,Semi-Furnished,1,Excellent,7400000
1013.0,2,2,3,Metro City,Fully Furnished,0,Good,6000000
1200.0,6,9,7,Metro City,Unfurnished,0,Good,12200000
600.0,4,4,0,Tier-1 City,Unfurnished,2,Good,4650000
1076.0,2,2,9,Rural Area,Unfurnished,2,Excellent,850000
3000.0,6,8,6,Metro City,Unfurnished,0,Good,45100000
782.0,6,4,0,Metro City,Semi-Furnished,1,Poor,8500000
1566.0,2,2,4,Metro City,Semi-Furnished,1,Good,18000000
1720.0,3,3,19,Tier-2 City,Semi-Furnished,2,Excellent,5250000
1200.0,5,5,10,Metro City,Fully Furnished,1,Good,17000000
1602.0,3,2,14,Metro City,Semi-Furnished,1,Good,7500000
1500.0,2,2,6,Tier-1 City,Semi-Furnished,0,Good,9650000
1247.0,2,2,4,Metro City,Fully Furnished,0,Good,6250000
2502.0,4,4,8,Metro City,Fully Furnished,0,Good,17000000
1525.0,3,2,13,Metro City,Unfurnished,2,Excellent,4800000
630.0,2,1,20,Metro City,Unfurnished,1,Poor,2700000
1210.0,2,2,4,Metro City,Unfurnished,0,Excellent,7400000
3600.0,4,4,0,Metro City,Unfurnished,1,Excellent,36500000
1586.0,3,3,4,Metro City,Semi-Furnished,1,Poor,12500000
3600.0,5,5,18,Metro City,Semi-Furnished,2,Excellent,13000000
645.0,1,1,14,Metro City,Semi-Furnished,1,Good,1650000
1785.0,3,3,2,Metro City,Semi-Furnished,2,Good,16500000
1135.0,2,2,10,Metro City,Unfurnished,2,Good,6000000
575.0,1,1,16,Metro City,Semi-Furnished,1,Good,1700000
1065.0,2,2,4,Metro City,Fully Furnished,3,Good,4600000
2072.0,3,4,10,Metro City,Unfurnished,1,Good,15300000
1140.0,2,2,4,Metro City,Unfurnished,2,Good,4900000
1800.0,4,4,19,Rural Area,Unfurnished,2,Good,5450000
2750.0,4,4,3,Metro City,Semi-Furnished,1,Good,14200000
654.0,1,1,10,Metro City,Semi-Furnished,0,Excellent,4900000
1200.0,5,4,3,Rural Area,Fully Furnished,1,Excellent,800000
1200.0,2,1,4,Tier-2 City,Semi-Furnished,1,Excellent,6950000
4460.0,4,5,18,Metro City,Fully Furnished,0,Good,65000000
1100.0,2,2,25,Metro City,Unfurnished,1,Good,5000000
1558.0,3,3,7,Metro City,Fully Furnished,0,Good,9000000
1116.0,2,2,14,Metro City,Semi-Furnished,1,Good,4700000
940.0,2,2,14,Metro City,Unfurnished,0,Good,5700000
1320.0,8,6,1,Tier-2 City,Unfurnished,0,Good,6600000
966.0,2,2,0,Metro City,Semi-Furnished,0,Good,5000000
1285.0,2,2,11,Metro City,Semi-Furnished,1,Good,8200000
1733.5,3,3,24,Metro City,Fully Furnished,1,Good,12000000
1056.0,2,2,13,Metro City,Semi-Furnished,1,Good,8000000
1309.0,2,2,21,Metro City,Semi-Furnished,1,Excellent,6450000
1330.0,3,3,0,Tier-2 City,Unfurnished,0,Poor,2200000
1060.0,2,2,14,Metro City,Unfurnished,1,Good,3500000
1200.0,3,3,0,Metro City,Fully Furnished,1,Excellent,5650000
950.0,5,5,22,Metro City,Semi-Furnished,1,Good,5500000
1400.0,3,2,12,Metro City,Semi-Furnished,1,Good,8050000
1200.0,4,4,13,Metro City,Semi-Furnished,2,Good,16900000
2100.0,6,6,21,Metro City,Fully Furnished,0,Good,27500000
2000.0,3,3,19,Metro City,Semi-Furnished,3,Poor,8500000
1070.0,2,2,3,Tier-1 City,Semi-Furnished,1,Good,2450000
1500.0,8,10,12,Metro City,Semi-Furnished,1,Good,16500000
1200.0,2,2,2,Tier-2 City,Unfurnished,0,Excellent,3200000
1300.0,3,3,1,Metro City,Fully Furnished,1,Good,4200000
1007.0,2,2,4,Metro City,Fully Furnished,1,Poor,4300000
3408.0,3,3,5,Metro City,Fully Furnished,3,Excellent,26000000
1200.0,3,2,7,Metro City,Semi-Furnished,1,Good,10800000
3250.0,8,8,20,Tier-1 City,Unfurnished,2,Good,43500000
1962.0,3,3,3,Metro City,Fully Furnished,1,Poor,17500000
2400.0,4,4,8,Metro City,Semi-Furnished,3,Good,65000000
1787.0,3,3,18,Metro City,Semi-Furnished,1,Good,9850000
1719.0,3,3,7,Tier-2 City,Fully Furnished,1,Poor,2700000
1500.0,4,4,7,Metro City,Fully Furnished,2,Excellent,23000000
1256.0,3,2,18,Metro City,Unfurnished,1,Poor,5000000
1200.0,2,2,21,Tier-1 City,Unfurnished,1,Poor,4250000
1150.0,2,2,5,Metro City,Fully Furnished,1,Excellent,4200000
675.0,3,3,9,Metro City,Unfurnished,0,Good,7500000
1550.0,3,2,3,Metro City,Semi-Furnished,2,Good,9800000
939.0,2,2,17,Metro City,Semi-Furnished,2,Good,3900000
900.0,2,2,5,Metro City,Fully Furnished,1,Excellent,4000000
525.0,1,1,14,Metro City,Fully Furnished,1,Excellent,2900000
1900.0,3,3,16,Metro City,Semi-Furnished,1,Good,6500000
1850.0,3,3,0,Metro City,Semi-Furnished,0,Good,9800000
1130.0,2,2,16,Metro City,Semi-Furnished,1,Excellent,3600000
1440.0,3,2,19,Metro City,Fully Furnished,2,Poor,6400000
1530.0,3,3,14,Metro City,Semi-Furnished,3,Excellent,7100000
900.0,2,2,3,Metro City,Unfurnished,1,Good,5000000
1665.0,3,3,8,Tier-2 City,Fully Furnished,0,Good,2500000
1160.0,2,2,9,Tier-2 City,Fully Furnished,1,Good,4050000
1200.0,2,2,9,Metro City,Semi-Furnished,0,Good,7500000
1700.0,3,3,8,Metro City,Semi-Furnished,2,Excellent,11100000
1050.0,2,2,18,Tier-1 City,Semi-Furnished,3,Good,3250000
1700.0,3,3,1,Metro City,Unfurnished,1,Good,12000000
1200.0,5,5,1,Metro City,Semi-Furnished,1,Excellent,19500000
2400.0,5,5,3,Tier-2 City,Unfurnished,2,Excellent,4400000
1260.0,2,2,21,Metro City,Fully Furnished,0,Poor,10000000
2423.0,3,4,17,Rural Area,Fully Furnished,0,Good,1750000
1100.0,2,2,18,Metro City,Fully Furnished,1,Good,4000000
1200.0,6,6,15,Metro City,Fully Furnished,1,Good,30000000
1255.0,3,2,0,Metro City,Fully Furnished,2,Good,7750000
2900.0,4,4,4,Tier-1 City,Fully Furnished,2,Good,13650000
400.0,1,1,0,Tier-1 City,Semi-Furnished,0,Excellent,2850000
2048.0,3,3,2,Metro City,Semi-Furnished,2,Excellent,20600000
1200.0,2,2,0,Metro City,Fully Furnished,1,Good,6000000
4800.0,4,4,9,Tier-2 City,Semi-Furnished,2,Good,8700000
1165.0,2,2,21,Metro City,Unfurnished,1,Excellent,3350000
1226.0,2,2,0,Metro City,Semi-Furnished,3,Good,5250000
1075.0,3,2,21,Metro City,Unfurnished,0,Good,4200000
1603.0,3,2,14,Metro City,Fully Furnished,0,Good,12500000
1255.0,2,2,4,Metro City,Semi-Furnished,2,Good,5350000
9000.0,3,4,11,Metro City,Fully Furnished,1,Good,39000000
1367.0,2,2,4,Metro City,Unfurnished,1,Excellent,8600000
3181.0,4,4,17,Metro City,Unfurnished,2,Good,26050000
1500.0,4,4,15,Tier-2 City,Semi-Furnished,1,Excellent,7800000
1254.0,3,3,8,Metro City,Semi-Furnished,1,Poor,3800000
1200.0,3,2,1,Metro City,Semi-Furnished,1,Good,10000000
1216.0,2,2,1,Metro City,Fully Furnished,0,Good,6650000
2790.0,4,4,15,Metro City,Unfurnished,1,Excellent,19800000
760.0,1,1,4,Metro City,Fully Furnished,2,Good,2150000
1570.0,3,3,11,Rural Area,Fully Furnished,2,Excellent,1300000
1165.0,2,2,13,Metro City,Semi-Furnished,1,Good,8500000
1305.0,2,2,14,Metro City,Unfurnished,1,Good,9000000
1296.0,2,2,3,Metro City,Unfurnished,2,Good,7200000
610.0,1,1,23,Metro City,Semi-Furnished,1,Good,3900000
1200.0,2,2,2,Metro City,Semi-Furnished,2,Poor,5400000
1200.0,2,2,9,Metro City,Unfurnished,2,Poor,4450000
975.0,2,2,20,Metro City,Unfurnished,0,Good,6000000
2710.0,3,3,5,Metro City,Unfurnished,1,Good,17000000
2651.0,3,2,9,Metro City,Semi-Furnished,1,Excellent,22500000
1150.0,3,2,12,Metro City,Semi-Furnished,2,Good,4000000
1335.0,2,2,20,Metro City,Semi-Furnished,2,Excellent,9500000
1030.0,2,2,10,Metro City,Semi-Furnished,1,Excellent,6000000
1128.0,2,2,15,Tier-1 City,Fully Furnished,1,Good,4350000
1300.0,2,2,22,Tier-1 City,Unfurnished,1,Good,4600000
2254.0,3,3,8,Metro City,Fully Furnished,1,Good,17000000
1250.0,2,2,8,Metro City,Semi-Furnished,2,Good,6200000
1245.0,2,2,1,Metro City,Semi-Furnished,1,Good,6200000
1900.0,3,3,3,Metro City,Unfurnished,1,Good,20500000
1875.0,3,2,13,Metro City,Semi-Furnished,1,Good,23500000
750.0,6,4,22,Metro City,Semi-Furnished,2,Good,15000000
2254.0,3,3,14,Metro City,Fully Furnished,2,Good,17000000
5600.0,5,5,5,Metro City,Unfurnished,1,Good,51500000
1190.0,2,2,0,Metro City,Semi-Furnished,1,Excellent,5000000
1200.0,2,2,3,Metro City,Unfurnished,1,Excellent,7600000
545.0,2,1,7,Metro City,Unfurnished,0,Poor,2800000
7200.0,10,10,3,Metro City,Semi-Furnished,1,Good,20000000
1200.0,5,4,1,Metro City,Semi-Furnished,2,Good,16000000
600.0,4,2,15,Metro City,Semi-Furnished,1,Good,5000000
1120.0,2,2,8,Metro City,Fully Furnished,1,Good,4250000
1195.0,2,2,10,Metro City,Semi-Furnished,1,Good,4250000
1500.0,4,4,22,Tier-1 City,Semi-Furnished,2,Good,7750000
1200.0,2,2,18,Metro City,Fully Furnished,1,Poor,7000000
1185.0,2,2,1,Metro City,Fully Furnished,1,Good,5800000
1057.0,2,2,3,Metro City,Fully Furnished,0,Poor,3000000
1115.0,2,2,20,Rural Area,Semi-Furnished,3,Good,500000
4500.0,7,5,1,Metro City,Unfurnished,2,Poor,25000000
1240.0,2,2,5,Metro City,Unfurnished,1,Good,7000000
3500.0,3,4,9,Metro City,Unfurnished,2,Good,33000000
3400.0,4,4,21,Rural Area,Unfurnished,2,Good,2500000
1950.0,3,3,12,Metro City,Fully Furnished,1,Excellent,13000000
1580.0,3,2,2,Metro City,Unfurnished,0,Excellent,13400000
1385.0,3,2,6,Rural Area,Semi-Furnished,1,Excellent,850000
1163.0,2,2,2,Tier-1 City,Unfurnished,1,Good,4250000
986.0,2,2,24,Metro City,Semi-Furnished,1,Good,3100000
1350.0,2,2,0,Metro City,Unfurnished,1,Poor,5550000
800.0,2,3,9,Metro City,Semi-Furnished,1,Excellent,5950000
1602.0,3,2,16,Metro City,Semi-Furnished,0,Good,17000000
1200.0,10,10,1,Metro City,Semi-Furnished,0,Good,10500000
1128.0,2,2,19,Metro City,Unfurnished,2,Good,6550000
1070.0,2,2,3,Metro City,Semi-Furnished,0,Good,5600000
1800.0,3,3,5,Tier-1 City,Fully Furnished,2,Good,5450000
1200.0,3,2,0,Metro City,Semi-Furnished,1,Good,3850000
1110.0,2,2,14,Metro City,Semi-Furnished,1,Good,4500000
1680.0,3,3,16,Metro City,Semi-Furnished,2,Good,9950000
1151.0,2,2,10,Metro City,Unfurnished,2,Good,4300000
3155.0,3,3,10,Metro City,Semi-Furnished,2,Excellent,31500000
1250.0,2,2,8,Tier-2 City,Unfurnished,2,Good,2350000
1037.0,2,2,21,Metro City,Semi-Furnished,1,Good,3650000
1200.0,6,5,13,Tier-1 City,Semi-Furnished,1,Excellent,6800000
1425.0,3,2,7,Metro City,Fully Furnished,1,Good,5000000
700.0,2,1,9,Metro City,Unfurnished,2,Good,3500000
4250.0,4,4,24,Tier-1 City,Fully Furnished,0,Good,38400000
1100.0,2,2,3,Tier-1 City,Unfurnished,1,Good,2450000
500.0,1,1,3,Metro City,Fully Furnished,1,Good,1400000
1330.0,3,3,0,Metro City,Semi-Furnished,2,Poor,7350000
3600.0,6,6,6,Metro City,Unfurnished,2,Good,30300000
1339.0,2,2,21,Metro City,Fully Furnished,2,Good,5500000
1187.0,3,2,21,Metro City,Fully Furnished,1,Excellent,5500000
1232.0,2,2,25,Metro City,Fully Furnished,2,Good,8900000
2483.0,4,5,1,Metro City,Semi-Furnished,0,Excellent,21500000
1315.0,3,2,9,Metro City,Fully Furnished,1,Excellent,5500000
1272.0,2,2,4,Metro City,Semi-Furnished,1,Poor,5150000
1100.0,2,2,25,Metro City,Unfurnished,3,Poor,3850000
1530.0,3,2,12,Metro City,Unfurnished,1,Good,7450000
1150.0,2,2,15,Metro City,Unfurnished,1,Good,5300000
1300.0,2,2,19,Metro City,Fully Furnished,0,Good,8500000
830.0,2,2,0,Metro City,Fully Furnished,2,Good,3400000
1550.0,3,3,14,Metro City,Unfurnished,1,Good,5900000
600.0,4,3,8,Metro City,Semi-Furnished,1,Poor,7700000
450.0,1,1,3,Metro City,Unfurnished,1,Good,2000000
1200.0,2,2,21,Metro City,Fully Furnished,1,Good,5400000
1200.0,2,2,14,Rural Area,Unfurnished,2,Good,550000
1475.0,3,2,5,Metro City,Fully Furnished,2,Good,5900000
1092.0,3,3,14,Metro City,Semi-Furnished,3,Good,9500000
1025.0,2,2,22,Tier-1 City,Semi-Furnished,2,Good,4600000
1195.0,2,2,1,Metro City,Semi-Furnished,1,Excellent,5200000
1800.0,8,8,18,Metro City,Fully Furnished,2,Good,11000000
1116.0,2,2,21,Tier-1 City,Unfurnished,1,Excellent,3400000
1194.0,2,2,12,Metro City,Unfurnished,1,Good,5100000
1230.0,3,2,13,Metro City,Semi-Furnished,1,Poor,4350000
1544.0,3,3,18,Metro City,Semi-Furnished,0,Good,12000000
1720.0,3,3,0,Metro City,Semi-Furnished,2,Good,9900000
1190.0,2,2,10,Metro City,Fully Furnished,1,Excellent,5050000
1075.0,3,2,2,Metro City,Unfurnished,0,Good,3500000
1800.0,2,2,19,Metro City,Semi-Furnished,1,Good,8000000
5611.5,4,4,5,Metro City,Fully Furnished,2,Excellent,47700000
1360.0,2,2,9,Metro City,Semi-Furnished,1,Good,10300000
1028.0,2,2,12,Metro City,Fully Furnished,1,Good,4200000
1210.0,2,2,2,Metro City,Unfurnished,2,Good,8000000
1240.0,3,2,10,Metro City,Fully Furnished,0,Excellent,7900000
1375.0,3,2,1,Metro City,Semi-Furnished,1,Excellent,4800000
1067.0,2,2,13,Metro City,Semi-Furnished,0,Excellent,6000000
2030.0,3,4,3,Metro City,Unfurnished,1,Excellent,12500000
1856.0,3,3,0,Tier-2 City,Semi-Furnished,3,Poor,4550000
1155.0,2,2,14,Metro City,Semi-Furnished,1,Excellent,6000000
1798.0,3,3,8,Metro City,Semi-Furnished,1,Excellent,7300000
1200.0,1,1,10,Tier-2 City,Unfurnished,2,Good,4550000
4400.0,6,6,1,Metro City,Unfurnished,1,Good,25000000
1030.0,2,2,13,Metro City,Semi-Furnished,0,Good,4650000
1175.0,2,2,9,Tier-2 City,Unfurnished,1,Good,2300000
1550.0,3,3,11,Metro City,Semi-Furnished,2,Good,6450000
1444.0,3,2,12,Rural Area,Unfurnished,1,Poor,1050000
1230.0,3,2,0,Metro City,Semi-Furnished,1,Good,5200000
1561.0,3,3,19,Metro City,Semi-Furnished,2,Excellent,9500000
2275.0,3,3,22,Metro City,Semi-Furnished,0,Good,28500000
1000.0,2,2,15,Tier-1 City,Unfurnished,1,Good,4800000
2064.0,4,5,7,Metro City,Semi-Furnished,2,Excellent,22500000
1255.0,2,2,5,Metro City,Unfurnished,2,Excellent,8000000
3785.0,4,5,7,Metro City,Semi-Furnished,1,Poor,28000000
1200.0,2,2,19,Metro City,Unfurnished,1,Poor,5800000
600.0,5,6,20,Rural Area,Semi-Furnished,0,Good,1150000
1033.0,2,2,0,Metro City,Unfurnished,1,Good,3200000
1000.0,2,2,1,Tier-2 City,Unfurnished,1,Excellent,1200000
1111.0,3,3,3,Metro City,Fully Furnished,1,Good,5000000
1100.0,2,2,7,Metro City,Fully Furnished,1,Good,5200000
2658.0,4,5,21,Metro City,Unfurnished,1,Good,18700000
2050.0,3,3,3,Metro City,Semi-Furnished,3,Poor,14500000
690.0,1,1,9,Tier-2 City,Semi-Furnished,1,Good,1750000
1450.0,3,3,1,Metro City,Semi-Furnished,0,Excellent,6500000
1340.0,2,2,12,Metro City,Semi-Furnished,1,Poor,8500000
1517.0,2,2,12,Metro City,Semi-Furnished,2,Good,12500000
883.0,2,2,13,Metro City,Semi-Furnished,2,Excellent,3700000
1200.0,3,4,12,Metro City,Semi-Furnished,1,Good,27500000
1300.0,2,2,9,Metro City,Unfurnished,1,Poor,9500000
2225.0,3,3,6,Metro City,Unfurnished,0,Excellent,11500000
3100.0,4,5,21,Tier-1 City,Fully Furnished,2,Good,29150000
1705.0,3,3,4,Metro City,Unfurnished,3,Good,11000000
1200.0,4,4,0,Metro City,Semi-Furnished,1,Good,24000000
2700.0,4,3,3,Metro City,Semi-Furnished,1,Good,23000000
1533.0,3,3,13,Metro City,Semi-Furnished,1,Excellent,7600000
620.0,2,2,1,Rural Area,Unfurnished,2,Good,500000
1080.0,2,2,7,Metro City,Semi-Furnished,2,Good,4800000
918.0,2,2,2,Metro City,Semi-Furnished,2,Good,4500000
1205.0,2,2,22,Tier-1 City,Unfurnished,3,Excellent,3250000
1500.0,3,2,1,Metro City,Semi-Furnished,2,Good,10000000
2830.0,4,4,0,Metro City,Unfurnished,1,Excellent,16100000
1163.0,2,2,7,Metro City,Semi-Furnished,1,Good,9900000
1280.0,2,2,1,Metro City,Semi-Furnished,2,Good,8000000
1350.0,2,2,4,Metro City,Semi-Furnished,2,Excellent,4900000
1425.0,3,2,2,Metro City,Unfurnished,2,Good,4700000
1800.0,3,3,5,Metro City,Unfurnished,1,Good,9200000
1048.0,2,2,3,Tier-1 City,Fully Furnished,0,Good,2750000
1594.0,3,3,1,Metro City,Fully Furnished,1,Excellent,12500000
680.0,3,4,22,Metro City,Semi-Furnished,1,Poor,6800000
1500.0,3,2,4,Metro City,Unfurnished,1,Excellent,8500000
3300.0,3,4,0,Metro City,Fully Furnished,1,Poor,16000000
3715.0,4,6,16,Metro City,Unfurnished,0,Excellent,22450000
1220.0,3,2,12,Metro City,Unfurnished,1,Good,3500000
1698.0,3,3,14,Metro City,Unfurnished,0,Good,10200000
1252.0,2,2,6,Metro City,Fully Furnished,1,Good,5650000
1200.0,3,3,6,Metro City,Unfurnished,2,Good,6800000
1070.0,2,2,22,Metro City,Unfurnished,0,Good,4300000
600.0,4,4,6,Metro City,Fully Furnished,1,Good,6000000
1720.0,3,3,5,Metro City,Unfurnished,0,Poor,7800000
1450.0,3,2,6,Metro City,Unfurnished,1,Excellent,9000000
600.0,3,3,16,Metro City,Unfurnished,1,Excellent,10000000
1000.0,3,2,22,Metro City,Fully Furnished,1,Good,4100000
1787.0,3,3,6,Tier-1 City,Semi-Furnished,1,Excellent,8000000
700.0,1,1,6,Metro City,Fully Furnished,1,Good,2150000
1200.0,2,2,4,Metro City,Fully Furnished,1,Good,7800000
913.0,2,2,15,Metro City,Fully Furnished,0,Excellent,3600000
1864.0,3,3,11,Metro City,Unfurnished,0,Good,11500000
1340.0,2,2,5,Metro City,Unfurnished,0,Good,6100000
1305.0,3,2,11,Metro City,Unfurnished,1,Good,11000000
1326.0,3,2,3,Metro City,Fully Furnished,1,Good,3500000
1108.0,2,2,8,Metro City,Fully Furnished,0,Good,4800000
1550.0,3,3,11,Metro City,Semi-Furnished,2,Excellent,6500000
1585.0,2,2,10,Metro City,Semi-Furnished,1,Excellent,9000000
1020.0,2,2,18,Metro City,Semi-Furnished,2,Good,4500000
1830.0,3,3,12,Tier-1 City,Semi-Furnished,1,Excellent,9150000
1991.0,3,4,4,Metro City,Semi-Furnished,2,Good,10000000
1065.0,2,2,17,Metro City,Semi-Furnished,2,Poor,4100000
1340.0,2,2,5,Metro City,Semi-Furnished,1,Poor,7700000
1200.0,2,2,3,Metro City,Fully Furnished,2,Good,4700000
3252.0,4,4,20,Metro City,Semi-Furnished,1,Poor,23000000
1200.0,3,3,23,Tier-2 City,Unfurnished,1,Excellent,3450000
750.0,2,2,1,Metro City,Unfurnished,1,Good,2700000
2760.0,4,4,16,Metro City,Semi-Furnished,1,Good,15500000
1530.0,3,3,24,Metro City,Semi-Furnished,1,Good,7350000
1625.0,3,2,5,Metro City,Unfurnished,0,Excellent,5400000
674.0,2,1,0,Metro City,Fully Furnished,1,Good,2000000
2260.0,2,3,9,Metro City,Semi-Furnished,0,Good,8000000
1115.0,2,2,8,Tier-1 City,Fully Furnished,1,Excellent,4100000
1200.0,2,2,0,Metro City,Unfurnished,0,Excellent,6300000
2020.0,3,3,19,Metro City,Semi-Furnished,2,Good,27000000
750.0,2,2,0,Metro City,Semi-Furnished,0,Poor,2200000
1240.0,2,2,9,Metro City,Semi-Furnished,1,Good,4400000
1724.0,3,3,2,Metro City,Fully Furnished,0,Excellent,12500000
655.0,1,1,9,Metro City,Unfurnished,0,Good,5300000
1255.0,3,2,2,Metro City,Fully Furnished,1,Good,7900000
600.0,1,2,4,Metro City,Fully Furnished,1,Good,5500000
1510.0,3,2,24,Metro City,Fully Furnished,2,Excellent,11000000
2400.0,3,3,4,Metro City,Semi-Furnished,1,Excellent,27000000
1200.0,2,2,6,Metro City,Unfurnished,0,Good,4200000
1224.0,2,2,17,Metro City,Fully Furnished,2,Good,3900000
884.0,1,2,11,Metro City,Semi-Furnished,0,Good,3600000
1016.0,2,2,24,Metro City,Semi-Furnished,1,Good,4500000
3161.0,4,4,22,Metro City,Fully Furnished,1,Good,21400000
1295.0,2,2,3,Metro City,Unfurnished,1,Excellent,6500000
2350.0,3,3,10,Metro City,Unfurnished,2,Good,30000000
1800.0,3,3,2,Metro City,Semi-Furnished,3,Good,6500000
1050.0,2,2,10,Metro City,Semi-Furnished,1,Excellent,4200000
1135.0,2,2,8,Metro City,Unfurnished,1,Good,6800000
1140.0,2,2,8,Tier-2 City,Fully Furnished,1,Excellent,2550000
1601.0,3,3,20,Metro City,Unfurnished,1,Good,7000000
1200.0,7,5,3,Metro City,Semi-Furnished,1,Poor,20000000
1080.0,2,2,20,Metro City,Semi-Furnished,1,Good,4500000
3630.0,4,6,21,Tier-1 City,Unfurnished,1,Poor,10550000
1035.0,2,2,15,Metro City,Semi-Furnished,1,Poor,4400000
2390.0,3,3,22,Tier-2 City,Unfurnished,1,Good,13250000
1648.0,3,3,2,Metro City,Semi-Furnished,1,Good,8500000
1475.0,3,2,22,Metro City,Fully Furnished,1,Good,7400000
720.0,3,2,2,Metro City,Semi-Furnished,2,Excellent,3200000
1140.0,4,3,5,Metro City,Semi-Furnished,1,Excellent,22500000
1050.0,2,2,2,Metro City,Semi-Furnished,0,Good,3800000
1031.0,2,2,15,Tier-2 City,Unfurnished,2,Excellent,1800000
1200.0,2,2,11,Metro City,Unfurnished,1,Excellent,4000000
1200.0,2,2,2,Metro City,Unfurnished,1,Good,4500000
1050.0,2,2,12,Tier-1 City,Fully Furnished,2,Good,3000000
1128.0,2,2,11,Metro City,Fully Furnished,1,Good,4850000
6652.0,4,6,25,Metro City,Unfurnished,0,Good,66000000
2690.0,4,4,25,Tier-1 City,Unfurnished,1,Excellent,12350000
1056.0,2,2,5,Metro City,Semi-Furnished,1,Poor,3900000
1750.0,3,3,10,Metro City,Unfurnished,2,Good,10000000
1200.0,2,2,25,Metro City,Unfurnished,2,Good,12500000
1460.0,3,3,0,Metro City,Semi-Furnished,3,Good,7600000
600.0,4,2,16,Metro City,Unfurnished,2,Excellent,10000000
1262.0,3,2,0,Metro City,Fully Furnished,2,Good,8300000
674.0,2,1,10,Tier-1 City,Fully Furnished,1,Excellent,1300000
1780.0,4,4,11,Tier-2 City,Unfurnished,1,Excellent,6650000
1495.0,2,2,5,Metro City,Semi-Furnished,0,Good,7950000
1367.0,2,2,1,Metro City,Fully Furnished,2,Good,6200000
2600.0,4,4,5,Metro City,Unfurnished,1,Good,30000000
2502.0,4,4,2,Tier-2 City,Unfurnished,1,Good,4950000
1000.0,2,1,0,Metro City,Semi-Furnished,1,Excellent,7500000
1301.0,2,2,7,Metro City,Semi-Furnished,1,Poor,5500000
600.0,4,3,0,Metro City,Unfurnished,1,Excellent,7800000
1190.0,2,2,9,Tier-1 City,Semi-Furnished,1,Good,5250000
1141.0,2,2,21,Rural Area,Unfurnished,1,Poor,600000
1200.0,4,3,15,Metro City,Semi-Furnished,0,Excellent,11000000
1445.0,3,2,10,Rural Area,Unfurnished,2,Excellent,850000
1630.0,3,3,9,Metro City,Unfurnished,1,Excellent,6050000
1166.0,2,2,25,Metro City,Fully Furnished,1,Good,5300000
2400.0,4,4,10,Metro City,Semi-Furnished,3,Good,22800000
460.0,1,1,15,Metro City,Semi-Furnished,1,Good,1300000
950.0,2,2,5,Tier-2 City,Semi-Furnished,1,Good,1850000
600.0,4,4,20,Metro City,Unfurnished,1,Excellent,6000000
1200.0,2,2,10,Metro City,Semi-Furnished,2,Good,5500000
1080.0,2,2,2,Tier-1 City,Fully Furnished,1,Good,3750000
2100.0,5,3,5,Metro City,Unfurnished,1,Excellent,14500000
1304.0,2,2,11,Metro City,Unfurnished,1,Poor,10000000
3024.0,4,5,8,Tier-2 City,Unfurnished,1,Excellent,12800000
1436.0,3,2,11,Tier-1 City,Fully Furnished,2,Poor,4800000
1445.0,3,3,14,Tier-2 City,Unfurnished,1,Poor,3400000
1421.0,2,2,12,Metro City,Fully Furnished,1,Excellent,9000000
1547.0,2,2,8,Metro City,Unfurnished,1,Good,10300000
1400.0,3,2,4,Metro City,Semi-Furnished,1,Excellent,7800000
2325.0,4,4,2,Metro City,Semi-Furnished,1,Poor,12000000
1255.0,3,3,8,Metro City,Fully Furnished,3,Poor,13000000
1090.0,2,2,0,Metro City,Semi-Furnished,1,Excellent,3150000
1454.0,2,2,4,Metro City,Unfurnished,0,Excellent,9000000
500.0,2,1,16,Tier-1 City,Semi-Furnished,3,Excellent,1350000
2100.0,4,2,2,Tier-1 City,Semi-Furnished,0,Excellent,3600000
1200.0,6,4,7,Tier-1 City,Fully Furnished,1,Excellent,7500000
1370.0,3,3,3,Metro City,Fully Furnished,0,Poor,6700000
1339.0,2,2,12,Metro City,Unfurnished,0,Good,7500000
1850.0,3,2,16,Tier-1 City,Unfurnished,3,Good,6250000
1404.0,2,2,10,Rural Area,Unfurnished,1,Excellent,800000
1195.0,2,2,16,Metro City,Semi-Furnished,3,Good,10000000
1195.0,2,2,17,Metro City,Semi-Furnished,1,Good,10000000
500.0,1,1,3,Tier-2 City,Semi-Furnished,1,Good,500000
1005.0,2,2,20,Metro City,Unfurnished,2,Excellent,4000000
1020.0,8,10,21,Tier-2 City,Unfurnished,0,Poor,6150000
1272.0,2,2,4,Tier-1 City,Semi-Furnished,1,Poor,3700000
1425.0,2,2,3,Metro City,Semi-Furnished,1,Good,9400000
1020.0,2,2,6,Metro City,Unfurnished,1,Excellent,4900000
1488.0,3,2,10,Metro City,Fully Furnished,0,Good,6500000
1050.0,2,2,5,Tier-1 City,Semi-Furnished,2,Poor,2850000
910.0,2,2,11,Rural Area,Unfurnished,1,Good,2150000
1200.0,3,4,25,Metro City,Semi-Furnished,1,Good,14500000
1194.0,2,2,8,Metro City,Unfurnished,1,Good,4600000
2144.0,3,3,21,Metro City,Unfurnished,2,Excellent,14500000
1040.0,2,2,22,Metro City,Unfurnished,1,Poor,3950000
1300.0,3,3,7,Metro City,Fully Furnished,1,Good,15000000
520.0,1,1,3,Metro City,Fully Furnished,2,Good,1400000
1470.0,3,3,8,Metro City,Unfurnished,0,Good,6200000
1200.0,4,4,5,Tier-1 City,Unfurnished,1,Excellent,15300000
1480.0,3,2,11,Metro City,Unfurnished,0,Good,5800000
1157.0,2,2,0,Metro City,Semi-Furnished,0,Good,6500000
1090.0,2,2,17,Rural Area,Unfurnished,1,Excellent,750000
735.0,2,2,18,Metro City,Semi-Furnished,0,Poor,3500000
4278.0,7,7,4,Tier-1 City,Unfurnished,2,Excellent,22550000
1000.0,2,2,22,Metro City,Semi-Furnished,2,Good,5200000
1360.0,2,2,4,Tier-1 City,Semi-Furnished,2,Good,5100000
1339.0,2,2,18,Rural Area,Semi-Furnished,1,Good,750000
1070.0,2,2,9,Metro City,Semi-Furnished,0,Good,4200000
1625.0,3,3,9,Metro City,Semi-Furnished,2,Excellent,15000000
1100.0,2,2,6,Metro City,Fully Furnished,1,Excellent,5000000
1155.0,2,2,9,Metro City,Fully Furnished,2,Good,7200000
1250.0,2,2,21,Metro City,Semi-Furnished,1,Good,3900000
829.0,2,2,3,Metro City,Fully Furnished,0,Good,2300000
1575.0,3,3,1,Metro City,Semi-Furnished,1,Good,6800000
1305.0,2,2,3,Metro City,Unfurnished,2,Good,5200000
1482.0,3,2,14,Metro City,Fully Furnished,0,Good,9200000
4800.0,3,4,9,Tier-2 City,Unfurnished,3,Poor,22400000
1495.0,3,3,7,Tier-1 City,Unfurnished,1,Poor,3900000
675.0,3,3,24,Metro City,Semi-Furnished,1,Good,7250000
1075.0,2,2,2,Rural Area,Semi-Furnished,2,Good,650000
1458.0,3,3,8,Metro City,Fully Furnished,1,Good,7900000
1751.0,3,3,2,Metro City,Semi-Furnished,1,Poor,7200000
1100.0,3,2,13,Metro City,Semi-Furnished,1,Excellent,8500000
2400.0,4,4,24,Tier-2 City,Semi-Furnished,1,Good,14800000
1250.0,2,2,3,Metro City,Semi-Furnished,1,Excellent,6600000
1565.0,3,3,6,Metro City,Fully Furnished,1,Poor,7800000
1160.0,2,2,0,Metro City,Semi-Furnished,1,Poor,5900000
4000.0,4,4,22,Metro City,Unfurnished,1,Good,33000000
1713.0,3,3,8,Metro City,Semi-Furnished,2,Good,12500000
900.0,6,7,5,Metro City,Semi-Furnished,1,Good,7600000
2087.0,3,4,12,Metro City,Semi-Furnished,0,Excellent,13900000
936.0,2,2,1,Tier-1 City,Semi-Furnished,1,Excellent,2750000
1453.0,3,2,0,Metro City,Semi-Furnished,1,Excellent,4350000
5400.0,3,3,5,Tier-2 City,Fully Furnished,1,Good,11100000
1700.0,3,3,14,Metro City,Semi-Furnished,0,Good,12500000
2400.0,3,2,6,Metro City,Fully Furnished,1,Excellent,7800000
1260.0,2,2,18,Metro City,Semi-Furnished,1,Excellent,5500000
3200.0,4,4,1,Metro City,Unfurnished,0,Good,20000000
2400.0,4,3,19,Metro City,Semi-Furnished,2,Good,20000000
3190.0,4,3,11,Metro City,Fully Furnished,1,Good,16000000
1560.0,3,3,22,Metro City,Unfurnished,0,Excellent,7500000
1600.0,3,3,6,Tier-2 City,Unfurnished,1,Excellent,2150000
2275.0,3,4,8,Rural Area,Unfurnished,0,Good,1800000
1137.0,2,2,10,Metro City,Unfurnished,1,Good,6300000
1760.0,3,3,11,Metro City,Semi-Furnished,1,Good,11100000
1723.0,3,3,1,Metro City,Unfurnished,1,Good,9500000
1375.0,3,3,7,Metro City,Semi-Furnished,0,Good,5900000
1200.0,2,2,15,Metro City,Fully Furnished,1,Good,7000000
1115.0,2,2,17,Metro City,Semi-Furnished,2,Poor,4000000
1263.0,2,2,3,Metro City,Unfurnished,0,Good,10700000
1000.0,4,5,20,Metro City,Fully Furnished,1,Excellent,20000000
1220.0,2,2,12,Metro City,Semi-Furnished,1,Excellent,8900000
1180.0,2,2,12,Metro City,Semi-Furnished,3,Excellent,7100000
950.0,2,2,12,Metro City,Unfurnished,1,Excellent,5200000
1276.0,2,2,8,Metro City,Semi-Furnished,2,Poor,7500000
1900.0,3,3,12,Rural Area,Unfurnished,1,Good,2850000
1125.0,2,2,3,Metro City,Unfurnished,1,Good,5700000
5000.0,4,4,5,Metro City,Fully Furnished,2,Excellent,29000000
1362.0,3,3,4,Metro City,Unfurnished,2,Good,6250000
1015.0,2,2,3,Metro City,Fully Furnished,1,Good,4000000
1425.0,3,2,14,Metro City,Fully Furnished,1,Good,6500000
915.0,2,2,3,Tier-2 City,Semi-Furnished,1,Excellent,1200000
2125.0,3,3,3,Metro City,Unfurnished,1,Poor,10700000
1000.0,2,2,5,Metro City,Fully Furnished,1,Good,4500000
3000.0,4,4,1,Metro City,Fully Furnished,1,Good,35000000
1284.0,2,2,15,Metro City,Fully Furnished,0,Excellent,5350000
1100.0,2,2,0,Metro City,Fully Furnished,0,Good,6000000
1470.0,3,2,9,Metro City,Semi-Furnished,1,Good,4400000
3420.0,4,4,0,Rural Area,Semi-Furnished,2,Excellent,1750000
1105.0,2,2,8,Tier-2 City,Unfurnished,1,Excellent,3300000
971.0,4,2,9,Metro City,Semi-Furnished,0,Good,13500000
1325.0,3,2,3,Tier-1 City,Semi-Furnished,2,Good,3750000
2556.0,3,3,20,Metro City,Semi-Furnished,2,Excellent,13300000
1751.0,3,3,23,Metro City,Semi-Furnished,2,Good,11500000
1438.0,2,2,3,Metro City,Semi-Furnished,1,Excellent,8900000
1339.0,2,2,16,Metro City,Semi-Furnished,2,Poor,6200000
2080.0,2,2,1,Metro City,Semi-Furnished,1,Good,15000000
1732.0,3,3,21,Metro City,Fully Furnished,1,Good,11200000
1600.0,5,4,5,Metro City,Semi-Furnished,1,Poor,12500000
1015.0,2,2,0,Metro City,Fully Furnished,1,Good,5000000
1636.0,2,2,0,Metro City,Fully Furnished,1,Good,8300000
1210.0,2,2,16,Metro City,Semi-Furnished,1,Good,8100000
1191.0,3,2,5,Metro City,Semi-Furnished,1,Excellent,5550000
3044.0,3,3,1,Metro City,Fully Furnished,2,Excellent,18300000
1810.0,2,2,21,Metro City,Semi-Furnished,1,Good,6500000
4000.0,5,4,6,Tier-1 City,Semi-Furnished,1,Good,63200000
995.0,2,2,15,Metro City,Fully Furnished,2,Good,3500000
1224.0,2,2,4,Metro City,Semi-Furnished,2,Excellent,7500000
900.0,5,4,22,Metro City,Unfurnished,2,Good,9000000
1410.0,3,2,7,Metro City,Unfurnished,2,Excellent,4450000
3250.0,4,4,25,Metro City,Semi-Furnished,1,Excellent,13600000
1850.0,3,3,12,Metro City,Unfurnished,2,Excellent,8900000
1090.0,2,2,21,Tier-2 City,Unfurnished,1,Good,1600000
1050.0,3,2,0,Metro City,Fully Furnished,1,Good,5900000
1350.0,3,2,6,Metro City,Fully Furnished,0,Good,5800000
1168.0,3,2,11,Metro City,Semi-Furnished,1,Poor,6800000
1150.0,2,2,14,Metro City,Fully Furnished,0,Excellent,6000000
1610.0,3,3,14,Metro City,Semi-Furnished,0,Good,8450000
1100.0,2,2,7,Metro City,Unfurnished,2,Excellent,5500000
1200.0,6,6,4,Metro City,Semi-Furnished,0,Good,12500000
1277.0,2,2,5,Metro City,Fully Furnished,1,Good,8000000
1896.0,3,3,2,Metro City,Unfurnished,1,Good,10200000
1125.0,4,2,4,Metro City,Semi-Furnished,1,Good,8800000
3418.0,4,4,10,Metro City,Semi-Furnished,1,Good,22200000
3150.0,4,3,10,Metro City,Semi-Furnished,1,Good,13500000
1129.0,2,2,16,Metro City,Semi-Furnished,1,Excellent,6900000
1120.0,2,2,3,Metro City,Fully Furnished,2,Excellent,4400000
2000.0,4,4,9,Rural Area,Fully Furnished,1,Poor,1800000
1234.0,2,2,18,Tier-1 City,Semi-Furnished,0,Good,3700000
1500.0,8,6,0,Metro City,Fully Furnished,0,Good,27000000
900.0,2,2,10,Tier-1 City,Semi-Furnished,3,Good,6000000
1175.0,2,2,2,Metro City,Semi-Furnished,1,Good,5000000
1300.0,2,2,12,Metro City,Unfurnished,1,Good,7900000
1200.0,1,1,17,Metro City,Semi-Furnished,0,Good,4500000
2700.0,4,5,3,Metro City,Semi-Furnished,2,Good,9600000
1200.0,2,2,20,Metro City,Semi-Furnished,0,Good,3900000
1550.0,2,2,15,Metro City,Fully Furnished,2,Good,7100000
1350.0,3,2,8,Metro City,Semi-Furnished,1,Poor,4700000
1200.0,8,8,8,Metro City,Semi-Furnished,0,Excellent,14500000
1210.0,2,2,0,Metro City,Unfurnished,2,Poor,7700000
1645.0,3,3,18,Metro City,Semi-Furnished,2,Good,11700000
1240.0,3,2,10,Metro City,Semi-Furnished,1,Good,4000000
990.0,2,2,1,Metro City,Semi-Furnished,1,Good,5000000
1200.0,2,1,22,Metro City,Fully Furnished,1,Good,3600000
4225.0,4,6,3,Metro City,Unfurnished,0,Good,35900000
930.0,6,6,1,Metro City,Semi-Furnished,1,Good,13500000
1200.0,6,7,5,Tier-1 City,Fully Furnished,1,Excellent,12250000
1050.0,2,2,8,Metro City,Semi-Furnished,1,Poor,4200000
1285.0,2,2,6,Rural Area,Semi-Furnished,1,Good,650000
1805.0,3,3,20,Metro City,Semi-Furnished,1,Poor,28000000
1685.0,3,4,21,Metro City,Unfurnished,2,Good,18500000
4395.0,4,4,3,Metro City,Fully Furnished,3,Poor,24200000
965.0,2,2,2,Metro City,Unfurnished,1,Excellent,4800000
1270.0,3,2,16,Metro City,Fully Furnished,0,Good,5100000
1700.0,3,3,5,Metro City,Semi-Furnished,0,Good,12600000
2710.0,4,5,3,Tier-2 City,Fully Furnished,0,Good,5550000
1364.0,2,2,19,Metro City,Unfurnished,1,Poor,6500000
936.0,2,2,10,Metro City,Semi-Furnished,1,Poor,4200000
1891.0,3,3,14,Metro City,Unfurnished,1,Good,13900000
1464.0,3,3,9,Tier-1 City,Semi-Furnished,1,Excellent,3950000
812.0,2,2,2,Metro City,Unfurnished,1,Poor,5500000
1700.0,3,3,8,Metro City,Fully Furnished,2,Good,13000000
1225.0,2,2,9,Tier-1 City,Semi-Furnished,2,Good,4550000
1200.0,2,2,22,Metro City,Semi-Furnished,0,Good,5800000
1020.0,2,2,10,Metro City,Unfurnished,2,Good,6300000
3000.0,3,3,9,Tier-2 City,Fully Furnished,2,Excellent,16550000
1820.0,3,3,3,Metro City,Semi-Furnished,1,Poor,9550000
920.0,2,2,17,Tier-1 City,Semi-Furnished,3,Excellent,2550000
2051.0,3,3,12,Metro City,Semi-Furnished,0,Excellent,18000000
2600.0,3,3,9,Metro City,Fully Furnished,2,Excellent,14700000
1160.0,2,2,5,Metro City,Semi-Furnished,1,Good,4400000
1290.0,2,2,14,Metro City,Semi-Furnished,2,Good,7200000
1400.0,2,2,17,Metro City,Semi-Furnished,1,Good,19000000
660.0,1,1,6,Metro City,Semi-Furnished,1,Excellent,2300000
1650.0,4,2,20,Rural Area,Unfurnished,1,Good,2250000
1175.0,2,2,1,Metro City,Semi-Furnished,2,Good,4800000
925.0,2,2,10,Metro City,Unfurnished,3,Good,6300000
900.0,5,4,23,Metro City,Semi-Furnished,2,Poor,6200000
1495.0,3,3,6,Metro City,Semi-Furnished,1,Good,20000000
1140.0,2,2,7,Metro City,Unfurnished,1,Good,4300000
1735.0,3,3,12,Metro City,Unfurnished,1,Good,9700000
820.0,2,2,14,Metro City,Unfurnished,2,Good,2400000
1350.0,3,2,13,Metro City,Semi-Furnished,1,Excellent,8300000
1246.0,2,2,12,Metro City,Fully Furnished,1,Excellent,6800000
993.0,2,2,22,Metro City,Unfurnished,2,Good,4200000
1595.0,3,3,7,Tier-1 City,Unfurnished,0,Excellent,4950000
1477.0,3,2,2,Metro City,Semi-Furnished,2,Good,6950000
2072.0,3,4,17,Tier-2 City,Unfurnished,1,Good,5950000
950.0,2,2,5,Metro City,Fully Furnished,2,Excellent,3500000
1290.0,3,2,5,Metro City,Semi-Furnished,1,Good,5600000
1654.0,3,3,9,Tier-2 City,Fully Furnished,2,Good,4450000
1400.0,2,2,8,Metro City,Fully Furnished,2,Good,6800000
845.0,2,2,4,Metro City,Unfurnished,0,Excellent,5500000
1095.0,2,2,0,Metro City,Fully Furnished,1,Excellent,3850000
1065.0,2,2,7,Metro City,Unfurnished,1,Poor,5800000
1179.0,2,2,2,Metro City,Fully Furnished,1,Good,4900000
1033.0,3,2,1,Metro City,Fully Furnished,1,Good,3050000
1140.0,2,2,15,Metro City,Semi-Furnished,1,Excellent,4900000
1184.0,2,2,10,Metro City,Semi-Furnished,1,Good,6900000
2340.0,4,5,2,Metro City,Unfurnished,1,Excellent,12900000
1262.0,2,2,19,Metro City,Semi-Furnished,1,Good,5500000
2585.5,4,4,1,Tier-2 City,Unfurnished,3,Excellent,5150000
2790.0,4,4,3,Rural Area,Unfurnished,0,Good,1900000
1745.0,3,3,0,Metro City,Unfurnished,1,Excellent,11500000
4000.0,3,3,5,Metro City,Semi-Furnished,1,Good,66000000
360.0,2,2,2,Tier-1 City,Semi-Furnished,0,Good,2150000
1238.0,2,2,3,Metro City,Semi-Furnished,2,Poor,6700000
1075.0,2,2,7,Metro City,Semi-Furnished,1,Excellent,3200000
1180.0,3,3,2,Rural Area,Unfurnished,1,Excellent,700000
1717.0,3,3,19,Metro City,Semi-Furnished,1,Good,11000000
1141.0,2,2,5,Metro City,Unfurnished,0,Good,5400000
1949.0,3,3,5,Metro City,Unfurnished,2,Good,12900000
1050.0,2,2,11,Metro City,Semi-Furnished,2,Poor,7500000
1070.0,2,2,19,Metro City,Semi-Furnished,1,Excellent,6000000
1197.0,2,2,0,Tier-1 City,Unfurnished,0,Excellent,4650000
673.0,1,1,6,Metro City,Semi-Furnished,1,Good,3700000
1440.0,5,5,11,Metro City,Semi-Furnished,1,Good,11000000
1144.0,2,2,13,Metro City,Fully Furnished,2,Excellent,6500000
1850.0,3,3,3,Metro City,Unfurnished,1,Good,12000000
1475.0,3,3,17,Metro City,Fully Furnished,1,Good,9600000
2025.0,3,4,3,Metro City,Unfurnished,0,Good,11500000
1050.0,2,2,12,Metro City,Semi-Furnished,1,Poor,7000000
2750.0,3,3,15,Rural Area,Unfurnished,2,Good,3350000
1640.0,3,3,11,Metro City,Semi-Furnished,1,Excellent,26800000
1155.0,2,2,14,Metro City,Semi-Furnished,0,Good,4600000
1695.0,3,3,21,Metro City,Unfurnished,2,Excellent,5000000
1185.0,2,2,22,Metro City,Semi-Furnished,0,Good,3800000
1000.0,2,2,12,Metro City,Semi-Furnished,0,Good,6600000
1225.0,2,2,2,Metro City,Semi-Furnished,1,Poor,5600000
1108.0,2,2,11,Tier-1 City,Fully Furnished,1,Good,4550000
500.0,1,1,1,Metro City,Semi-Furnished,0,Good,1700000
1300.0,3,2,25,Metro City,Fully Furnished,1,Good,6000000
900.0,2,2,12,Metro City,Unfurnished,1,Excellent,2700000
3900.0,4,5,11,Metro City,Unfurnished,0,Poor,41500000
450.0,1,1,0,Metro City,Unfurnished,1,Good,1100000
1060.0,2,2,6,Metro City,Semi-Furnished,1,Poor,5000000
6600.0,4,4,2,Metro City,Fully Furnished,1,Excellent,98600000
1330.0,2,2,7,Rural Area,Unfurnished,3,Good,1450000
1200.0,3,3,14,Tier-2 City,Unfurnished,1,Excellent,3500000
1725.0,3,2,16,Tier-1 City,Semi-Furnished,0,Good,11600000
1464.0,3,3,6,Metro City,Unfurnished,2,Excellent,5600000
1513.0,2,2,19,Metro City,Unfurnished,3,Good,6200000
3850.0,4,6,3,Rural Area,Fully Furnished,0,Good,2350000
755.0,2,2,17,Metro City,Semi-Furnished,1,Good,3750000
695.0,2,1,24,Rural Area,Semi-Furnished,1,Good,500000
1010.0,2,2,12,Metro City,Unfurnished,2,Excellent,5200000
2300.0,3,3,3,Metro City,Fully Furnished,2,Poor,12000000
1225.0,2,2,8,Metro City,Fully Furnished,1,Excellent,4800000
540.0,1,1,13,Metro City,Fully Furnished,1,Excellent,1650000
1100.0,2,2,6,Tier-1 City,Unfurnished,1,Good,3600000
3600.0,9,8,22,Metro City,Semi-Furnished,1,Excellent,16500000
1250.0,2,2,13,Metro City,Semi-Furnished,2,Excellent,9500000
600.0,2,2,22,Metro City,Semi-Furnished,1,Excellent,8000000
1717.0,3,3,14,Metro City,Semi-Furnished,1,Good,9900000
1200.0,2,2,19,Tier-2 City,Unfurnished,1,Good,2900000
1100.0,2,2,9,Metro City,Semi-Furnished,2,Good,6000000
1246.0,2,2,1,Metro City,Semi-Furnished,2,Excellent,6750000
4800.0,4,5,1,Tier-2 City,Unfurnished,2,Excellent,23200000
1000.0,5,4,9,Metro City,Unfurnished,2,Good,16000000
800.0,2,1,7,Metro City,Fully Furnished,1,Good,3200000
600.0,3,4,4,Metro City,Fully Furnished,0,Good,10000000
1200.0,5,7,17,Metro City,Fully Furnished,0,Good,12500000
1605.0,3,3,19,Metro City,Fully Furnished,1,Good,8500000
2100.0,4,3,15,Metro City,Semi-Furnished,1,Good,12500000
1630.0,3,3,2,Metro City,Semi-Furnished,1,Good,8500000
1140.0,2,2,17,Metro City,Semi-Furnished,1,Good,4650000
2200.0,5,7,1,Metro City,Unfurnished,2,Good,35000000
1000.0,2,2,1,Metro City,Semi-Furnished,2,Good,2900000
1272.0,2,2,22,Metro City,Fully Furnished,1,Good,9500000
1370.0,2,2,3,Metro City,Semi-Furnished,1,Good,17000000
784.0,1,1,0,Metro City,Semi-Furnished,1,Good,3550000
1200.0,3,3,23,Metro City,Semi-Furnished,1,Good,12800000
2999.97,6,6,18,Metro City,Semi-Furnished,2,Poor,11000000
1128.0,2,2,22,Metro City,Semi-Furnished,1,Excellent,6550000
1418.0,2,2,22,Metro City,Fully Furnished,0,Excellent,10300000
1200.0,6,4,10,Metro City,Fully Furnished,0,Excellent,22500000
1220.0,2,2,5,Tier-1 City,Unfurnished,2,Excellent,2500000
1965.0,3,4,3,Metro City,Fully Furnished,2,Good,12500000
1200.0,3,2,5,Metro City,Semi-Furnished,1,Poor,6800000
1749.0,4,4,19,Metro City,Fully Furnished,1,Good,9000000
600.0,7,7,7,Metro City,Unfurnished,2,Good,7300000
1101.0,2,2,4,Metro City,Unfurnished,2,Good,6600000
2690.0,4,4,8,Metro City,Semi-Furnished,1,Good,18500000
1280.0,3,3,1,Metro City,Semi-Furnished,1,Good,5000000
1450.0,2,1,4,Metro City,Fully Furnished,1,Good,23000000
1377.0,2,2,11,Tier-1 City,Unfurnished,0,Good,4900000
840.0,8,7,7,Tier-2 City,Fully Furnished,2,Excellent,5950000
1465.0,3,3,5,Metro City,Unfurnished,2,Good,7500000
1171.0,2,2,15,Metro City,Unfurnished,1,Good,7200000
1020.0,2,2,3,Metro City,Semi-Furnished,0,Poor,4900000
1430.0,3,2,7,Metro City,Unfurnished,2,Good,5600000
1210.0,2,2,21,Metro City,Fully Furnished,1,Good,5400000
1050.0,2,2,10,Metro City,Fully Furnished,1,Good,10300000
946.0,2,2,17,Tier-2 City,Unfurnished,1,Good,1750000
1090.0,2,2,14,Rural Area,Unfurnished,1,Good,550000
1500.0,4,4,5,Tier-1 City,Semi-Furnished,1,Good,15300000
416.0,1,1,5,Metro City,Fully Furnished,0,Good,1850000
1430.0,3,3,8,Metro City,Semi-Furnished,3,Good,7000000
1012.0,2,2,0,Metro City,Unfurnished,1,Good,5800000
1065.0,2,2,11,Tier-1 City,Semi-Furnished,1,Excellent,2500000
1200.0,5,3,1,Metro City,Fully Furnished,2,Good,18000000
1450.0,3,3,23,Metro City,Fully Furnished,1,Good,6250000
1445.0,3,2,4,Tier-1 City,Fully Furnished,1,Excellent,5950000
4827.0,4,4,0,Metro City,Fully Furnished,0,Good,40000000
1875.0,3,2,21,Metro City,Fully Furnished,0,Good,11000000
4600.0,9,9,4,Metro City,Unfurnished,1,Good,15000000
1200.0,5,6,4,Metro City,Semi-Furnished,1,Poor,14000000
1937.0,3,3,2,Rural Area,Unfurnished,1,Poor,2000000
1291.0,2,2,9,Metro City,Unfurnished,1,Good,7250000
1295.0,2,2,2,Metro City,Unfurnished,1,Good,7850000
1200.0,3,2,1,Metro City,Unfurnished,2,Excellent,5800000
1670.0,3,3,17,Metro City,Semi-Furnished,2,Good,5900000
1500.0,3,3,10,Rural Area,Semi-Furnished,2,Excellent,1550000
1110.0,2,2,15,Metro City,Fully Furnished,1,Good,4000000
1215.0,2,2,3,Metro City,Fully Furnished,2,Excellent,4300000
865.0,2,2,11,Metro City,Unfurnished,1,Excellent,3500000
1224.0,8,4,10,Metro City,Fully Furnished,0,Good,20000000
1280.0,3,2,5,Metro City,Semi-Furnished,2,Good,6000000
1428.0,3,2,3,Metro City,Semi-Furnished,0,Good,8000000
1404.0,2,2,16,Metro City,Unfurnished,1,Good,7000000
1175.0,2,2,0,Metro City,Semi-Furnished,2,Good,7050000
1540.0,3,3,6,Tier-2 City,Unfurnished,2,Good,1400000
1313.0,2,2,8,Metro City,Unfurnished,0,Good,7300000
1485.0,3,2,18,Metro City,Semi-Furnished,0,Good,6700000
2700.0,4,4,18,Metro City,Unfurnished,2,Poor,29500000
1010.0,3,2,8,Metro City,Unfurnished,2,Good,4500000
1654.0,3,3,10,Metro City,Semi-Furnished,2,Excellent,9800000
727.0,6,6,6,Metro City,Semi-Furnished,2,Good,6600000
3960.0,4,5,4,Metro City,Unfurnished,1,Excellent,38600000
3181.0,4,4,8,Metro City,Unfurnished,1,Good,22900000
1221.0,3,3,18,Metro City,Semi-Furnished,0,Good,6500000
3670.0,4,4,6,Metro City,Semi-Furnished,2,Good,30000000
1175.0,2,2,6,Metro City,Semi-Furnished,1,Good,7000000
1270.0,3,2,13,Metro City,Semi-Furnished,1,Poor,5100000
1391.0,3,2,8,Metro City,Semi-Furnished,1,Poor,6450000
1350.0,5,4,15,Tier-1 City,Unfurnished,1,Good,7800000
1020.0,2,2,8,Rural Area,Unfurnished,1,Good,500000
1935.0,3,3,3,Metro City,Semi-Furnished,1,Excellent,10200000
1464.0,3,3,9,Metro City,Fully Furnished,2,Excellent,5600000
1395.0,2,2,9,Tier-1 City,Fully Furnished,1,Good,5000000
1746.0,3,3,4,Metro City,Semi-Furnished,2,Good,8500000
1006.0,2,2,2,Metro City,Semi-Furnished,0,Good,4400000
1325.0,2,2,7,Metro City,Semi-Furnished,1,Good,11900000
1270.0,2,2,16,Metro City,Semi-Furnished,0,Good,10500000
3401.0,4,5,21,Metro City,Semi-Furnished,1,Good,23000000
1452.0,3,3,3,Metro City,Semi-Furnished,2,Excellent,9000000
1330.0,3,2,1,Metro City,Unfurnished,1,Excellent,4650000
1050.0,2,2,1,Metro City,Fully Furnished,3,Poor,4700000
1252.0,3,3,5,Metro City,Fully Furnished,3,Excellent,6100000
1830.0,4,4,3,Tier-1 City,Semi-Furnished,1,Poor,19250000
1150.0,2,2,1,Rural Area,Fully Furnished,1,Good,600000
1675.0,3,3,7,Metro City,Unfurnished,0,Good,6200000
1250.0,2,2,4,Metro City,Unfurnished,2,Excellent,9300000
1718.0,3,3,5,Metro City,Semi-Furnished,1,Good,9000000
1080.0,3,2,2,Metro City,Semi-Furnished,1,Good,7500000
1065.0,2,2,13,Rural Area,Semi-Furnished,1,Good,500000
4500.0,4,5,10,Tier-1 City,Semi-Furnished,0,Good,10650000
1277.0,2,2,3,Metro City,Unfurnished,2,Excellent,7700000
1455.0,3,2,2,Metro City,Fully Furnished,1,Poor,4500000
2650.0,3,3,9,Metro City,Unfurnished,3,Poor,12500000
1403.0,3,3,16,Metro City,Fully Furnished,1,Excellent,5150000
1194.0,2,2,10,Tier-2 City,Unfurnished,1,Good,1500000
1365.0,3,3,18,Metro City,Unfurnished,2,Good,5300000
2000.0,3,3,3,Metro City,Unfurnished,1,Excellent,10000000
1202.0,2,2,17,Metro City,Semi-Furnished,2,Good,6500000
1760.0,3,3,13,Metro City,Semi-Furnished,1,Poor,12700000
1428.0,3,2,2,Tier-1 City,Semi-Furnished,0,Excellent,4150000
1053.0,2,2,5,Metro City,Fully Furnished,0,Good,4400000
1160.0,2,2,16,Metro City,Fully Furnished,0,Good,5700000
1200.0,5,5,8,Metro City,Semi-Furnished,1,Excellent,9600000
1056.0,2,2,18,Metro City,Semi-Furnished,1,Poor,6800000
1419.59,3,2,4,Metro City,Semi-Furnished,1,Poor,5900000
600.0,8,4,15,Tier-2 City,Unfurnished,1,Good,5450000
1250.0,3,2,9,Metro City,Semi-Furnished,1,Excellent,4700000
1830.0,3,3,19,Tier-1 City,Unfurnished,0,Good,9700000
1465.0,3,3,10,Metro City,Unfurnished,0,Good,8000000
1400.0,3,3,4,Metro City,Unfurnished,2,Poor,7700000
1255.0,2,2,15,Rural Area,Semi-Furnished,2,Excellent,1250000
1788.0,3,3,22,Metro City,Semi-Furnished,2,Good,9850000
1485.0,3,3,1,Metro City,Unfurnished,1,Good,14000000
1616.0,3,3,23,Metro City,Fully Furnished,2,Good,9500000
1420.0,2,2,8,Metro City,Unfurnished,0,Good,13600000
800.0,6,6,3,Rural Area,Fully Furnished,1,Poor,950000
2100.0,3,3,1,Metro City,Semi-Furnished,1,Good,24000000
540.0,4,4,15,Metro City,Semi-Furnished,1,Good,8500000
1033.0,3,2,2,Tier-1 City,Semi-Furnished,2,Good,2050000
2400.0,4,4,2,Metro City,Semi-Furnished,2,Good,34400000
3951.0,4,4,3,Tier-2 City,Semi-Furnished,0,Good,8300000
900.0,2,2,15,Tier-2 City,Unfurnished,1,Good,1050000
613.0,1,1,2,Tier-1 City,Fully Furnished,2,Excellent,3350000
1400.0,5,6,4,Metro City,Semi-Furnished,1,Good,25200000
3000.0,6,4,5,Tier-2 City,Unfurnished,2,Excellent,12950000
1160.0,2,2,15,Metro City,Semi-Furnished,1,Good,4900000
4446.0,3,3,6,Metro City,Semi-Furnished,1,Excellent,41000000
1095.0,2,2,11,Metro City,Semi-Furnished,1,Excellent,3900000
1270.0,2,2,4,Metro City,Semi-Furnished,1,Good,9400000
1300.0,2,2,21,Metro City,Unfurnished,1,Excellent,12000000
1141.0,2,2,7,Metro City,Semi-Furnished,2,Good,4450000
1065.0,3,2,20,Metro City,Fully Furnished,2,Poor,3300000
880.0,2,1,1,Metro City,Fully Furnished,2,Good,1650000
1175.0,2,2,0,Metro City,Fully Furnished,1,Good,4700000
1800.0,3,3,16,Metro City,Semi-Furnished,1,Poor,20400000
2099.0,3,3,13,Metro City,Fully Furnished,2,Good,14700000
2214.0,3,3,19,Metro City,Unfurnished,2,Good,35000000
1174.0,2,2,19,Tier-2 City,Unfurnished,2,Good,2850000
1600.0,3,2,2,Metro City,Fully Furnished,2,Excellent,6500000
9600.0,5,5,4,Metro City,Fully Furnished,0,Good,55000000
1285.0,2,2,6,Metro City,Unfurnished,1,Good,9000000
2600.0,4,4,1,Metro City,Fully Furnished,2,Good,26000000
3500.0,3,4,1,Metro City,Semi-Furnished,0,Poor,18500000
1200.0,6,6,5,Metro City,Unfurnished,0,Good,12500000
1255.0,2,2,3,Metro City,Fully Furnished,2,Good,5250000
1950.2,3,3,2,Metro City,Unfurnished,1,Poor,26100000
1708.0,3,2,3,Tier-2 City,Unfurnished,2,Good,3300000
2400.0,3,3,19,Tier-1 City,Semi-Furnished,0,Good,14600000
1200.0,4,4,6,Metro City,Semi-Furnished,1,Good,13000000
1155.0,2,2,14,Tier-1 City,Semi-Furnished,1,Excellent,3750000
3450.0,3,5,18,Metro City,Semi-Furnished,2,Excellent,34800000
3300.0,4,4,12,Rural Area,Unfurnished,2,Poor,3250000
2760.0,4,4,16,Tier-1 City,Semi-Furnished,1,Good,11500000
1015.0,2,2,0,Metro City,Semi-Furnished,1,Excellent,4300000
600.0,3,3,4,Tier-1 City,Semi-Furnished,1,Excellent,4750000
975.0,2,2,2,Metro City,Semi-Furnished,2,Poor,3750000
1749.0,3,3,15,Tier-1 City,Fully Furnished,0,Good,7650000
1697.0,3,3,5,Metro City,Unfurnished,2,Good,11500000
2560.0,3,3,3,Metro City,Fully Furnished,1,Excellent,28800000
1000.0,5,4,25,Metro City,Semi-Furnished,1,Good,8000000
936.0,2,2,1,Tier-1 City,Semi-Furnished,1,Excellent,2900000
1100.0,2,2,16,Metro City,Unfurnished,1,Good,3850000
1400.0,3,2,3,Metro City,Unfurnished,1,Excellent,4050000
1595.0,3,3,5,Metro City,Fully Furnished,0,Good,7500000
1179.0,2,2,3,Metro City,Unfurnished,2,Good,5600000
1757.0,3,3,1,Metro City,Fully Furnished,0,Good,9800000
1360.0,3,2,12,Metro City,Unfurnished,2,Good,7050000
3040.0,2,2,12,Metro City,Semi-Furnished,1,Good,4800000
1132.0,2,2,5,Metro City,Unfurnished,0,Excellent,7950000
2700.0,4,4,6,Metro City,Semi-Furnished,1,Good,13000000
1410.0,3,2,17,Tier-1 City,Fully Furnished,1,Good,4000000
1500.0,3,3,2,Metro City,Fully Furnished,1,Good,8800000
1700.0,3,3,9,Metro City,Semi-Furnished,2,Excellent,8800000
1300.0,4,3,16,Metro City,Semi-Furnished,2,Good,7500000
1559.0,3,3,13,Metro City,Semi-Furnished,1,Good,12000000
1190.0,2,2,14,Metro City,Semi-Furnished,1,Good,5000000
3596.0,4,5,15,Metro City,Semi-Furnished,1,Good,27900000
1128.0,2,2,8,Metro City,Semi-Furnished,3,Good,6800000
1200.0,2,2,9,Metro City,Semi-Furnished,2,Good,4200000
1145.0,2,2,25,Metro City,Semi-Furnished,2,Good,4600000
740.0,2,2,8,Metro City,Semi-Furnished,1,Excellent,3700000
1100.0,3,2,6,Metro City,Unfurnished,1,Excellent,14500000
1205.0,2,2,10,Metro City,Semi-Furnished,2,Good,7900000
1200.0,3,3,1,Metro City,Semi-Furnished,1,Excellent,7000000
1200.0,3,2,13,Tier-1 City,Semi-Furnished,1,Good,4800000
850.0,2,2,6,Metro City,Fully Furnished,1,Excellent,2700000
550.0,2,1,18,Metro City,Semi-Furnished,2,Good,1500000
3000.0,6,6,13,Metro City,Semi-Furnished,1,Good,30000000
1350.0,3,3,5,Metro City,Fully Furnished,1,Excellent,15000000
1435.0,3,2,19,Metro City,Semi-Furnished,1,Excellent,6200000
1575.0,3,3,15,Tier-1 City,Semi-Furnished,1,Good,6900000
1450.0,3,3,4,Tier-1 City,Semi-Furnished,0,Excellent,3950000
1350.0,2,2,12,Metro City,Fully Furnished,1,Good,8800000
500.0,2,1,17,Metro City,Fully Furnished,3,Excellent,5500000
1684.0,3,3,9,Tier-1 City,Semi-Furnished,2,Good,6700000
1550.0,3,3,10,Metro City,Semi-Furnished,1,Good,6850000
1140.0,2,2,1,Metro City,Fully Furnished,1,Good,4000000
1365.0,2,2,0,Metro City,Unfurnished,0,Excellent,7300000
925.0,3,2,0,Metro City,Fully Furnished,3,Excellent,5000000
1297.0,2,2,21,Metro City,Fully Furnished,1,Good,9800000
1225.0,3,3,13,Metro City,Semi-Furnished,2,Good,3300000
1540.0,3,2,16,Tier-1 City,Semi-Furnished,1,Excellent,5200000
1842.0,3,3,3,Metro City,Fully Furnished,0,Good,11500000
1339.0,2,2,14,Metro City,Semi-Furnished,1,Good,5800000
1718.0,3,3,9,Metro City,Fully Furnished,3,Good,11900000
2000.0,3,3,18,Tier-2 City,Fully Furnished,1,Good,3450000
1438.0,2,2,7,Metro City,Unfurnished,0,Poor,10000000
850.0,3,3,23,Metro City,Unfurnished,1,Excellent,9500000
1320.0,2,2,12,Metro City,Semi-Furnished,0,Good,11000000
1200.0,2,2,0,Metro City,Semi-Furnished,1,Good,5500000
2990.0,4,4,1,Metro City,Semi-Furnished,1,Poor,24000000
2100.0,4,4,16,Metro City,Fully Furnished,1,Excellent,9500000
620.0,1,1,5,Metro City,Unfurnished,1,Good,2500000
6040.0,5,4,5,Tier-1 City,Unfurnished,1,Good,11200000
2238.0,3,3,8,Metro City,Semi-Furnished,2,Good,14000000
1235.0,2,2,5,Metro City,Semi-Furnished,1,Good,4350000
1300.0,3,2,12,Tier-2 City,Unfurnished,2,Good,1600000
7514.0,5,7,18,Metro City,Semi-Furnished,1,Good,150000000
1270.0,3,2,7,Metro City,Fully Furnished,0,Excellent,5100000
1200.0,2,2,1,Metro City,Unfurnished,1,Excellent,16000000
849.0,2,2,2,Metro City,Unfurnished,0,Poor,2550000
1140.0,2,2,19,Metro City,Unfurnished,2,Good,3600000
1500.0,4,3,18,Metro City,Unfurnished,0,Excellent,7000000
1434.0,3,3,12,Metro City,Semi-Furnished,1,Excellent,8400000
800.0,8,8,5,Metro City,Semi-Furnished,3,Good,14000000
1625.0,3,2,16,Tier-2 City,Fully Furnished,3,Good,2850000
1339.0,2,2,14,Metro City,Fully Furnished,1,Good,5500000
690.0,1,1,9,Metro City,Unfurnished,1,Good,4000000
2700.0,4,3,3,Metro City,Fully Furnished,1,Excellent,6800000
1194.0,2,2,19,Metro City,Semi-Furnished,2,Good,4700000
2420.0,3,3,18,Metro City,Fully Furnished,1,Good,18500000
1031.0,2,2,9,Metro City,Unfurnished,2,Good,5650000
1230.0,3,2,1,Metro City,Unfurnished,1,Good,5350000
1100.0,2,2,10,Metro City,Unfurnished,1,Good,7000000
1296.0,2,2,5,Metro City,Semi-Furnished,0,Excellent,8900000
2264.0,3,3,5,Metro City,Semi-Furnished,1,Good,15900000
1200.0,2,2,3,Metro City,Unfurnished,2,Good,7000000
1190.0,2,2,5,Metro City,Fully Furnished,1,Good,5000000
1300.0,2,2,12,Metro City,Semi-Furnished,1,Good,7500000
1230.0,2,2,0,Tier-1 City,Unfurnished,2,Good,3200000
1560.0,3,3,0,Metro City,Semi-Furnished,1,Good,9000000
1362.0,3,3,6,Metro City,Semi-Furnished,1,Good,6250000
450.0,1,1,1,Metro City,Semi-Furnished,0,Excellent,6000000
3000.0,5,4,5,Metro City,Unfurnished,1,Excellent,90000000
1330.0,2,2,12,Metro City,Semi-Furnished,1,Good,8700000
2400.0,4,4,8,Metro City,Semi-Furnished,1,Excellent,59500000
4000.0,7,7,10,Metro City,Unfurnished,2,Good,13000000
1818.0,3,3,0,Metro City,Semi-Furnished,1,Good,13500000
500.0,3,3,15,Metro City,Unfurnished,1,Good,10000000
1000.0,1,1,12,Metro City,Semi-Furnished,2,Good,6000000
1400.0,3,3,3,Tier-1 City,Semi-Furnished,1,Excellent,6500000
1075.0,3,2,11,Metro City,Semi-Furnished,1,Good,4700000
950.0,2,2,23,Metro City,Semi-Furnished,1,Good,6500000
1240.0,2,2,6,Tier-1 City,Unfurnished,1,Poor,3150000
1200.0,4,2,8,Metro City,Semi-Furnished,3,Excellent,14000000
1200.0,2,2,1,Tier-1 City,Fully Furnished,0,Good,2850000
920.0,2,2,6,Metro City,Unfurnished,0,Good,4600000
1330.0,3,2,1,Metro City,Fully Furnished,1,Poor,4400000
2679.0,4,5,0,Tier-1 City,Semi-Furnished,0,Good,16500000
4200.0,4,4,6,Metro City,Semi-Furnished,0,Poor,32500000
2400.0,3,3,5,Tier-2 City,Unfurnished,1,Poor,5600000
1430.0,2,2,8,Metro City,Semi-Furnished,2,Good,8800000
660.0,2,1,19,Metro City,Unfurnished,2,Good,1500000
1564.0,3,3,0,Tier-2 City,Fully Furnished,2,Good,4400000
1700.0,3,3,4,Metro City,Semi-Furnished,0,Good,25000000
1000.0,2,2,17,Tier-2 City,Semi-Furnished,1,Excellent,1600000
1046.0,2,2,3,Metro City,Unfurnished,2,Excellent,4800000
1339.0,2,2,18,Metro City,Semi-Furnished,1,Good,6700000
1405.0,3,2,19,Metro City,Unfurnished,1,Poor,5900000
1060.0,2,2,0,Metro City,Unfurnished,0,Excellent,6000000
3200.0,3,3,7,Metro City,Semi-Furnished,2,Excellent,26000000
410.0,1,1,9,Metro City,Semi-Furnished,1,Good,1500000
2400.0,5,5,7,Metro City,Fully Furnished,0,Excellent,8500000
1243.0,2,2,4,Rural Area,Semi-Furnished,1,Excellent,850000
1200.0,2,2,18,Metro City,Semi-Furnished,3,Good,13000000
1394.0,2,2,20,Tier-1 City,Fully Furnished,1,Good,7600000
960.0,2,2,17,Metro City,Unfurnished,0,Poor,5600000
1150.0,2,2,6,Metro City,Unfurnished,1,Good,3500000
1260.0,3,2,23,Metro City,Semi-Furnished,1,Excellent,6000000
1200.0,2,2,7,Rural Area,Semi-Furnished,1,Good,600000
1145.0,2,2,6,Tier-1 City,Unfurnished,1,Good,3250000
1200.0,2,2,11,Metro City,Fully Furnished,1,Good,3000000
1216.0,2,2,1,Metro City,Unfurnished,3,Poor,7000000
1564.0,3,3,18,Metro City,Fully Furnished,1,Good,10400000
1710.0,3,3,14,Metro City,Unfurnished,2,Excellent,6000000
800.0,2,2,17,Metro City,Fully Furnished,2,Good,4000000
861.0,2,2,1,Metro City,Unfurnished,3,Good,3450000
1005.0,2,1,2,Metro City,Fully Furnished,3,Excellent,11000000
1113.0,2,2,0,Metro City,Unfurnished,3,Poor,5000000
1400.0,3,3,11,Metro City,Fully Furnished,1,Good,6300000
1922.0,3,3,3,Metro City,Fully Furnished,2,Good,10600000
3300.0,5,5,1,Metro City,Fully Furnished,1,Excellent,24000000
1390.0,2,2,9,Tier-2 City,Semi-Furnished,0,Good,2650000
3500.0,4,4,1,Metro City,Fully Furnished,1,Good,70000000
1225.0,2,2,11,Metro City,Fully Furnished,0,Good,6500000
1485.0,3,2,8,Rural Area,Unfurnished,1,Poor,550000
2000.0,3,3,2,Tier-2 City,Unfurnished,1,Good,2500000
600.0,7,7,0,Metro City,Semi-Furnished,3,Excellent,9300000
965.0,2,2,5,Metro City,Semi-Furnished,1,Good,5600000
1156.0,2,2,2,Metro City,Unfurnished,1,Excellent,7200000
1290.0,2,2,1,Metro City,Semi-Furnished,0,Good,6900000
1380.0,2,2,0,Metro City,Fully Furnished,1,Good,6000000
1237.0,2,2,3,Metro City,Semi-Furnished,1,Good,7300000
1180.0,2,2,19,Metro City,Semi-Furnished,2,Good,12400000
1795.0,3,3,5,Metro City,Semi-Furnished,0,Good,14000000
1175.0,2,2,6,Metro City,Semi-Furnished,1,Good,5000000
1134.0,2,2,19,Metro City,Fully Furnished,2,Excellent,4000000
1480.0,2,2,24,Metro City,Semi-Furnished,2,Good,6500000
1691.0,3,3,10,Metro City,Unfurnished,0,Excellent,10400000
1400.0,3,2,4,Metro City,Fully Furnished,1,Good,4500000
1050.0,2,2,2,Metro City,Unfurnished,2,Good,5500000
1200.0,3,3,5,Metro City,Unfurnished,1,Poor,6800000
1200.0,5,3,1,Rural Area,Semi-Furnished,2,Good,2550000
1415.0,3,3,12,Metro City,Fully Furnished,1,Good,7800000
680.0,1,1,1,Metro City,Semi-Furnished,1,Good,4600000
1195.0,2,2,14,Metro City,Semi-Furnished,1,Excellent,7000000
1033.0,2,2,3,Metro City,Semi-Furnished,0,Good,5250000
2400.0,6,4,9,Metro City,Semi-Furnished,1,Good,60000000
1092.0,2,2,4,Metro City,Semi-Furnished,0,Good,4400000
1350.0,3,3,9,Metro City,Unfurnished,1,Good,5500000
1196.0,2,2,3,Tier-2 City,Unfurnished,2,Good,1750000
1200.0,4,5,2,Metro City,Semi-Furnished,0,Good,32500000
1520.0,3,2,12,Metro City,Semi-Furnished,1,Good,6100000
1208.0,3,3,2,Metro City,Semi-Furnished,0,Good,4500000
2010.0,3,3,18,Rural Area,Unfurnished,0,Good,1650000
3198.0,4,4,0,Metro City,Semi-Furnished,0,Good,25000000
1865.0,3,3,22,Metro City,Fully Furnished,2,Good,13900000
1243.0,2,2,10,Metro City,Semi-Furnished,2,Good,4600000
3596.0,4,5,2,Metro City,Unfurnished,2,Good,29700000
1250.0,2,2,6,Metro City,Fully Furnished,0,Poor,20000000
1200.0,4,3,6,Metro City,Semi-Furnished,1,Good,12500000
1846.0,3,3,12,Metro City,Fully Furnished,0,Good,30000000
1188.0,2,2,3,Metro City,Fully Furnished,1,Good,5000000
774.0,5,5,17,Metro City,Unfurnished,1,Good,7000000
2316.0,3,3,13,Metro City,Semi-Furnished,2,Excellent,12500000
1700.0,5,5,16,Metro City,Fully Furnished,0,Good,30000000
2546.0,3,3,14,Metro City,Unfurnished,0,Excellent,17000000
1639.5,3,3,10,Metro City,Fully Furnished,2,Excellent,9250000
3122.0,4,6,5,Metro City,Semi-Furnished,1,Good,23500000
1817.0,3,3,13,Metro City,Unfurnished,3,Good,10200000
1678.0,3,3,10,Metro City,Semi-Furnished,1,Good,12500000
1150.0,3,2,12,Metro City,Semi-Furnished,0,Excellent,5750000
1007.0,2,2,16,Tier-2 City,Semi-Furnished,0,Good,3000000
1450.0,3,2,0,Metro City,Semi-Furnished,1,Good,8500000
1680.0,3,3,12,Metro City,Semi-Furnished,1,Excellent,8500000
1095.0,2,2,17,Metro City,Semi-Furnished,1,Good,8550000
1130.0,3,3,1,Metro City,Unfurnished,2,Excellent,3800000
3968.0,6,5,19,Metro City,Unfurnished,1,Excellent,90000000
1258.0,2,2,4,Metro City,Semi-Furnished,1,Good,8550000
1451.0,3,2,10,Metro City,Semi-Furnished,1,Good,4650000
1275.0,2,2,4,Metro City,Unfurnished,1,Good,12000000
1683.0,3,3,25,Metro City,Semi-Furnished,1,Poor,11500000
1500.0,3,3,11,Metro City,Semi-Furnished,0,Excellent,6200000
1160.0,2,2,9,Tier-1 City,Fully Furnished,1,Excellent,2350000
1560.0,3,3,1,Rural Area,Unfurnished,1,Good,1700000
1200.0,8,8,10,Tier-2 City,Unfurnished,1,Excellent,7800000
1379.0,2,2,6,Metro City,Unfurnished,1,Good,8500000
1200.0,2,2,9,Metro City,Fully Furnished,1,Good,4600000
1050.0,2,2,2,Metro City,Fully Furnished,0,Excellent,5200000
1846.0,3,3,4,Metro City,Semi-Furnished,1,Good,13500000
1100.0,1,2,0,Metro City,Unfurnished,1,Good,7500000
1035.0,2,2,5,Metro City,Unfurnished,2,Good,4700000
1100.0,2,2,12,Metro City,Unfurnished,2,Good,5800000
800.0,1,1,20,Metro City,Unfurnished,0,Good,5200000
1200.0,4,4,1,Metro City,Unfurnished,1,Excellent,10500000
800.0,4,4,0,Metro City,Fully Furnished,2,Good,6000000
1203.0,2,2,7,Metro City,Fully Furnished,1,Good,7200000
1206.0,2,2,13,Metro City,Semi-Furnished,2,Good,4000000
1583.0,3,3,15,Metro City,Fully Furnished,1,Good,11500000
2035.0,3,3,9,Metro City,Semi-Furnished,2,Good,14200000
600.0,3,4,19,Metro City,Semi-Furnished,0,Poor,9000000
1040.0,2,2,1,Metro City,Semi-Furnished,1,Excellent,4600000
958.0,5,3,4,Metro City,Semi-Furnished,0,Excellent,21000000
602.0,1,1,3,Metro City,Semi-Furnished,2,Excellent,3300000
3050.0,4,4,1,Metro City,Semi-Furnished,1,Good,13000000
2100.0,6,6,17,Metro City,Fully Furnished,0,Good,7100000
1241.0,3,2,10,Metro City,Unfurnished,2,Good,6800000
1112.0,2,2,4,Metro City,Semi-Furnished,1,Excellent,6800000
1221.0,2,2,16,Metro City,Fully Furnished,1,Excellent,6800000
2435.0,4,4,8,Metro City,Fully Furnished,1,Good,11900000
1200.0,1,2,2,Metro City,Semi-Furnished,3,Excellent,4500000
1100.0,2,2,14,Metro City,Fully Furnished,2,Good,4400000
1075.0,3,2,15,Metro City,Unfurnished,1,Good,4400000
1033.0,3,2,1,Tier-1 City,Fully Furnished,1,Good,2100000
669.0,1,1,2,Tier-2 City,Unfurnished,2,Good,1000000
3621.0,4,4,2,Metro City,Fully Furnished,0,Good,51100000
1753.0,3,3,19,Metro City,Unfurnished,1,Good,12000000
1220.0,2,2,8,Metro City,Semi-Furnished,1,Good,5650000
3600.0,4,4,4,Metro City,Semi-Furnished,1,Good,24500000
1300.0,2,2,21,Tier-1 City,Semi-Furnished,1,Good,6250000
3500.0,4,2,8,Metro City,Semi-Furnished,1,Good,35000000
1711.0,3,3,22,Metro City,Semi-Furnished,1,Good,12500000
1050.0,2,2,12,Metro City,Fully Furnished,2,Good,4500000
1464.0,3,3,23,Metro City,Semi-Furnished,2,Excellent,5600000
1200.0,3,3,7,Metro City,Unfurnished,0,Good,6600000
1452.0,3,2,8,Tier-2 City,Semi-Furnished,1,Good,1450000
1220.0,3,2,5,Metro City,Semi-Furnished,1,Excellent,3500000
900.0,2,2,23,Metro City,Unfurnished,3,Good,4000000
425.0,1,1,4,Tier-1 City,Fully Furnished,1,Good,1600000
1200.0,2,2,2,Metro City,Unfurnished,1,Good,6000000
1130.0,2,2,11,Metro City,Fully Furnished,0,Good,3600000
2400.0,3,2,6,Metro City,Semi-Furnished,2,Excellent,18000000
1530.0,3,2,16,Metro City,Semi-Furnished,1,Excellent,4600000
2400.0,4,4,4,Metro City,Fully Furnished,1,Excellent,8800000
1400.0,3,2,3,Metro City,Fully Furnished,0,Good,8800000
1620.0,3,2,8,Metro City,Unfurnished,1,Good,11000000
1600.0,3,2,11,Metro City,Fully Furnished,2,Excellent,6500000
1857.0,3,4,1,Metro City,Fully Furnished,0,Excellent,15500000
700.0,2,2,16,Metro City,Semi-Furnished,0,Excellent,3600000
1200.0,3,3,18,Metro City,Fully Furnished,2,Good,10500000
1120.0,2,2,8,Metro City,Semi-Furnished,0,Good,6000000
1255.0,2,2,6,Metro City,Semi-Furnished,2,Excellent,5650000
1640.0,3,3,1,Metro City,Unfurnished,0,Good,12000000
1680.0,3,3,5,Metro City,Semi-Furnished,3,Excellent,7200000
2072.0,3,4,7,Metro City,Semi-Furnished,2,Excellent,13900000
1845.0,3,2,6,Metro City,Fully Furnished,0,Good,6850000
875.0,4,4,1,Metro City,Semi-Furnished,1,Poor,15000000
1789.0,3,3,1,Metro City,Fully Furnished,2,Excellent,9800000
1025.0,2,2,1,Metro City,Semi-Furnished,0,Good,2950000
1350.0,3,2,0,Tier-2 City,Fully Furnished,1,Good,1550000
1415.0,2,2,19,Metro City,Unfurnished,1,Excellent,12000000
1278.0,2,2,12,Metro City,Fully Furnished,2,Poor,9500000
1984.0,3,4,13,Metro City,Semi-Furnished,0,Good,14500000
1175.0,2,2,2,Metro City,Semi-Furnished,0,Poor,7350000
999.0,2,2,13,Tier-1 City,Semi-Furnished,0,Poor,2700000
1400.0,1,1,3,Metro City,Semi-Furnished,2,Good,28500000
1175.0,2,2,5,Metro City,Semi-Furnished,1,Good,2950000
1975.0,3,3,11,Tier-1 City,Unfurnished,1,Excellent,7500000
1200.0,3,3,4,Metro City,Semi-Furnished,1,Poor,9500000
978.0,2,2,3,Metro City,Unfurnished,0,Good,3400000
1268.0,2,2,6,Tier-1 City,Semi-Furnished,0,Good,5550000
2805.0,4,4,3,Tier-2 City,Unfurnished,1,Good,6300000
2557.0,3,3,6,Tier-2 City,Fully Furnished,2,Good,6400000
700.0,2,1,9,Rural Area,Unfurnished,2,Good,500000
1050.0,2,2,4,Metro City,Semi-Furnished,1,Good,3800000
914.0,2,2,8,Tier-2 City,Unfurnished,1,Good,1550000
7000.0,4,8,6,Tier-1 City,Semi-Furnished,1,Good,32100000
1060.0,2,2,8,Metro City,Fully Furnished,0,Poor,4600000
1100.0,2,2,23,Metro City,Semi-Furnished,2,Good,4450000
4000.0,4,5,4,Metro City,Semi-Furnished,1,Good,60000000
1480.0,3,2,5,Metro City,Semi-Furnished,1,Poor,8400000
2900.0,3,3,2,Metro City,Fully Furnished,1,Excellent,29700000
565.0,1,1,15,Metro City,Fully Furnished,2,Good,3300000
1330.0,2,2,3,Tier-2 City,Semi-Furnished,1,Excellent,3150000
2665.0,3,3,4,Tier-2 City,Unfurnished,1,Good,10300000
1465.0,2,2,4,Tier-2 City,Fully Furnished,0,Poor,1800000
1350.0,2,3,0,Metro City,Semi-Furnished,1,Good,5500000
1260.0,2,2,19,Metro City,Unfurnished,1,Poor,8350000
1086.0,2,2,15,Metro City,Semi-Furnished,1,Good,3350000
1418.0,2,2,8,Rural Area,Fully Furnished,0,Excellent,1050000
1100.0,2,2,9,Metro City,Semi-Furnished,2,Excellent,4500000
1852.0,3,3,14,Metro City,Unfurnished,1,Excellent,13000000
3095.0,3,3,19,Metro City,Unfurnished,1,Poor,37500000
1692.0,3,3,6,Rural Area,Fully Furnished,0,Good,950000
1700.0,3,3,14,Metro City,Semi-Furnished,1,Good,11000000
1305.0,3,3,10,Metro City,Semi-Furnished,0,Excellent,6500000
1632.0,4,3,4,Metro City,Unfurnished,1,Good,14500000
1300.0,3,3,0,Metro City,Semi-Furnished,2,Good,6900000
1194.0,2,2,24,Metro City,Semi-Furnished,2,Good,4600000
1455.0,3,3,14,Metro City,Semi-Furnished,2,Good,7500000
3900.0,6,6,14,Metro City,Unfurnished,1,Good,26000000
1065.0,2,2,3,Tier-1 City,Semi-Furnished,1,Good,3150000
1800.0,3,3,5,Metro City,Fully Furnished,0,Good,22000000
1105.0,2,2,7,Metro City,Semi-Furnished,1,Poor,3850000
3000.0,4,5,8,Metro City,Semi-Furnished,1,Good,25000000
1244.0,2,2,24,Tier-1 City,Semi-Furnished,1,Poor,4300000
1200.0,3,3,16,Rural Area,Unfurnished,0,Good,1100000
1434.0,3,2,4,Metro City,Unfurnished,1,Good,6750000
2500.0,3,5,9,Metro City,Fully Furnished,1,Good,12000000
1200.0,6,6,14,Metro City,Semi-Furnished,1,Excellent,18000000
4395.0,4,4,3,Rural Area,Fully Furnished,3,Poor,2050000
1247.0,2,2,4,Metro City,Semi-Furnished,1,Good,5300000
1205.0,2,2,0,Tier-1 City,Fully Furnished,3,Good,4750000
1076.0,2,2,10,Tier-1 City,Fully Furnished,1,Good,4050000
1200.0,4,4,9,Metro City,Unfurnished,1,Good,14000000
1260.0,2,2,9,Metro City,Unfurnished,2,Excellent,10000000
1140.0,2,2,20,Tier-1 City,Fully Furnished,0,Poor,3150000
1050.0,2,2,3,Metro City,Semi-Furnished,1,Good,6500000
1450.0,2,2,8,Metro City,Semi-Furnished,1,Excellent,5100000
2075.0,3,3,1,Metro City,Fully Furnished,0,Good,17500000
1500.0,7,9,16,Metro City,Semi-Furnished,1,Good,25000000
2357.0,3,3,1,Tier-1 City,Semi-Furnished,2,Good,12750000
1175.0,2,2,25,Metro City,Unfurnished,2,Excellent,4700000
922.0,2,2,12,Metro City,Semi-Furnished,2,Good,3600000
1170.0,2,2,24,Tier-1 City,Fully Furnished,0,Excellent,3200000
1325.0,3,2,0,Metro City,Semi-Furnished,1,Good,6100000
1100.0,2,2,15,Metro City,Semi-Furnished,1,Good,6300000
1844.0,3,3,10,Rural Area,Unfurnished,3,Poor,1000000
1199.0,3,2,8,Metro City,Semi-Furnished,0,Poor,4850000
750.0,2,2,22,Metro City,Fully Furnished,1,Good,3800000
1060.0,2,2,11,Metro City,Unfurnished,1,Excellent,4200000
995.0,2,2,20,Metro City,Semi-Furnished,1,Good,3500000
3596.0,3,3,12,Metro City,Semi-Furnished,2,Good,20000000
1238.0,2,2,3,Tier-2 City,Semi-Furnished,2,Poor,2650000
1277.5,2,2,16,Metro City,Semi-Furnished,1,Excellent,9600000
1900.0,3,3,1,Metro City,Semi-Furnished,2,Excellent,8500000
1243.0,2,2,21,Tier-1 City,Fully Furnished,3,Good,2750000
2300.0,3,4,25,Metro City,Unfurnished,1,Good,10200000
400.0,1,1,2,Metro City,Semi-Furnished,1,Excellent,1200000
1067.0,2,2,13,Metro City,Fully Furnished,1,Poor,5200000
1200.0,3,2,15,Tier-2 City,Unfurnished,1,Good,2100000
1152.0,4,4,2,Metro City,Unfurnished,1,Good,23000000
1460.0,3,2,4,Metro City,Semi-Furnished,3,Good,10000000
1277.0,2,2,6,Metro City,Fully Furnished,2,Good,5500000
600.0,2,1,0,Metro City,Unfurnished,2,Poor,2500000
1103.0,2,2,3,Metro City,Semi-Furnished,1,Good,5500000
1093.0,2,2,14,Tier-2 City,Unfurnished,0,Good,2500000
975.0,3,2,3,Metro City,Semi-Furnished,2,Excellent,4500000
2100.0,3,3,2,Metro City,Semi-Furnished,2,Good,27000000
1116.0,2,2,8,Metro City,Fully Furnished,0,Good,4900000
1200.0,2,2,9,Metro City,Unfurnished,0,Good,5000000
1043.0,2,2,2,Metro City,Unfurnished,3,Good,5500000
1200.0,2,2,1,Metro City,Fully Furnished,1,Excellent,5800000
1125.0,2,2,0,Metro City,Fully Furnished,2,Good,4750000
1768.0,3,3,10,Metro City,Unfurnished,1,Good,10100000
1350.0,5,3,10,Metro City,Semi-Furnished,0,Poor,11000000
1349.0,2,2,3,Tier-1 City,Semi-Furnished,1,Excellent,8250000
1385.0,3,2,5,Metro City,Unfurnished,0,Good,4850000
2300.0,3,2,0,Metro City,Semi-Furnished,0,Good,7000000
1200.0,5,5,0,Rural Area,Unfurnished,0,Good,3600000
1394.0,2,2,0,Metro City,Fully Furnished,1,Poor,8500000
1125.0,2,2,6,Tier-2 City,Fully Furnished,1,Excellent,1700000
2357.0,3,3,1,Metro City,Semi-Furnished,2,Good,15100000
1685.0,3,2,7,Metro City,Unfurnished,2,Good,11000000
965.0,2,2,21,Metro City,Fully Furnished,0,Good,4250000
2300.0,3,2,10,Metro City,Semi-Furnished,0,Good,6900000
1810.0,3,3,2,Metro City,Semi-Furnished,2,Excellent,13100000
3300.0,10,9,2,Metro City,Semi-Furnished,2,Excellent,45000000
1010.0,2,2,6,Metro City,Semi-Furnished,2,Good,14800000
820.0,2,2,6,Metro City,Unfurnished,2,Poor,3000000
700.0,8,4,0,Metro City,Semi-Furnished,0,Excellent,10400000
1210.0,2,2,18,Metro City,Unfurnished,0,Excellent,2500000
973.0,2,2,1,Metro City,Fully Furnished,0,Good,5050000
1410.0,3,2,19,Metro City,Unfurnished,1,Good,4450000
1411.0,3,3,13,Metro City,Fully Furnished,1,Good,10000000
1339.0,2,2,16,Metro City,Semi-Furnished,1,Poor,5800000
2321.0,3,4,6,Tier-1 City,Unfurnished,2,Excellent,9850000
1175.0,2,2,16,Metro City,Semi-Furnished,2,Poor,4500000
2082.0,3,3,3,Metro City,Semi-Furnished,1,Excellent,10400000
1320.0,2,2,4,Metro City,Unfurnished,1,Poor,16000000
1843.0,3,3,8,Metro City,Semi-Furnished,2,Excellent,8750000
1080.0,2,2,1,Tier-1 City,Fully Furnished,1,Poor,5050000
1200.0,4,4,7,Metro City,Semi-Furnished,1,Good,13000000
1660.0,3,3,7,Metro City,Fully Furnished,0,Good,11000000
1050.0,2,2,0,Metro City,Fully Furnished,1,Poor,4500000
1180.0,2,2,10,Rural Area,Fully Furnished,0,Good,500000
4050.0,3,3,22,Metro City,Fully Furnished,1,Excellent,28000000
1255.0,2,2,4,Metro City,Unfurnished,0,Good,5300000
900.0,1,1,6,Metro City,Fully Furnished,1,Good,17500000
1200.0,6,7,17,Metro City,Unfurnished,0,Poor,17000000
1545.0,3,3,17,Metro City,Semi-Furnished,0,Excellent,7900000
1155.0,2,2,20,Metro City,Semi-Furnished,0,Poor,6400000
1650.0,3,2,7,Metro City,Unfurnished,2,Good,13000000
1115.0,2,2,0,Metro City,Fully Furnished,0,Good,4300000
1365.0,2,2,9,Metro City,Fully Furnished,1,Excellent,9200000
2072.0,3,4,2,Metro City,Unfurnished,1,Good,15500000
1320.0,3,2,10,Metro City,Unfurnished,1,Good,5900000
1035.0,2,2,8,Metro City,Semi-Furnished,2,Poor,3900000
883.0,2,2,16,Rural Area,Unfurnished,1,Poor,500000
1335.0,2,2,20,Tier-1 City,Semi-Furnished,2,Excellent,5950000
860.0,2,2,10,Metro City,Semi-Furnished,1,Poor,2900000
1155.0,2,2,18,Metro City,Semi-Furnished,2,Good,5800000
5400.0,3,3,21,Metro City,Semi-Furnished,1,Excellent,70000000
1531.0,3,3,5,Metro City,Fully Furnished,3,Good,5200000
2805.0,4,4,0,Metro City,Semi-Furnished,1,Excellent,15400000
2805.0,4,4,3,Tier-2 City,Unfurnished,1,Good,5400000
794.0,1,1,17,Metro City,Unfurnished,1,Excellent,6500000
660.0,2,2,9,Metro City,Fully Furnished,0,Good,7600000
1540.0,3,3,0,Metro City,Semi-Furnished,2,Poor,4850000
2500.0,7,6,2,Metro City,Semi-Furnished,3,Good,11500000
1025.0,2,2,22,Metro City,Semi-Furnished,2,Good,6000000
1205.0,2,2,7,Metro City,Semi-Furnished,2,Good,7850000
1777.26,3,3,13,Metro City,Semi-Furnished,1,Good,8900000
1776.42,3,3,15,Metro City,Semi-Furnished,0,Good,10500000
1620.0,3,3,1,Metro City,Fully Furnished,1,Good,13000000
1360.0,2,2,9,Metro City,Unfurnished,1,Good,6500000
1140.0,2,2,13,Metro City,Semi-Furnished,0,Excellent,3300000
1070.0,2,2,0,Metro City,Unfurnished,1,Good,5700000
1200.0,5,4,16,Metro City,Unfurnished,2,Excellent,15000000
1365.0,3,3,13,Metro City,Semi-Furnished,2,Good,5400000
2000.0,5,5,0,Metro City,Semi-Furnished,1,Excellent,7500000
1464.0,3,2,11,Metro City,Unfurnished,1,Poor,10500000
1222.0,3,2,8,Tier-2 City,Fully Furnished,1,Good,2650000
1046.0,2,2,6,Metro City,Fully Furnished,0,Good,4900000
950.0,2,2,0,Metro City,Semi-Furnished,1,Excellent,4500000
812.0,9,6,21,Metro City,Unfurnished,2,Poor,16500000
1640.0,3,3,6,Metro City,Fully Furnished,0,Good,26200000
1200.0,4,4,13,Metro City,Semi-Furnished,0,Excellent,22500000
2204.0,3,2,10,Metro City,Semi-Furnished,1,Good,30500000
1100.0,2,2,9,Metro City,Unfurnished,2,Poor,6500000
1141.0,2,2,4,Metro City,Unfurnished,1,Excellent,6200000
1450.0,3,2,1,Metro City,Semi-Furnished,1,Excellent,10000000
1272.0,2,2,8,Tier-1 City,Semi-Furnished,1,Excellent,3150000
3012.0,4,6,13,Metro City,Semi-Furnished,1,Good,26800000
1350.0,5,4,2,Metro City,Unfurnished,1,Poor,13500000
1128.0,2,2,11,Metro City,Unfurnished,1,Excellent,6000000
1299.0,2,2,3,Metro City,Fully Furnished,1,Good,9500000
1334.0,2,2,2,Tier-2 City,Fully Furnished,1,Poor,1600000
1410.0,3,2,1,Rural Area,Semi-Furnished,1,Excellent,900000
1145.0,3,2,3,Metro City,Semi-Furnished,1,Good,6000000
1221.0,2,2,16,Tier-1 City,Fully Furnished,1,Excellent,4250000
1340.0,3,2,3,Metro City,Fully Furnished,1,Good,6450000
4470.0,3,3,9,Metro City,Unfurnished,0,Poor,70000000
1197.0,2,2,7,Metro City,Unfurnished,0,Excellent,7500000
2026.0,3,3,8,Metro City,Semi-Furnished,2,Good,13200000
1170.0,2,2,19,Metro City,Unfurnished,0,Good,10500000
900.0,2,2,15,Metro City,Unfurnished,1,Good,2800000
3122.0,4,5,16,Metro City,Unfurnished,1,Good,22500000
1397.0,3,3,1,Metro City,Semi-Furnished,1,Poor,10500000
883.0,2,2,17,Metro City,Unfurnished,1,Good,4500000
1720.0,3,3,1,Metro City,Semi-Furnished,0,Excellent,15000000
1145.0,2,2,5,Metro City,Unfurnished,1,Good,10000000
1864.0,3,3,3,Tier-2 City,Unfurnished,0,Good,3750000
1126.0,2,2,5,Metro City,Unfurnished,0,Good,2800000
1155.0,2,2,9,Metro City,Semi-Furnished,1,Good,6900000
1315.0,3,2,2,Metro City,Unfurnished,0,Good,7400000
1500.0,2,2,7,Metro City,Unfurnished,1,Excellent,14500000
1355.0,3,3,17,Metro City,Semi-Furnished,0,Excellent,8400000
1738.0,3,3,20,Tier-1 City,Semi-Furnished,1,Good,6950000
1780.0,4,4,11,Metro City,Fully Furnished,1,Excellent,17500000
3000.0,2,2,3,Metro City,Fully Furnished,1,Excellent,51000000
1698.0,3,3,25,Metro City,Semi-Furnished,1,Excellent,12500000
1075.0,3,2,1,Metro City,Semi-Furnished,2,Good,5000000
1068.0,2,2,9,Metro City,Unfurnished,1,Good,4000000
2885.0,4,3,1,Metro City,Fully Furnished,2,Good,18500000
1200.0,4,3,6,Metro City,Semi-Furnished,1,Excellent,9500000
1699.0,3,3,4,Rural Area,Unfurnished,0,Good,1350000
1460.0,2,2,5,Metro City,Unfurnished,1,Poor,8050000
2700.0,4,5,3,Tier-1 City,Semi-Furnished,2,Good,7600000
905.0,2,2,20,Tier-1 City,Semi-Furnished,1,Good,4350000
1075.0,2,2,5,Metro City,Semi-Furnished,0,Good,5700000
1515.0,3,3,24,Metro City,Fully Furnished,3,Good,8050000
3800.0,4,4,4,Metro City,Semi-Furnished,1,Good,23900000
1075.0,3,2,12,Rural Area,Unfurnished,1,Excellent,500000
1233.0,2,2,0,Metro City,Semi-Furnished,2,Good,4300000
2600.0,4,4,18,Metro City,Unfurnished,1,Excellent,52300000
1330.0,3,3,0,Metro City,Semi-Furnished,0,Poor,7200000
1264.0,2,2,9,Tier-2 City,Fully Furnished,1,Poor,2500000
2849.0,5,5,16,Metro City,Semi-Furnished,0,Poor,30000000
1280.0,2,2,15,Metro City,Unfurnished,2,Good,6900000
1280.0,2,2,24,Metro City,Semi-Furnished,1,Poor,9000000
710.0,1,2,8,Metro City,Fully Furnished,0,Excellent,4000000
500.0,1,1,14,Metro City,Semi-Furnished,1,Poor,2400000
1310.0,2,2,6,Rural Area,Fully Furnished,1,Good,1000000
6200.0,4,4,13,Metro City,Unfurnished,3,Good,74400000
1365.0,3,2,0,Metro City,Unfurnished,1,Good,4900000
2195.0,3,4,5,Metro City,Semi-Furnished,2,Good,12700000
1300.0,3,3,22,Metro City,Semi-Furnished,0,Excellent,8000000
1100.0,2,2,8,Tier-2 City,Semi-Furnished,0,Good,1600000
1200.0,2,2,22,Tier-1 City,Unfurnished,0,Good,3100000
900.0,1,1,9,Metro City,Semi-Furnished,0,Poor,5250000
1685.0,3,3,7,Metro City,Unfurnished,1,Poor,8500000
925.0,2,2,15,Metro City,Semi-Furnished,3,Poor,2500000
1651.0,3,3,1,Metro City,Semi-Furnished,2,Good,9750000
1285.0,2,2,0,Metro City,Semi-Furnished,1,Good,6000000
1246.0,2,2,14,Metro City,Semi-Furnished,3,Good,6500000
1419.0,2,2,1,Metro City,Unfurnished,1,Excellent,4800000
3850.0,3,5,10,Metro City,Fully Furnished,1,Good,31600000
1750.0,3,3,12,Metro City,Semi-Furnished,0,Excellent,14900000
705.0,1,1,19,Rural Area,Unfurnished,2,Good,500000
1180.0,2,2,1,Rural Area,Fully Furnished,0,Good,900000
1630.0,3,3,12,Metro City,Semi-Furnished,1,Good,11000000
1140.0,2,2,0,Metro City,Semi-Furnished,2,Good,4500000
1200.0,10,8,9,Metro City,Semi-Furnished,0,Good,23000000
2835.0,4,4,9,Metro City,Semi-Furnished,0,Excellent,24100000
1340.0,3,2,14,Metro City,Fully Furnished,1,Excellent,4200000
2250.0,5,5,3,Metro City,Semi-Furnished,2,Excellent,36000000
1221.0,3,3,7,Metro City,Unfurnished,1,Good,7200000
1200.0,2,2,22,Tier-1 City,Unfurnished,2,Good,4050000
1225.0,3,3,12,Tier-1 City,Semi-Furnished,2,Good,3150000
1400.0,2,2,16,Metro City,Unfurnished,2,Excellent,9000000
865.0,2,2,21,Metro City,Semi-Furnished,1,Excellent,4000000
1126.0,2,2,5,Metro City,Semi-Furnished,2,Excellent,3950000
760.0,3,4,6,Metro City,Unfurnished,0,Good,9500000
1180.0,2,2,14,Metro City,Unfurnished,0,Excellent,6500000
2100.0,4,3,10,Metro City,Unfurnished,2,Excellent,14700000
1738.0,3,2,21,Metro City,Unfurnished,1,Excellent,7900000
1702.0,3,3,10,Metro City,Semi-Furnished,2,Poor,11500000
1350.0,2,2,13,Metro City,Semi-Furnished,1,Good,6800000
1200.0,4,4,13,Tier-2 City,Semi-Furnished,2,Excellent,2150000
985.0,2,2,14,Metro City,Fully Furnished,1,Excellent,5500000
1650.0,4,2,20,Metro City,Semi-Furnished,1,Good,14000000
1750.0,3,3,20,Metro City,Semi-Furnished,1,Good,13000000
1863.0,4,3,0,Metro City,Semi-Furnished,0,Good,10400000
1352.0,2,2,18,Metro City,Semi-Furnished,2,Excellent,8750000
705.0,1,1,1,Metro City,Fully Furnished,0,Good,5700000
560.0,1,1,13,Metro City,Fully Furnished,1,Good,1900000
1200.0,7,8,6,Metro City,Fully Furnished,2,Good,11000000
1465.0,3,2,1,Metro City,Semi-Furnished,1,Good,5000000
534.0,1,1,4,Metro City,Semi-Furnished,2,Good,1950000
3300.0,4,4,12,Metro City,Unfurnished,2,Poor,32900000
1160.0,2,2,4,Metro City,Fully Furnished,1,Good,3600000
1100.0,3,3,1,Metro City,Fully Furnished,2,Excellent,5300000
750.0,1,1,2,Metro City,Semi-Furnished,2,Good,2550000
1350.0,2,2,11,Metro City,Fully Furnished,0,Good,6750000
750.0,1,1,20,Tier-1 City,Semi-Furnished,1,Excellent,3300000
2710.0,3,3,1,Tier-1 City,Unfurnished,0,Good,12100000
1281.0,2,2,7,Metro City,Fully Furnished,1,Excellent,8700000
1257.0,2,2,5,Metro City,Fully Furnished,1,Good,9300000
2400.0,4,4,12,Metro City,Semi-Furnished,1,Good,70000000
1021.0,2,2,8,Metro City,Unfurnished,2,Excellent,4600000
1345.0,3,2,16,Metro City,Semi-Furnished,1,Excellent,5700000
1402.0,3,2,8,Metro City,Semi-Furnished,2,Good,8500000
1073.0,2,2,12,Tier-1 City,Semi-Furnished,0,Excellent,2600000
1420.0,3,3,9,Metro City,Unfurnished,2,Good,6600000
1200.0,4,4,0,Metro City,Unfurnished,2,Good,8500000
1678.0,3,3,3,Metro City,Semi-Furnished,2,Excellent,7000000
1278.0,3,2,25,Metro City,Semi-Furnished,2,Good,5400000
1586.0,3,3,3,Tier-2 City,Unfurnished,1,Excellent,2300000
664.0,1,1,2,Metro City,Semi-Furnished,2,Good,3500000
1328.0,3,2,8,Metro City,Semi-Furnished,1,Good,6000000
1133.0,2,2,23,Metro City,Semi-Furnished,2,Good,5500000
1427.0,3,3,16,Metro City,Semi-Furnished,1,Good,12000000
1694.0,3,3,1,Metro City,Unfurnished,1,Good,12500000
1028.0,2,2,4,Metro City,Unfurnished,1,Good,4900000
1835.0,3,3,8,Metro City,Semi-Furnished,1,Excellent,16000000
750.0,4,2,7,Metro City,Unfurnished,1,Poor,4200000
1080.0,5,6,0,Metro City,Semi-Furnished,1,Good,6500000
2400.0,3,2,4,Metro City,Fully Furnished,1,Poor,5000000
1900.0,3,3,1,Metro City,Semi-Furnished,0,Poor,6000000
1000.0,2,2,4,Metro City,Semi-Furnished,1,Good,4000000
1035.0,2,2,15,Metro City,Fully Furnished,2,Good,4900000
1158.0,3,2,3,Metro City,Semi-Furnished,3,Good,8500000
825.0,2,2,14,Metro City,Unfurnished,1,Excellent,3000000
1800.0,3,3,2,Tier-2 City,Semi-Furnished,2,Good,3200000
1846.0,3,3,0,Metro City,Semi-Furnished,2,Good,15500000
1615.0,3,3,20,Metro City,Semi-Furnished,1,Good,5800000
1125.0,2,2,7,Metro City,Unfurnished,0,Poor,5200000
1280.0,2,2,1,Rural Area,Unfurnished,2,Good,1100000
1180.0,2,2,3,Tier-1 City,Fully Furnished,1,Poor,4400000
1480.0,3,3,3,Metro City,Fully Furnished,2,Good,7550000
1478.0,2,2,8,Tier-1 City,Semi-Furnished,1,Good,6850000
1827.0,3,3,4,Tier-1 City,Semi-Furnished,1,Good,7000000
3000.0,3,3,7,Metro City,Semi-Furnished,1,Excellent,6000000
1110.0,2,2,8,Metro City,Unfurnished,0,Good,4650000
2520.0,3,3,19,Metro City,Semi-Furnished,1,Excellent,15000000
2000.0,3,3,6,Metro City,Semi-Furnished,1,Good,30000000
1400.0,2,2,8,Tier-1 City,Fully Furnished,2,Good,4250000
614.5,1,1,3,Metro City,Unfurnished,0,Good,3050000
1800.0,3,3,16,Metro City,Unfurnished,0,Good,9500000
1200.0,2,2,25,Metro City,Unfurnished,1,Excellent,4500000
675.0,2,2,13,Metro City,Unfurnished,1,Good,1350000
1100.0,2,2,7,Rural Area,Semi-Furnished,1,Excellent,650000
1194.0,2,2,6,Metro City,Semi-Furnished,1,Good,4700000
1640.0,3,4,5,Metro City,Semi-Furnished,0,Good,9100000
1350.0,3,3,5,Metro City,Fully Furnished,1,Good,7150000
600.0,3,2,5,Metro City,Unfurnished,1,Good,11000000
1082.0,3,2,9,Metro City,Unfurnished,1,Good,4900000
730.0,2,1,3,Metro City,Semi-Furnished,1,Excellent,5200000
1200.0,5,4,15,Tier-2 City,Unfurnished,1,Good,5550000
600.0,2,2,10,Metro City,Fully Furnished,1,Poor,3000000
884.0,2,2,9,Tier-2 City,Semi-Furnished,1,Poor,1150000
1470.0,3,2,19,Metro City,Fully Furnished,1,Good,8400000
833.0,1,1,22,Metro City,Unfurnished,1,Good,4900000
1170.0,2,2,8,Tier-1 City,Fully Furnished,1,Good,3200000
2400.0,4,4,21,Tier-1 City,Unfurnished,2,Excellent,23550000
1200.0,8,10,8,Metro City,Fully Furnished,2,Good,18000000
1420.0,3,3,3,Tier-1 City,Unfurnished,0,Poor,4300000
1270.0,3,2,16,Tier-2 City,Unfurnished,1,Good,2150000
1100.0,3,3,22,Metro City,Unfurnished,3,Good,11000000
1214.0,2,2,11,Metro City,Fully Furnished,1,Excellent,6700000
2700.0,3,3,10,Tier-1 City,Unfurnished,1,Good,28800000
340.0,1,1,14,Metro City,Semi-Furnished,1,Good,1000000
1400.0,3,3,0,Metro City,Semi-Furnished,2,Good,7000000
3317.5,4,5,0,Metro City,Semi-Furnished,0,Good,26850000
600.0,3,3,21,Metro City,Semi-Furnished,0,Poor,7500000
1736.0,4,6,2,Metro City,Unfurnished,0,Poor,19000000
2072.0,3,4,14,Metro City,Fully Furnished,0,Excellent,15000000
1200.0,2,2,1,Tier-1 City,Unfurnished,1,Good,4450000
1268.0,2,2,0,Metro City,Unfurnished,1,Good,5600000
1200.0,5,4,0,Metro City,Semi-Furnished,0,Good,24000000
1500.0,3,2,0,Metro City,Fully Furnished,1,Good,6000000
3408.0,4,5,3,Metro City,Semi-Furnished,0,Good,14500000
1000.0,2,2,11,Metro City,Semi-Furnished,1,Good,6200000
1015.0,2,2,13,Metro City,Unfurnished,1,Poor,2600000
410.0,1,1,5,Tier-2 City,Semi-Furnished,1,Good,2000000
720.0,2,2,13,Tier-2 City,Semi-Furnished,1,Excellent,1900000
1097.0,2,2,12,Metro City,Fully Furnished,0,Good,3400000
1500.0,3,3,13,Metro City,Fully Furnished,2,Poor,6200000
1852.0,3,4,14,Metro City,Semi-Furnished,2,Good,12200000
1313.0,3,4,1,Tier-1 City,Semi-Furnished,1,Good,9600000
915.0,2,2,12,Metro City,Unfurnished,0,Excellent,4800000
995.0,2,2,11,Metro City,Unfurnished,0,Good,4800000
916.0,2,2,6,Metro City,Semi-Furnished,1,Excellent,4200000
1230.0,3,2,11,Metro City,Fully Furnished,1,Good,5200000
3000.0,4,4,21,Metro City,Semi-Furnished,1,Good,16000000
1100.0,2,2,1,Metro City,Semi-Furnished,1,Excellent,6400000
1200.0,4,4,9,Tier-2 City,Unfurnished,1,Good,2300000
1464.0,2,3,11,Metro City,Unfurnished,2,Excellent,5600000
900.0,2,1,11,Metro City,Fully Furnished,1,Good,4500000
883.0,2,2,1,Metro City,Semi-Furnished,1,Poor,4400000
1703.0,3,3,23,Tier-2 City,Unfurnished,1,Good,3650000
975.0,2,2,0,Metro City,Fully Furnished,1,Excellent,4500000
1223.0,3,2,1,Metro City,Semi-Furnished,1,Good,4300000
1719.0,3,3,3,Metro City,Semi-Furnished,1,Good,9500000
1200.0,3,3,17,Metro City,Semi-Furnished,1,Excellent,5650000
1442.0,3,3,3,Metro City,Unfurnished,1,Good,5600000
1800.0,3,3,18,Metro City,Unfurnished,1,Poor,11000000
1450.0,3,2,20,Metro City,Fully Furnished,1,Excellent,10200000
667.0,1,1,14,Metro City,Unfurnished,0,Good,3700000
1853.0,3,3,9,Metro City,Fully Furnished,1,Poor,8200000
1541.0,3,3,21,Metro City,Fully Furnished,2,Good,6950000
2400.0,4,4,24,Metro City,Unfurnished,2,Excellent,18000000
1350.0,3,2,9,Tier-1 City,Fully Furnished,1,Good,8950000
1693.0,3,3,22,Metro City,Semi-Furnished,2,Good,5750000
1305.0,3,3,1,Metro City,Fully Furnished,2,Good,3350000
4000.0,7,8,6,Rural Area,Semi-Furnished,1,Excellent,2300000
1250.0,3,3,15,Metro City,Unfurnished,2,Good,6250000
2500.0,3,3,22,Metro City,Fully Furnished,1,Good,40000000
500.0,2,1,16,Metro City,Semi-Furnished,3,Excellent,2000000
4097.0,3,3,1,Metro City,Fully Furnished,1,Excellent,40000000
1025.0,2,2,7,Metro City,Semi-Furnished,2,Good,9000000
1180.0,2,2,19,Metro City,Semi-Furnished,1,Poor,4150000
1767.0,3,3,10,Metro City,Unfurnished,1,Excellent,8900000
1165.0,2,2,4,Metro City,Unfurnished,3,Good,5150000
1523.0,3,2,14,Metro City,Semi-Furnished,1,Good,5350000
4144.0,5,5,17,Metro City,Semi-Furnished,2,Good,33100000
1245.0,2,2,2,Metro City,Fully Furnished,2,Good,6200000
1060.0,2,2,4,Metro City,Semi-Furnished,1,Good,4500000
1768.0,3,3,12,Metro City,Semi-Furnished,1,Excellent,9500000
1035.0,2,2,22,Metro City,Unfurnished,0,Good,5500000
1231.0,2,2,17,Tier-1 City,Semi-Furnished,1,Excellent,2650000
2500.0,4,4,6,Metro City,Semi-Furnished,2,Poor,17000000
1082.0,3,2,8,Metro City,Fully Furnished,1,Good,5750000
2416.0,10,10,5,Metro City,Fully Furnished,2,Good,60000000
1400.0,2,2,10,Metro City,Semi-Furnished,1,Excellent,4500000
1213.0,3,2,17,Rural Area,Semi-Furnished,0,Good,500000
1140.0,2,2,0,Metro City,Unfurnished,1,Excellent,5900000
1350.0,2,2,1,Metro City,Unfurnished,0,Good,8000000
1243.0,2,2,1,Metro City,Semi-Furnished,0,Excellent,4600000
1976.0,3,3,3,Metro City,Semi-Furnished,1,Good,14500000
1200.0,7,7,3,Metro City,Fully Furnished,1,Good,14000000
4000.0,5,4,6,Metro City,Semi-Furnished,1,Good,100000000
1128.0,2,2,8,Metro City,Semi-Furnished,2,Good,4900000
1164.0,2,2,0,Metro City,Semi-Furnished,2,Good,5600000
3000.0,4,3,6,Metro City,Fully Furnished,1,Excellent,17000000
302.0,2,2,9,Tier-2 City,Unfurnished,0,Good,1150000
1255.0,2,2,10,Metro City,Fully Furnished,3,Good,6900000
985.0,2,2,7,Rural Area,Unfurnished,1,Good,500000
800.0,7,7,22,Metro City,Semi-Furnished,0,Good,10500000
740.0,1,1,5,Metro City,Fully Furnished,1,Good,2350000
1150.0,2,2,16,Metro City,Semi-Furnished,1,Good,3800000
1413.0,3,2,2,Metro City,Fully Furnished,1,Good,7500000
1240.0,3,2,3,Tier-1 City,Fully Furnished,0,Good,3300000
1082.0,3,2,4,Metro City,Semi-Furnished,1,Excellent,4500000
776.5,1,1,13,Metro City,Semi-Furnished,0,Good,4800000
1800.0,2,1,1,Metro City,Semi-Furnished,2,Poor,12800000
1557.0,3,3,2,Metro City,Fully Furnished,1,Poor,7000000
1100.0,2,2,2,Metro City,Fully Furnished,2,Good,4700000
1494.0,3,2,9,Tier-1 City,Fully Furnished,1,Good,6250000
2400.0,4,5,7,Metro City,Fully Furnished,0,Good,32000000
1050.0,2,2,7,Metro City,Semi-Furnished,1,Good,12500000
315.0,4,4,4,Metro City,Semi-Furnished,3,Good,9000000
1263.0,2,2,2,Metro City,Fully Furnished,0,Good,5150000
1737.0,3,2,7,Metro City,Unfurnished,1,Poor,5750000
3100.0,4,4,12,Metro City,Fully Furnished,3,Good,35000000
1070.0,2,2,0,Metro City,Semi-Furnished,1,Good,5300000
1185.0,2,2,6,Metro City,Semi-Furnished,1,Good,4550000
1200.0,2,2,1,Metro City,Semi-Furnished,1,Excellent,21600000
1200.0,9,9,22,Metro City,Semi-Furnished,2,Poor,21500000
1370.07,3,3,17,Metro City,Unfurnished,3,Good,6500000
1655.0,3,3,3,Metro City,Semi-Furnished,1,Poor,11300000
780.0,3,3,18,Metro City,Fully Furnished,1,Poor,7500000
1310.0,3,2,1,Metro City,Fully Furnished,2,Good,5500000
2640.0,2,2,0,Metro City,Unfurnished,1,Good,17000000
1140.0,2,2,14,Metro City,Semi-Furnished,1,Good,3300000
703.0,2,2,0,Metro City,Semi-Furnished,1,Good,4950000
1785.0,3,3,25,Metro City,Unfurnished,0,Good,13000000
615.0,1,1,8,Metro City,Semi-Furnished,1,Good,4400000
960.0,2,2,16,Metro City,Semi-Furnished,1,Good,5500000
1200.0,2,2,13,Metro City,Semi-Furnished,1,Excellent,3450000
1614.0,3,3,18,Metro City,Fully Furnished,2,Good,9500000
5400.0,4,4,3,Tier-1 City,Semi-Furnished,1,Excellent,50450000
1268.0,2,2,11,Metro City,Semi-Furnished,2,Good,12700000
1305.0,2,2,5,Tier-1 City,Semi-Furnished,1,Good,5850000
1190.0,3,2,8,Metro City,Semi-Furnished,2,Good,3050000
1350.0,5,4,2,Tier-1 City,Unfurnished,1,Poor,9200000
650.0,1,1,18,Metro City,Semi-Furnished,2,Poor,1800000
1100.0,2,2,5,Metro City,Semi-Furnished,2,Good,3800000
891.0,2,2,4,Metro City,Unfurnished,2,Excellent,2500000
1286.0,2,2,18,Metro City,Fully Furnished,1,Good,5700000
600.0,4,4,12,Metro City,Unfurnished,1,Good,8100000
1884.0,3,4,24,Metro City,Semi-Furnished,2,Excellent,11700000
1041.0,2,2,0,Metro City,Unfurnished,0,Good,5400000
1219.0,2,2,16,Metro City,Semi-Furnished,1,Good,6150000
1065.0,2,2,24,Metro City,Semi-Furnished,1,Good,5000000
1254.0,2,2,23,Tier-1 City,Unfurnished,0,Excellent,3600000
1590.0,3,3,1,Metro City,Semi-Furnished,1,Excellent,5700000
1565.0,3,2,3,Metro City,Unfurnished,0,Excellent,6000000
1649.0,3,3,4,Metro City,Unfurnished,1,Excellent,15000000
2200.0,3,2,9,Tier-2 City,Unfurnished,1,Good,6650000
645.0,1,1,21,Metro City,Fully Furnished,0,Good,1650000
1550.0,3,3,12,Tier-1 City,Semi-Furnished,2,Good,16000000
1246.0,2,2,20,Metro City,Semi-Furnished,1,Excellent,6750000
2700.0,3,4,3,Metro City,Semi-Furnished,0,Good,27000000
1362.0,2,2,1,Metro City,Fully Furnished,1,Good,10000000
1700.0,3,2,10,Metro City,Unfurnished,1,Good,6850000
1250.0,2,2,12,Metro City,Semi-Furnished,2,Good,4850000
1140.0,2,2,6,Metro City,Unfurnished,2,Good,4600000
1656.0,2,2,14,Metro City,Semi-Furnished,1,Excellent,12000000
1250.0,3,3,1,Metro City,Semi-Furnished,1,Poor,5500000
1225.0,2,2,1,Metro City,Semi-Furnished,2,Excellent,4950000
1350.0,4,4,25,Metro City,Fully Furnished,0,Good,14000000
1310.0,2,2,22,Metro City,Fully Furnished,3,Excellent,11100000
1500.0,3,4,4,Metro City,Unfurnished,1,Good,23900000
600.0,2,2,22,Tier-2 City,Unfurnished,1,Excellent,3050000
1000.0,2,2,11,Metro City,Semi-Furnished,1,Good,5300000
1234.6,3,3,20,Tier-1 City,Fully Furnished,2,Good,7700000
1588.0,3,2,3,Metro City,Unfurnished,2,Good,9000000
1200.0,1,1,7,Metro City,Fully Furnished,1,Good,4800000
600.0,1,1,4,Metro City,Unfurnished,1,Good,4700000
1150.0,2,2,4,Metro City,Semi-Furnished,2,Good,17000000
1000.0,3,4,7,Metro City,Semi-Furnished,1,Good,6600000
2200.0,4,5,4,Metro City,Unfurnished,2,Good,10000000
1208.0,3,2,13,Tier-1 City,Semi-Furnished,1,Good,2900000
2000.0,3,3,2,Metro City,Fully Furnished,1,Good,20000000
1445.0,3,2,6,Metro City,Unfurnished,1,Good,4700000
525.0,1,1,7,Metro City,Unfurnished,1,Good,3000000
1865.0,3,4,21,Metro City,Unfurnished,0,Good,14000000
1055.0,2,2,2,Metro City,Semi-Furnished,0,Excellent,5750000
654.0,1,1,9,Tier-2 City,Unfurnished,1,Good,1050000
1444.0,2,2,3,Tier-2 City,Semi-Furnished,1,Good,2000000
3600.0,5,5,2,Metro City,Semi-Furnished,1,Good,14500000
2400.0,5,5,4,Metro City,Semi-Furnished,1,Good,40000000
2400.0,4,4,14,Rural Area,Semi-Furnished,1,Good,6000000
1395.0,3,2,6,Rural Area,Unfurnished,1,Good,1350000
1105.0,2,2,1,Metro City,Unfurnished,1,Excellent,4200000
589.0,1,1,14,Metro City,Fully Furnished,1,Good,2700000
970.0,2,2,10,Metro City,Unfurnished,1,Good,5250000
2600.0,3,3,12,Metro City,Fully Furnished,2,Excellent,23700000
2800.0,7,7,8,Tier-1 City,Fully Furnished,3,Good,14000000
1250.0,3,4,19,Tier-2 City,Semi-Furnished,2,Good,1250000
4260.0,4,4,12,Metro City,Semi-Furnished,0,Excellent,33300000
1665.0,3,3,19,Metro City,Unfurnished,1,Poor,11000000
605.0,1,1,14,Metro City,Semi-Furnished,2,Good,1350000
1275.0,3,3,10,Metro City,Unfurnished,1,Good,4500000
2121.0,3,4,0,Metro City,Unfurnished,2,Poor,25300000
1790.0,3,3,14,Metro City,Fully Furnished,1,Good,10000000
1180.0,2,2,11,Metro City,Semi-Furnished,2,Excellent,5500000
1843.0,3,3,4,Metro City,Unfurnished,3,Good,9200000
1200.0,2,2,1,Metro City,Unfurnished,1,Good,6500000
1570.0,3,2,12,Metro City,Fully Furnished,1,Good,9500000
1100.0,2,2,22,Metro City,Semi-Furnished,0,Excellent,7150000
1212.0,2,3,1,Tier-1 City,Semi-Furnished,0,Good,3350000
940.0,2,2,15,Metro City,Fully Furnished,1,Poor,5600000
700.0,1,1,20,Metro City,Semi-Furnished,2,Good,3500000
1250.0,3,3,16,Metro City,Semi-Furnished,0,Good,5000000
711.0,1,1,24,Metro City,Semi-Furnished,1,Good,4250000
1357.0,2,2,21,Metro City,Fully Furnished,1,Excellent,5400000
1600.0,3,3,8,Metro City,Semi-Furnished,1,Poor,12000000
2172.0,3,3,5,Metro City,Fully Furnished,1,Excellent,7600000
1090.0,2,2,11,Metro City,Fully Furnished,2,Excellent,5400000
1700.0,3,3,18,Metro City,Fully Furnished,2,Good,9000000
1175.0,2,2,5,Metro City,Fully Furnished,1,Excellent,7350000
1590.0,3,2,9,Tier-1 City,Unfurnished,0,Good,10200000
2850.0,3,4,5,Tier-2 City,Fully Furnished,1,Good,12900000
1843.0,3,3,1,Metro City,Semi-Furnished,0,Poor,8500000
1450.0,2,2,7,Rural Area,Unfurnished,1,Good,650000
2400.0,5,4,23,Tier-1 City,Semi-Furnished,3,Good,20650000
1250.0,2,2,1,Metro City,Semi-Furnished,2,Poor,6900000
1200.0,3,3,23,Rural Area,Unfurnished,1,Good,2450000
1645.0,3,3,1,Metro City,Semi-Furnished,1,Good,11700000
1410.0,3,2,0,Metro City,Semi-Furnished,0,Excellent,3800000
1258.5,2,2,22,Metro City,Unfurnished,2,Excellent,5900000
1779.0,3,3,6,Metro City,Fully Furnished,1,Poor,8950000
1055.0,2,2,8,Metro City,Unfurnished,1,Good,4550000
1200.0,7,6,5,Metro City,Unfurnished,1,Good,15000000
1320.0,5,5,0,Metro City,Unfurnished,0,Excellent,19900000
1300.0,3,3,15,Metro City,Unfurnished,0,Poor,7800000
1346.0,2,2,7,Metro City,Fully Furnished,2,Excellent,7400000
1027.0,2,2,25,Metro City,Semi-Furnished,1,Good,4400000
1400.0,3,2,19,Metro City,Semi-Furnished,2,Excellent,5000000
440.0,1,1,18,Metro City,Fully Furnished,2,Excellent,2800000
3895.0,4,4,6,Metro City,Semi-Furnished,0,Good,40500000
1197.0,2,2,19,Metro City,Unfurnished,0,Good,7700000
2072.0,3,4,3,Metro City,Semi-Furnished,3,Excellent,15100000
1690.0,3,3,2,Metro City,Fully Furnished,2,Excellent,11200000
1125.0,2,2,16,Metro City,Unfurnished,1,Good,5500000
2400.0,3,2,15,Metro City,Semi-Furnished,2,Good,15000000
2600.0,3,4,13,Metro City,Semi-Furnished,2,Good,13500000
1000.0,2,2,5,Metro City,Fully Furnished,1,Excellent,3000000
1322.0,2,2,15,Metro City,Fully Furnished,1,Poor,6800000
1200.0,2,1,3,Metro City,Semi-Furnished,1,Good,10300000
1900.0,4,3,7,Metro City,Unfurnished,2,Good,9000000
2400.0,3,3,0,Rural Area,Semi-Furnished,0,Good,2850000
2100.0,2,1,2,Metro City,Unfurnished,0,Good,20000000
1100.0,2,1,17,Metro City,Semi-Furnished,2,Good,5500000
1385.0,3,2,11,Metro City,Unfurnished,2,Good,5000000
1185.0,2,2,4,Metro City,Unfurnished,0,Good,4250000
1248.52,3,3,22,Tier-2 City,Unfurnished,1,Good,4300000
1340.0,2,2,11,Tier-2 City,Unfurnished,1,Good,3550000
1158.0,2,2,0,Metro City,Unfurnished,2,Good,7500000
1552.0,2,2,9,Metro City,Fully Furnished,1,Poor,5100000
1230.0,2,2,2,Tier-2 City,Semi-Furnished,1,Good,3650000
1160.0,2,2,11,Metro City,Semi-Furnished,1,Poor,5200000
1170.0,3,2,4,Metro City,Semi-Furnished,1,Good,3550000
1570.0,3,3,11,Metro City,Semi-Furnished,2,Excellent,10500000
1894.0,3,3,7,Tier-2 City,Semi-Furnished,2,Good,3900000
1260.0,3,2,2,Metro City,Fully Furnished,1,Good,5200000
1600.0,3,3,0,Metro City,Semi-Furnished,2,Good,5800000
1101.0,2,2,11,Tier-1 City,Fully Furnished,3,Excellent,4850000
1141.0,2,2,7,Tier-1 City,Unfurnished,2,Poor,3050000
600.0,4,5,1,Metro City,Semi-Furnished,1,Good,9500000
1275.0,2,2,9,Rural Area,Fully Furnished,1,Excellent,900000
1115.0,2,2,6,Metro City,Semi-Furnished,3,Excellent,5200000
1910.0,3,3,3,Metro City,Unfurnished,1,Poor,13100000
1583.0,3,3,2,Metro City,Semi-Furnished,1,Good,7600000
1880.0,3,3,14,Metro City,Unfurnished,3,Good,12000000
1196.0,2,2,10,Rural Area,Semi-Furnished,1,Good,850000
1402.0,2,2,0,Tier-1 City,Semi-Furnished,0,Good,6350000
1576.0,3,3,2,Metro City,Semi-Furnished,1,Poor,5850000
5400.0,5,4,16,Metro City,Unfurnished,1,Good,70000000
1276.0,2,2,9,Tier-1 City,Semi-Furnished,2,Good,2450000
1260.0,2,2,18,Tier-2 City,Unfurnished,1,Excellent,1850000
1800.0,3,3,1,Metro City,Semi-Furnished,0,Excellent,8000000
1457.0,2,2,20,Metro City,Fully Furnished,0,Good,6000000
800.0,5,4,24,Metro City,Unfurnished,1,Good,9800000
1172.0,2,2,0,Metro City,Semi-Furnished,1,Good,5650000
2500.0,4,5,4,Metro City,Semi-Furnished,1,Good,35000000
1634.0,3,3,7,Metro City,Unfurnished,0,Good,6800000
1355.0,3,3,10,Metro City,Unfurnished,1,Poor,8400000
1590.0,3,3,19,Metro City,Semi-Furnished,2,Good,4900000
3122.0,4,6,22,Metro City,Semi-Furnished,1,Good,25000000
2280.0,3,4,1,Rural Area,Fully Furnished,1,Good,1000000
1220.0,2,2,2,Metro City,Unfurnished,2,Good,8000000
1326.0,3,2,12,Metro City,Fully Furnished,2,Good,3500000
1445.0,3,2,9,Metro City,Unfurnished,1,Good,8300000
1370.0,3,2,13,Metro City,Unfurnished,2,Good,6150000
1645.0,3,3,2,Metro City,Unfurnished,2,Good,10000000
1210.0,2,2,10,Metro City,Unfurnished,3,Good,4600000
1200.0,6,7,17,Tier-1 City,Unfurnished,0,Poor,13150000
1540.0,3,3,1,Metro City,Fully Furnished,1,Good,6800000
1175.0,2,2,0,Metro City,Fully Furnished,1,Excellent,4350000
1300.0,2,2,10,Metro City,Semi-Furnished,1,Good,6000000
1750.0,3,3,11,Metro City,Semi-Furnished,1,Good,9500000
1020.0,2,2,5,Metro City,Unfurnished,0,Good,4600000
1350.0,1,1,22,Rural Area,Unfurnished,1,Good,2400000
2849.0,4,5,9,Tier-2 City,Unfurnished,0,Good,11150000
1773.5,3,3,13,Metro City,Semi-Furnished,1,Good,8500000
1011.0,2,2,10,Metro City,Semi-Furnished,1,Good,3800000
1322.0,2,2,1,Metro City,Semi-Furnished,1,Good,8600000
1760.0,3,2,10,Tier-1 City,Fully Furnished,2,Poor,8750000
1010.0,2,2,14,Metro City,Semi-Furnished,1,Good,5700000
2238.0,3,3,8,Tier-2 City,Fully Furnished,2,Good,5300000
1150.0,2,2,8,Metro City,Semi-Furnished,0,Good,5300000
4500.0,9,9,23,Tier-1 City,Fully Furnished,0,Excellent,38150000
3600.0,4,4,20,Metro City,Unfurnished,1,Good,40000000
1903.0,3,3,9,Metro City,Semi-Furnished,1,Excellent,16500000
2215.0,3,3,8,Metro City,Fully Furnished,1,Good,33000000
1053.0,2,2,19,Metro City,Unfurnished,1,Good,4650000
1470.0,3,2,22,Metro City,Fully Furnished,2,Good,7500000
1007.0,2,2,8,Metro City,Semi-Furnished,2,Excellent,4300000
1680.0,4,3,4,Metro City,Semi-Furnished,0,Good,13500000
1200.0,3,3,12,Metro City,Semi-Furnished,2,Excellent,16500000
3095.0,3,3,15,Metro City,Fully Furnished,1,Good,35000000
1084.0,2,2,3,Metro City,Fully Furnished,1,Good,5100000
1100.0,3,3,13,Metro City,Semi-Furnished,2,Excellent,7800000
1595.0,3,3,12,Metro City,Fully Furnished,1,Poor,7600000
985.0,2,2,6,Tier-1 City,Unfurnished,1,Excellent,1850000
1125.0,2,2,16,Rural Area,Semi-Furnished,0,Good,500000
1737.0,3,3,6,Metro City,Semi-Furnished,2,Excellent,8500000
1100.0,2,2,16,Tier-1 City,Semi-Furnished,0,Excellent,2350000
1115.0,2,2,21,Metro City,Unfurnished,2,Good,7800000
1118.0,2,2,6,Tier-1 City,Semi-Furnished,1,Good,2200000
3200.0,4,5,0,Metro City,Semi-Furnished,2,Poor,30900000
3385.0,4,5,4,Metro City,Semi-Furnished,2,Good,26000000
1000.0,2,2,8,Metro City,Semi-Furnished,0,Good,3500000
910.0,1,1,5,Metro City,Unfurnished,1,Good,4200000
1195.0,2,2,7,Tier-2 City,Semi-Furnished,0,Good,3200000
1400.0,3,3,15,Metro City,Semi-Furnished,2,Excellent,6500000
2572.0,3,3,0,Metro City,Semi-Furnished,3,Excellent,39000000
3900.0,4,4,4,Metro City,Unfurnished,1,Good,17500000
2465.0,3,5,16,Metro City,Semi-Furnished,1,Poor,23400000
1385.0,3,3,3,Tier-1 City,Semi-Furnished,0,Good,4250000
840.0,1,1,25,Metro City,Semi-Furnished,2,Excellent,5700000
1650.0,5,6,1,Metro City,Fully Furnished,0,Good,20000000
1891.0,3,3,14,Rural Area,Semi-Furnished,1,Good,1750000
600.0,7,6,6,Tier-2 City,Unfurnished,2,Excellent,5850000
1295.0,2,2,7,Metro City,Semi-Furnished,1,Excellent,5550000
1020.0,2,2,21,Metro City,Semi-Furnished,2,Good,2950000
1010.0,2,2,8,Metro City,Semi-Furnished,2,Good,5500000
1200.0,2,2,21,Tier-2 City,Unfurnished,1,Good,2450000
1242.0,2,2,9,Metro City,Unfurnished,1,Excellent,6500000
982.0,2,2,5,Metro City,Fully Furnished,1,Excellent,3750000
1125.0,2,2,6,Metro City,Fully Furnished,1,Excellent,4700000
1580.0,3,3,8,Metro City,Fully Furnished,2,Excellent,16000000
1255.0,2,2,15,Metro City,Unfurnished,1,Good,5350000
1070.0,2,2,4,Metro City,Unfurnished,2,Excellent,4300000
4300.0,6,6,5,Metro City,Semi-Furnished,1,Good,17500000
1317.5,2,2,15,Metro City,Semi-Furnished,2,Poor,6400000
600.0,1,2,4,Tier-2 City,Unfurnished,1,Good,2450000
940.0,5,4,19,Metro City,Semi-Furnished,0,Excellent,15000000
3200.0,4,3,1,Metro City,Fully Furnished,2,Good,19000000
1435.0,3,2,7,Rural Area,Unfurnished,2,Excellent,500000
1100.0,2,2,19,Metro City,Fully Furnished,3,Excellent,6500000
1255.0,3,2,25,Metro City,Semi-Furnished,2,Excellent,9000000
1700.0,3,3,24,Metro City,Semi-Furnished,2,Good,12500000
620.0,1,2,3,Metro City,Semi-Furnished,0,Poor,4800000
1027.0,2,2,5,Metro City,Unfurnished,1,Good,4400000
1355.0,2,2,14,Metro City,Semi-Furnished,1,Good,7300000
1170.0,2,2,14,Metro City,Fully Furnished,2,Good,4800000
1240.0,2,2,8,Metro City,Fully Furnished,2,Excellent,5350000
1419.0,2,2,1,Tier-2 City,Unfurnished,1,Excellent,2000000
1341.0,2,2,21,Metro City,Unfurnished,2,Good,9700000
1224.0,8,4,10,Rural Area,Fully Furnished,0,Good,3450000
1355.0,3,2,9,Tier-1 City,Fully Furnished,1,Good,4500000
1194.0,2,2,1,Metro City,Fully Furnished,2,Good,4600000
1149.0,2,2,6,Metro City,Semi-Furnished,0,Poor,6500000
1453.0,4,4,1,Metro City,Fully Furnished,0,Excellent,16000000
2900.0,3,4,0,Metro City,Fully Furnished,1,Good,24000000
1708.0,3,2,3,Metro City,Semi-Furnished,2,Good,9050000
1700.0,3,2,8,Metro City,Fully Furnished,3,Excellent,10000000
972.0,2,2,5,Metro City,Fully Furnished,2,Good,4400000
500.0,1,1,9,Metro City,Semi-Furnished,1,Excellent,1850000
1260.0,3,2,13,Metro City,Unfurnished,1,Good,8000000
1390.0,3,2,1,Tier-1 City,Semi-Furnished,0,Good,11100000
2135.0,3,3,0,Metro City,Semi-Furnished,1,Good,21500000
800.0,4,4,21,Metro City,Semi-Furnished,2,Good,18000000
1226.0,2,2,8,Metro City,Fully Furnished,1,Excellent,6500000
10000.0,5,5,2,Metro City,Fully Furnished,3,Poor,195000000
2987.5,4,5,1,Metro City,Semi-Furnished,2,Good,19100000
1105.0,2,2,0,Metro City,Fully Furnished,0,Good,3950000
900.0,2,2,6,Metro City,Fully Furnished,0,Excellent,6400000
1201.0,2,2,0,Metro City,Unfurnished,0,Good,8000000
1325.0,3,3,10,Metro City,Unfurnished,3,Good,5700000
1810.0,3,3,2,Tier-2 City,Unfurnished,2,Excellent,5100000
1250.0,2,2,9,Metro City,Unfurnished,1,Good,7500000
1310.0,3,2,20,Metro City,Unfurnished,0,Good,4500000
1260.0,2,2,10,Metro City,Semi-Furnished,0,Good,5750000
1260.0,3,2,18,Metro City,Unfurnished,1,Good,6200000
3600.0,4,5,2,Tier-2 City,Fully Furnished,2,Good,14300000
1200.0,2,2,2,Metro City,Unfurnished,0,Excellent,8000000
1096.0,2,2,5,Metro City,Fully Furnished,2,Excellent,4300000
1785.0,3,3,16,Metro City,Semi-Furnished,2,Good,9400000
2805.0,4,5,5,Metro City,Fully Furnished,1,Excellent,15400000
1080.0,4,4,1,Metro City,Semi-Furnished,2,Good,25000000
1690.0,3,3,16,Metro City,Semi-Furnished,1,Poor,8500000
1200.0,6,4,11,Metro City,Unfurnished,0,Good,10000000
1500.0,2,2,10,Metro City,Semi-Furnished,2,Good,6500000
1075.0,2,2,5,Metro City,Unfurnished,1,Good,4700000
700.0,1,1,8,Tier-1 City,Semi-Furnished,0,Excellent,2550000
1120.0,2,2,14,Metro City,Unfurnished,1,Good,4000000
1665.0,3,3,14,Metro City,Unfurnished,2,Excellent,8650000
908.0,2,2,12,Metro City,Unfurnished,2,Excellent,2600000
1150.0,2,2,7,Tier-1 City,Semi-Furnished,1,Good,2500000
2791.0,3,3,2,Tier-1 City,Unfurnished,0,Good,15100000
1274.0,2,2,10,Metro City,Fully Furnished,1,Good,9000000
1268.0,2,2,13,Metro City,Semi-Furnished,2,Excellent,6900000
3560.0,4,5,11,Metro City,Semi-Furnished,3,Good,31800000
2135.0,3,3,3,Metro City,Fully Furnished,1,Good,17000000
7000.0,4,4,5,Tier-2 City,Semi-Furnished,2,Good,7000000
1247.0,2,2,0,Rural Area,Unfurnished,0,Good,950000
1476.0,3,3,4,Metro City,Fully Furnished,1,Excellent,10500000
1210.0,2,2,6,Metro City,Semi-Furnished,2,Good,8200000
1202.0,2,2,10,Metro City,Unfurnished,2,Excellent,7900000
1444.0,3,2,4,Metro City,Unfurnished,1,Excellent,7150000
1075.0,3,2,16,Metro City,Semi-Furnished,1,Good,5700000
1185.0,2,2,1,Metro City,Unfurnished,1,Good,4350000
2460.0,7,7,12,Metro City,Fully Furnished,2,Excellent,35000000
1610.0,3,2,9,Metro City,Fully Furnished,1,Poor,11500000
1590.0,3,3,0,Metro City,Fully Furnished,1,Excellent,5700000
1345.0,2,2,10,Metro City,Semi-Furnished,1,Good,9700000
662.0,1,1,13,Metro City,Semi-Furnished,1,Poor,4200000
1152.0,2,2,1,Metro City,Semi-Furnished,2,Good,5600000
1230.0,2,2,11,Metro City,Unfurnished,1,Good,5700000
1800.0,3,3,6,Metro City,Unfurnished,1,Good,8400000
1196.0,4,3,5,Metro City,Semi-Furnished,0,Excellent,15000000
1370.0,3,3,11,Metro City,Semi-Furnished,1,Excellent,3850000
1400.0,2,2,18,Metro City,Fully Furnished,2,Good,7800000
1065.0,2,2,8,Metro City,Unfurnished,1,Good,3100000
1000.0,2,2,20,Metro City,Semi-Furnished,1,Excellent,5700000
1060.0,2,2,11,Metro City,Semi-Furnished,0,Good,4850000
1270.0,3,2,4,Metro City,Semi-Furnished,1,Good,5500000
1820.0,3,3,0,Rural Area,Fully Furnished,1,Excellent,900000
1100.0,2,2,4,Metro City,Semi-Furnished,2,Good,5000000
1200.0,4,4,0,Rural Area,Fully Furnished,2,Good,3350000
2690.0,4,4,16,Metro City,Fully Furnished,2,Excellent,19100000
1200.0,4,3,13,Tier-1 City,Semi-Furnished,1,Excellent,13300000
1452.0,3,3,11,Metro City,Semi-Furnished,1,Good,5650000
1430.0,3,2,4,Metro City,Unfurnished,1,Excellent,7500000
1600.0,3,3,24,Metro City,Fully Furnished,2,Excellent,6800000
1100.0,2,2,11,Tier-1 City,Semi-Furnished,2,Good,2750000
1680.0,3,3,9,Metro City,Unfurnished,1,Excellent,12000000
1372.0,2,2,18,Metro City,Unfurnished,2,Excellent,6800000
1655.0,3,3,3,Rural Area,Fully Furnished,1,Good,1200000
1065.0,2,2,7,Metro City,Unfurnished,0,Good,4500000
1491.0,3,3,15,Metro City,Semi-Furnished,1,Good,8500000
1600.0,3,3,2,Metro City,Semi-Furnished,1,Good,8800000
440.0,1,1,22,Metro City,Unfurnished,0,Good,2800000
1350.0,2,2,19,Metro City,Unfurnished,1,Good,10200000
825.0,1,2,22,Tier-1 City,Semi-Furnished,1,Excellent,2800000
1279.0,2,2,1,Metro City,Unfurnished,1,Excellent,4800000
1340.0,2,2,15,Tier-1 City,Semi-Furnished,1,Good,3800000
1200.0,3,3,19,Metro City,Semi-Furnished,1,Poor,24000000
7500.0,5,8,2,Tier-2 City,Unfurnished,1,Good,81700000
1885.0,3,3,16,Metro City,Unfurnished,1,Excellent,8550000
1250.0,3,3,12,Rural Area,Semi-Furnished,3,Poor,750000
1706.0,3,3,8,Metro City,Fully Furnished,1,Good,15400000
1755.0,3,3,8,Metro City,Fully Furnished,1,Good,13000000
1243.0,2,2,10,Metro City,Semi-Furnished,1,Excellent,4600000
1335.0,2,2,20,Rural Area,Fully Furnished,2,Excellent,900000
1125.0,2,2,9,Metro City,Semi-Furnished,2,Excellent,6500000
982.0,2,2,10,Metro City,Unfurnished,1,Good,5500000
1170.0,2,2,10,Metro City,Unfurnished,1,Excellent,3900000
1225.0,2,2,9,Tier-1 City,Semi-Furnished,2,Good,4900000
2805.0,4,4,3,Metro City,Semi-Furnished,1,Good,15400000
1570.0,3,3,7,Metro City,Unfurnished,0,Excellent,8800000
1120.0,2,2,0,Metro City,Semi-Furnished,0,Good,3600000
2800.0,4,4,4,Metro City,Unfurnished,1,Good,20000000
1175.0,2,2,13,Metro City,Unfurnished,1,Good,5300000
2400.0,4,5,7,Metro City,Fully Furnished,1,Excellent,125000000
1575.0,3,3,16,Tier-2 City,Unfurnished,1,Good,3350000
2422.0,4,3,4,Tier-2 City,Unfurnished,1,Good,5500000
877.0,2,2,5,Metro City,Semi-Furnished,1,Excellent,2900000
1200.0,2,1,16,Metro City,Fully Furnished,0,Good,20000000
3875.0,3,3,3,Metro City,Semi-Furnished,2,Good,86400000
5000.0,7,7,7,Metro City,Unfurnished,1,Good,29900000
1400.0,3,2,19,Metro City,Fully Furnished,3,Good,5000000
2106.0,3,3,1,Tier-1 City,Semi-Furnished,1,Good,10900000
1500.0,3,2,12,Metro City,Semi-Furnished,2,Good,9900000
2065.0,3,4,3,Metro City,Semi-Furnished,1,Good,21000000
1360.0,3,2,0,Metro City,Semi-Furnished,1,Excellent,4750000
1155.0,2,2,13,Metro City,Unfurnished,2,Good,4050000
2600.0,3,3,12,Metro City,Semi-Furnished,1,Good,20000000
1200.0,2,2,1,Metro City,Unfurnished,1,Excellent,6700000
4395.0,4,4,3,Metro City,Semi-Furnished,1,Good,24200000
1270.0,2,2,13,Metro City,Unfurnished,1,Good,7000000
990.0,2,2,0,Rural Area,Semi-Furnished,1,Excellent,500000
1170.0,2,2,4,Metro City,Unfurnished,1,Poor,3300000
1110.0,2,2,5,Tier-1 City,Semi-Furnished,1,Excellent,2550000
1100.0,2,2,2,Metro City,Unfurnished,3,Good,6000000
1322.0,2,2,11,Metro City,Unfurnished,1,Good,8000000
1160.0,2,2,5,Metro City,Semi-Furnished,2,Good,5200000
1315.0,2,2,25,Metro City,Semi-Furnished,2,Good,5000000
1315.0,2,2,5,Metro City,Semi-Furnished,0,Excellent,9000000
1636.0,3,3,0,Tier-2 City,Unfurnished,1,Excellent,2850000
2259.0,4,3,21,Metro City,Unfurnished,1,Excellent,11200000
1000.0,2,2,16,Metro City,Semi-Furnished,0,Excellent,4300000
1500.0,3,3,0,Metro City,Fully Furnished,1,Poor,15000000
2689.0,4,6,0,Metro City,Fully Furnished,1,Good,22000000
1100.0,2,2,11,Metro City,Semi-Furnished,0,Excellent,9000000
1070.0,2,2,7,Metro City,Semi-Furnished,1,Good,3300000
900.0,2,2,3,Metro City,Semi-Furnished,1,Excellent,7000000
1707.0,3,3,7,Metro City,Fully Furnished,1,Good,17100000
2400.0,3,4,1,Metro City,Unfurnished,3,Poor,13000000
1200.0,4,4,0,Metro City,Unfurnished,2,Good,25000000
1160.0,2,2,23,Metro City,Unfurnished,3,Poor,5500000
1355.0,3,2,3,Metro City,Unfurnished,1,Excellent,6500000
900.0,5,5,9,Tier-1 City,Semi-Furnished,2,Good,7450000
1893.0,3,3,4,Metro City,Fully Furnished,1,Good,13000000
1170.0,2,2,4,Metro City,Unfurnished,2,Good,4600000
1016.0,2,2,8,Metro City,Unfurnished,2,Excellent,4600000
5530.0,5,5,2,Tier-2 City,Unfurnished,2,Excellent,28450000
1319.0,3,3,4,Metro City,Fully Furnished,3,Excellent,4200000
1230.0,2,2,4,Tier-2 City,Semi-Furnished,0,Good,1650000
540.0,1,1,6,Metro City,Semi-Furnished,3,Excellent,2250000
1257.0,2,2,15,Metro City,Unfurnished,0,Good,6850000
700.0,1,1,4,Metro City,Fully Furnished,0,Excellent,3100000
1060.0,2,2,15,Metro City,Unfurnished,1,Good,4800000
900.0,6,5,13,Metro City,Unfurnished,1,Good,10000000
1690.0,3,3,6,Metro City,Unfurnished,1,Excellent,8500000
1688.12,2,2,8,Metro City,Fully Furnished,2,Good,27000000
2000.0,3,4,2,Metro City,Fully Furnished,1,Excellent,13800000
1200.0,3,2,14,Metro City,Semi-Furnished,1,Good,19800000
3500.0,4,4,14,Metro City,Fully Furnished,2,Good,24500000
1107.0,2,2,4,Tier-2 City,Semi-Furnished,1,Excellent,1300000
1116.0,2,2,6,Metro City,Fully Furnished,1,Poor,5200000
1200.0,2,2,16,Metro City,Fully Furnished,2,Good,11500000
1482.0,3,2,0,Metro City,Unfurnished,1,Good,6900000
1340.0,2,2,16,Metro City,Semi-Furnished,0,Excellent,5550000
2072.0,3,4,13,Metro City,Unfurnished,1,Good,14200000
1650.0,3,3,21,Metro City,Unfurnished,2,Good,8400000
1310.0,3,3,10,Tier-1 City,Semi-Furnished,1,Good,3550000
1007.0,2,2,0,Metro City,Unfurnished,0,Poor,6500000
1790.0,3,3,15,Metro City,Semi-Furnished,2,Good,9700000
1255.0,2,2,3,Metro City,Unfurnished,1,Good,5250000
990.0,2,2,3,Rural Area,Unfurnished,1,Excellent,500000
1537.0,3,2,17,Metro City,Fully Furnished,1,Excellent,7000000
600.0,3,2,11,Tier-2 City,Unfurnished,0,Excellent,1850000
2970.0,4,3,5,Metro City,Unfurnished,0,Good,13000000
5100.0,5,6,13,Metro City,Fully Furnished,1,Excellent,37500000
1031.0,2,2,2,Tier-2 City,Unfurnished,0,Good,1700000
1355.0,3,3,11,Metro City,Semi-Furnished,2,Good,8400000
2171.0,4,4,8,Metro City,Semi-Furnished,2,Poor,11100000
1312.0,3,2,18,Metro City,Unfurnished,2,Poor,5650000
1418.0,2,2,6,Metro City,Fully Furnished,0,Good,10400000
1370.0,2,2,2,Tier-1 City,Unfurnished,2,Good,8150000
900.0,2,1,6,Metro City,Semi-Furnished,0,Poor,13000000
1820.0,3,3,8,Metro City,Unfurnished,1,Good,8550000
1100.0,2,2,12,Metro City,Fully Furnished,1,Good,3700000
400.0,4,2,1,Metro City,Semi-Furnished,1,Excellent,3500000
1302.5,2,2,0,Metro City,Unfurnished,2,Poor,6750000
1404.0,2,2,5,Metro City,Fully Furnished,1,Good,7500000
1176.0,3,2,24,Tier-1 City,Unfurnished,1,Good,2600000
1680.0,3,3,2,Metro City,Fully Furnished,1,Good,15000000
1450.0,3,3,17,Metro City,Unfurnished,1,Good,6800000
870.0,2,2,10,Metro City,Fully Furnished,1,Excellent,2400000
4100.0,4,4,1,Metro City,Fully Furnished,3,Good,66000000
2700.0,4,3,3,Tier-1 City,Semi-Furnished,1,Good,16750000
1320.0,3,2,5,Metro City,Unfurnished,0,Excellent,3800000
1200.0,5,4,1,Tier-1 City,Unfurnished,1,Good,7000000
2040.0,2,2,5,Metro City,Unfurnished,0,Excellent,5900000
1345.0,3,2,8,Metro City,Fully Furnished,0,Good,5700000
1300.0,3,2,17,Metro City,Semi-Furnished,1,Excellent,6000000
1110.0,3,3,3,Tier-1 City,Unfurnished,2,Good,4150000
1280.0,2,2,8,Tier-2 City,Unfurnished,2,Excellent,1600000
3500.0,4,3,14,Metro City,Unfurnished,1,Poor,42500000
1197.0,2,2,0,Tier-1 City,Unfurnished,0,Excellent,5150000
1586.0,3,3,4,Tier-2 City,Unfurnished,1,Poor,4350000
1645.0,3,3,4,Metro City,Semi-Furnished,1,Good,11000000
665.0,1,1,21,Metro City,Unfurnished,2,Poor,2850000
605.0,1,1,14,Tier-1 City,Semi-Furnished,2,Good,1000000
2386.0,3,3,14,Metro City,Semi-Furnished,1,Excellent,33400000
1550.0,3,3,1,Metro City,Unfurnished,3,Excellent,8200000
1642.0,3,2,1,Tier-2 City,Semi-Furnished,1,Poor,4500000
1644.0,3,3,3,Metro City,Semi-Furnished,2,Poor,8050000
1185.0,2,2,5,Metro City,Unfurnished,0,Good,4700000
1000.0,1,1,1,Metro City,Semi-Furnished,2,Good,1400000
970.0,2,2,9,Tier-1 City,Fully Furnished,1,Good,3750000
1200.0,2,2,4,Metro City,Semi-Furnished,1,Good,4500000
1241.0,2,2,3,Tier-2 City,Unfurnished,2,Good,2700000
1254.0,3,2,17,Metro City,Fully Furnished,0,Good,7000000
907.0,2,2,21,Tier-1 City,Semi-Furnished,2,Good,2950000
1115.0,2,2,18,Metro City,Unfurnished,1,Poor,6500000
1167.0,3,2,15,Metro City,Unfurnished,0,Poor,4000000
881.0,2,2,20,Metro City,Semi-Furnished,0,Good,4800000
1700.0,3,3,18,Metro City,Semi-Furnished,0,Good,6500000
1075.0,3,2,12,Metro City,Unfurnished,1,Excellent,4100000
1243.0,2,2,21,Metro City,Semi-Furnished,0,Good,4600000
1065.0,2,2,12,Metro City,Fully Furnished,2,Excellent,3150000
1400.0,3,3,16,Metro City,Unfurnished,0,Excellent,9000000
3602.0,4,4,4,Metro City,Unfurnished,1,Good,28000000
1200.0,4,4,9,Metro City,Semi-Furnished,1,Good,7500000
1240.0,2,2,3,Metro City,Fully Furnished,0,Poor,4600000
1517.0,3,3,8,Metro City,Fully Furnished,0,Good,7650000
1408.0,3,3,0,Metro City,Fully Furnished,1,Good,6200000
1150.0,2,2,21,Metro City,Unfurnished,2,Good,5200000
1610.0,3,3,15,Tier-1 City,Semi-Furnished,1,Excellent,5350000
1098.0,2,2,16,Metro City,Semi-Furnished,1,Excellent,4400000
900.0,2,1,3,Metro City,Semi-Furnished,2,Excellent,4400000
750.0,2,2,4,Metro City,Unfurnished,3,Excellent,3600000
1495.0,3,3,5,Metro City,Unfurnished,2,Good,9000000
1770.0,3,4,12,Metro City,Semi-Furnished,1,Good,6800000
2100.0,4,4,21,Metro City,Semi-Furnished,0,Good,18000000
1145.0,2,2,5,Tier-2 City,Semi-Furnished,1,Good,3650000
1650.0,3,3,11,Tier-1 City,Fully Furnished,2,Excellent,3400000
1194.0,2,2,4,Metro City,Unfurnished,2,Excellent,4600000
1884.0,4,4,5,Tier-1 City,Semi-Furnished,1,Good,7500000
2500.0,4,5,2,Metro City,Unfurnished,2,Excellent,17500000
2330.0,4,3,13,Tier-1 City,Semi-Furnished,0,Good,5900000
1365.0,3,3,6,Metro City,Semi-Furnished,2,Good,9900000
1170.0,2,2,5,Metro City,Unfurnished,2,Poor,6500000
1200.0,7,5,5,Metro City,Fully Furnished,1,Poor,18000000
1005.0,2,2,22,Metro City,Unfurnished,2,Excellent,4500000
1300.0,2,2,17,Metro City,Semi-Furnished,0,Good,6500000
980.0,2,2,11,Metro City,Semi-Furnished,1,Good,3500000
1152.0,2,2,19,Metro City,Unfurnished,1,Good,4200000
1965.0,3,4,0,Tier-1 City,Semi-Furnished,1,Good,9050000
1370.0,3,2,1,Metro City,Semi-Furnished,3,Good,8700000
1050.0,2,2,5,Rural Area,Unfurnished,2,Poor,800000
665.0,1,1,10,Metro City,Semi-Furnished,1,Good,3700000
1295.0,3,2,3,Metro City,Semi-Furnished,3,Poor,5050000
2524.0,4,5,19,Tier-1 City,Fully Furnished,2,Excellent,12450000
1262.0,3,2,4,Metro City,Fully Furnished,2,Good,6500000
1500.0,3,3,15,Metro City,Semi-Furnished,1,Poor,9000000
1400.0,3,3,3,Metro City,Semi-Furnished,1,Excellent,9200000
1420.0,2,2,1,Metro City,Unfurnished,2,Excellent,7500000
3010.0,3,3,6,Metro City,Unfurnished,1,Good,20000000
1600.0,3,3,7,Metro City,Semi-Furnished,3,Poor,6900000
1625.0,3,2,16,Tier-2 City,Fully Furnished,3,Good,3150000
2363.0,4,5,5,Metro City,Semi-Furnished,3,Good,12000000
1533.0,3,3,24,Metro City,Semi-Furnished,1,Excellent,8500000
1464.0,3,2,2,Metro City,Unfurnished,2,Good,13500000
461.82,1,1,23,Metro City,Semi-Furnished,1,Poor,3150000
2330.0,4,5,21,Metro City,Semi-Furnished,1,Good,17500000
1200.0,3,3,10,Metro City,Semi-Furnished,2,Good,22600000
824.0,2,2,4,Metro City,Semi-Furnished,0,Good,6000000
1440.0,3,2,6,Metro City,Semi-Furnished,1,Poor,6800000
900.0,3,3,16,Metro City,Unfurnished,1,Excellent,7500000
1634.0,3,3,11,Metro City,Unfurnished,1,Good,7800000
1950.0,3,3,7,Metro City,Semi-Furnished,2,Excellent,11500000
2350.0,3,3,11,Metro City,Semi-Furnished,2,Poor,30000000
1610.0,3,3,2,Metro City,Semi-Furnished,2,Good,8050000
1950.0,3,3,9,Rural Area,Semi-Furnished,1,Good,1350000
1000.0,2,2,4,Rural Area,Unfurnished,1,Excellent,500000
1160.0,2,2,3,Metro City,Semi-Furnished,2,Good,5500000
1200.0,2,2,12,Metro City,Semi-Furnished,0,Good,12800000
1650.0,3,3,2,Metro City,Semi-Furnished,1,Excellent,18000000
550.0,1,1,8,Metro City,Unfurnished,3,Excellent,1700000
1360.0,2,2,10,Metro City,Semi-Furnished,0,Excellent,6250000
1325.0,2,2,18,Metro City,Fully Furnished,2,Excellent,7300000
1832.0,3,3,10,Metro City,Fully Furnished,1,Excellent,12500000
2787.0,4,5,18,Metro City,Semi-Furnished,1,Good,22000000
1280.0,3,3,24,Metro City,Semi-Furnished,1,Good,4200000
1005.0,2,2,5,Metro City,Semi-Furnished,3,Good,4300000
3596.0,4,5,7,Metro City,Semi-Furnished,3,Good,25100000
1185.0,2,2,12,Metro City,Unfurnished,1,Poor,7000000
1092.0,2,2,7,Metro City,Unfurnished,1,Good,4300000
3692.0,5,5,7,Metro City,Unfurnished,1,Good,34000000
1200.0,6,6,0,Metro City,Unfurnished,1,Good,33000000
1018.0,4,4,9,Metro City,Fully Furnished,0,Excellent,15000000
1050.0,2,2,3,Metro City,Semi-Furnished,1,Excellent,5000000
1000.0,2,2,0,Metro City,Unfurnished,2,Good,5000000
1740.0,3,3,19,Metro City,Unfurnished,1,Good,15000000
1219.0,2,2,16,Metro City,Fully Furnished,1,Excellent,4000000
1250.0,3,3,2,Metro City,Semi-Furnished,0,Good,4000000
1650.0,3,3,13,Metro City,Unfurnished,1,Excellent,12600000
1200.0,4,4,5,Rural Area,Semi-Furnished,2,Good,1650000
1200.0,4,4,3,Metro City,Semi-Furnished,1,Good,12500000
925.0,2,2,4,Metro City,Semi-Furnished,1,Poor,4650000
600.0,2,4,23,Metro City,Unfurnished,0,Poor,11000000
1394.0,2,2,18,Metro City,Semi-Furnished,1,Good,5600000
3300.0,6,6,19,Metro City,Semi-Furnished,2,Good,16500000
450.0,4,3,15,Metro City,Semi-Furnished,0,Excellent,5300000
1500.0,5,4,14,Metro City,Semi-Furnished,2,Excellent,10000000
1020.0,2,2,0,Metro City,Semi-Furnished,1,Good,5800000
1850.0,3,3,6,Rural Area,Unfurnished,1,Good,1700000
1255.0,2,2,5,Tier-1 City,Unfurnished,2,Excellent,5350000
1225.0,2,2,9,Metro City,Unfurnished,1,Excellent,6800000
1819.0,3,3,17,Metro City,Semi-Furnished,2,Good,15000000
1320.0,4,4,5,Metro City,Semi-Furnished,2,Good,24900000
3000.0,8,4,3,Rural Area,Fully Furnished,1,Excellent,1650000
1177.5,2,2,1,Metro City,Semi-Furnished,1,Good,6000000
1897.0,3,3,1,Rural Area,Semi-Furnished,1,Good,1000000
1800.0,3,3,4,Metro City,Unfurnished,1,Excellent,12000000
1200.0,2,2,9,Metro City,Unfurnished,1,Good,8300000
1400.0,2,2,25,Metro City,Unfurnished,2,Good,8200000
1390.0,3,2,5,Metro City,Fully Furnished,0,Excellent,6050000
1500.0,3,3,25,Metro City,Unfurnished,0,Good,9700000
1864.0,3,3,9,Metro City,Unfurnished,1,Excellent,14000000
1170.0,2,2,11,Metro City,Semi-Furnished,3,Excellent,4700000
1430.0,3,2,20,Metro City,Unfurnished,0,Good,5150000
2187.5,4,4,6,Metro City,Fully Furnished,2,Good,10500000
600.0,1,2,7,Metro City,Unfurnished,1,Excellent,2300000
1704.0,3,3,0,Rural Area,Unfurnished,2,Good,900000
910.0,2,2,7,Metro City,Unfurnished,1,Good,4000000
600.0,2,2,8,Tier-1 City,Semi-Furnished,1,Good,1550000
1302.0,2,2,6,Metro City,Semi-Furnished,1,Good,6600000
600.0,6,6,5,Metro City,Semi-Furnished,1,Good,10000000
1540.0,3,3,8,Metro City,Semi-Furnished,1,Good,9000000
1565.0,3,2,13,Tier-2 City,Unfurnished,1,Excellent,2400000
1615.0,3,3,22,Metro City,Semi-Furnished,2,Good,5800000
1208.0,3,2,13,Tier-1 City,Semi-Furnished,1,Good,3050000
1313.0,3,3,1,Metro City,Fully Furnished,0,Good,9600000
1787.0,3,3,12,Metro City,Semi-Furnished,2,Good,12500000
1100.0,2,3,6,Metro City,Unfurnished,1,Excellent,6000000
1150.0,2,2,8,Metro City,Semi-Furnished,1,Excellent,5400000
2302.0,4,4,11,Metro City,Unfurnished,1,Excellent,30000000
1058.0,2,2,4,Metro City,Unfurnished,2,Poor,4800000
1150.0,3,2,3,Metro City,Semi-Furnished,1,Excellent,7500000
1208.51,3,3,2,Metro City,Semi-Furnished,0,Excellent,4200000
2275.0,3,4,2,Metro City,Semi-Furnished,1,Excellent,18700000
1709.0,3,3,10,Metro City,Unfurnished,2,Excellent,8000000
2400.0,8,8,10,Metro City,Semi-Furnished,2,Good,25000000
1440.0,3,3,10,Metro City,Fully Furnished,0,Excellent,6600000
1115.0,2,2,10,Metro City,Semi-Furnished,1,Excellent,5500000
1200.0,4,3,21,Metro City,Semi-Furnished,1,Excellent,13500000
450.0,1,1,14,Tier-1 City,Semi-Furnished,0,Good,650000
1200.0,2,2,19,Metro City,Unfurnished,2,Poor,9300000
1385.0,2,2,9,Metro City,Semi-Furnished,3,Poor,8300000
1425.0,3,2,2,Tier-2 City,Unfurnished,2,Good,1400000
3300.0,4,4,3,Metro City,Semi-Furnished,1,Good,15000000
1285.0,2,2,1,Metro City,Semi-Furnished,1,Poor,5600000
1200.0,5,5,19,Rural Area,Unfurnished,2,Good,2500000
1540.0,3,3,11,Metro City,Unfurnished,1,Good,8000000
1000.0,2,2,15,Metro City,Unfurnished,1,Good,6700000
1550.0,4,2,4,Metro City,Fully Furnished,1,Good,6500000
918.0,2,2,9,Metro City,Semi-Furnished,1,Good,5050000
1521.0,3,3,0,Metro City,Fully Furnished,2,Good,9500000
1200.0,3,3,12,Metro City,Unfurnished,2,Poor,17500000
1000.0,2,2,7,Tier-1 City,Unfurnished,1,Good,3050000
1374.0,2,2,3,Metro City,Unfurnished,0,Good,9500000
3356.0,4,4,0,Metro City,Semi-Furnished,2,Good,25100000
1300.0,3,2,20,Metro City,Semi-Furnished,0,Good,5500000
2173.0,3,3,3,Metro City,Semi-Furnished,0,Good,12800000
1200.0,4,3,13,Metro City,Semi-Furnished,1,Excellent,16000000
656.0,2,2,1,Metro City,Fully Furnished,1,Poor,2500000
1045.0,6,6,0,Tier-2 City,Unfurnished,2,Good,6800000
1420.0,3,3,14,Metro City,Fully Furnished,1,Good,7000000
1278.0,3,2,5,Metro City,Fully Furnished,2,Good,5900000
2800.0,6,4,13,Metro City,Semi-Furnished,1,Good,10000000
1088.0,2,2,9,Metro City,Semi-Furnished,1,Good,4350000
1200.0,2,2,3,Metro City,Unfurnished,1,Poor,6200000
1600.0,3,3,16,Tier-2 City,Unfurnished,0,Good,2600000
1708.0,4,3,8,Metro City,Unfurnished,2,Good,7600000
1140.0,2,2,15,Metro City,Semi-Furnished,1,Good,6500000
2300.0,6,7,6,Metro City,Semi-Furnished,1,Good,16000000
610.0,6,4,6,Tier-1 City,Unfurnished,1,Good,5650000
1174.0,2,2,19,Metro City,Semi-Furnished,2,Good,7800000
1174.0,2,2,3,Metro City,Fully Furnished,2,Excellent,7800000
1540.0,3,2,7,Metro City,Unfurnished,1,Good,7800000
1724.0,3,3,3,Metro City,Semi-Furnished,1,Excellent,14600000
1250.0,3,2,13,Metro City,Semi-Furnished,0,Excellent,5000000
1105.0,2,2,10,Metro City,Unfurnished,2,Excellent,4950000
1157.0,3,2,3,Metro City,Unfurnished,1,Poor,7500000
1732.0,3,3,1,Rural Area,Unfurnished,1,Excellent,750000
2406.0,3,5,16,Metro City,Semi-Furnished,1,Good,28900000
1194.0,2,2,15,Metro City,Fully Furnished,0,Excellent,4500000
1250.0,3,2,9,Metro City,Semi-Furnished,2,Good,5000000
1380.0,3,2,14,Metro City,Fully Furnished,2,Good,9500000
5150.0,4,4,19,Metro City,Unfurnished,0,Poor,55900000
1555.0,3,2,3,Metro City,Fully Furnished,1,Good,6700000
1155.0,2,2,15,Metro City,Fully Furnished,2,Good,4050000
1450.0,3,2,15,Metro City,Unfurnished,1,Excellent,7000000
1230.0,2,2,21,Metro City,Unfurnished,2,Good,5000000
1725.0,3,2,16,Metro City,Semi-Furnished,0,Good,10000000
1160.0,2,2,6,Metro City,Unfurnished,0,Good,4300000
1200.0,3,5,9,Metro City,Unfurnished,1,Good,20000000
1100.0,2,2,10,Metro City,Semi-Furnished,2,Good,4500000
1050.0,2,2,15,Metro City,Semi-Furnished,3,Excellent,5200000
970.0,2,2,11,Metro City,Semi-Furnished,1,Good,2700000
1247.0,2,2,0,Rural Area,Unfurnished,0,Good,700000
1056.0,2,2,23,Metro City,Fully Furnished,1,Good,6500000
1060.0,2,2,11,Tier-2 City,Unfurnished,1,Excellent,1250000
1495.0,3,2,10,Metro City,Semi-Furnished,1,Excellent,5250000
4500.0,4,5,10,Metro City,Semi-Furnished,0,Good,15000000
1352.0,2,2,8,Metro City,Semi-Furnished,0,Good,7200000
2000.0,4,3,19,Metro City,Semi-Furnished,1,Good,16600000
2400.0,3,3,0,Metro City,Semi-Furnished,0,Good,14900000
770.0,2,1,2,Metro City,Fully Furnished,2,Excellent,4000000
1155.0,2,2,9,Rural Area,Unfurnished,2,Excellent,550000
8840.0,2,2,9,Metro City,Fully Furnished,1,Good,30000000
1700.0,3,3,0,Metro City,Semi-Furnished,2,Good,7400000
1102.0,2,2,8,Metro City,Fully Furnished,0,Good,4800000
1205.0,2,2,24,Metro City,Fully Furnished,2,Good,4000000
1538.0,5,5,1,Metro City,Fully Furnished,1,Excellent,30000000
1206.0,2,2,4,Metro City,Semi-Furnished,1,Good,5600000
1475.0,2,2,17,Tier-1 City,Semi-Furnished,3,Good,4750000
1012.0,2,2,1,Metro City,Fully Furnished,1,Excellent,7000000
750.0,5,4,17,Metro City,Unfurnished,0,Good,9500000
950.0,2,2,1,Metro City,Unfurnished,0,Excellent,3000000
3210.0,5,5,4,Metro City,Fully Furnished,1,Excellent,35300000
1314.0,2,2,4,Metro City,Unfurnished,0,Good,11000000
5530.0,5,5,2,Metro City,Unfurnished,2,Excellent,62700000
2450.0,3,3,8,Metro City,Fully Furnished,2,Good,33000000
1282.0,2,2,13,Metro City,Semi-Furnished,2,Good,7200000
1115.0,2,2,2,Metro City,Fully Furnished,1,Good,5000000
1185.0,2,2,10,Metro City,Semi-Furnished,0,Good,5000000
2400.0,4,3,6,Metro City,Semi-Furnished,1,Excellent,20000000
1200.0,1,1,1,Metro City,Semi-Furnished,0,Good,1400000
425.0,1,1,0,Metro City,Semi-Furnished,2,Excellent,1500000
1215.0,2,2,13,Metro City,Unfurnished,1,Good,5150000
600.0,2,2,7,Metro City,Fully Furnished,2,Good,7200000
967.0,2,2,7,Metro City,Unfurnished,1,Good,4500000
1250.0,3,3,12,Metro City,Semi-Furnished,0,Good,6500000
1300.0,3,3,1,Metro City,Unfurnished,0,Poor,4500000
1120.0,2,2,2,Metro City,Unfurnished,1,Good,5000000
1126.0,2,2,17,Metro City,Semi-Furnished,3,Good,3900000
1350.0,8,7,1,Metro City,Semi-Furnished,1,Excellent,8500000
1260.0,3,2,15,Tier-1 City,Fully Furnished,2,Excellent,2950000
1240.0,2,2,21,Metro City,Semi-Furnished,2,Good,6500000
1600.0,4,4,1,Rural Area,Semi-Furnished,1,Good,2350000
1400.0,2,2,9,Metro City,Semi-Furnished,2,Good,6000000
1200.0,3,2,5,Metro City,Unfurnished,1,Good,6500000
1140.0,2,2,7,Metro City,Fully Furnished,1,Good,4350000
1560.0,3,3,0,Rural Area,Semi-Furnished,1,Good,1350000
2400.0,3,3,1,Metro City,Unfurnished,1,Poor,25100000
3905.0,5,7,5,Metro City,Fully Furnished,2,Excellent,29000000
1225.0,2,2,14,Metro City,Unfurnished,1,Excellent,4700000
1145.0,2,2,3,Metro City,Semi-Furnished,1,Good,4950000
1080.0,4,3,1,Rural Area,Fully Furnished,2,Good,1350000
2300.0,3,3,24,Metro City,Unfurnished,1,Good,28000000
1495.0,2,2,6,Metro City,Semi-Furnished,0,Good,8300000
1000.0,2,2,1,Metro City,Fully Furnished,2,Poor,3000000
1243.0,2,2,23,Metro City,Unfurnished,1,Excellent,4600000
1200.0,2,2,15,Metro City,Unfurnished,2,Good,4500000
450.0,1,1,15,Metro City,Semi-Furnished,1,Good,2500000
3100.0,3,3,9,Metro City,Semi-Furnished,0,Good,25000000
1810.0,3,3,3,Metro City,Semi-Furnished,1,Good,11200000
1482.0,3,3,0,Metro City,Semi-Furnished,0,Good,8600000
1508.0,3,3,1,Metro City,Fully Furnished,0,Good,7700000
1035.0,2,2,16,Metro City,Semi-Furnished,1,Good,4500000
1410.0,3,2,3,Metro City,Semi-Furnished,0,Excellent,7300000
1280.0,5,3,14,Metro City,Unfurnished,1,Poor,25000000
1800.0,7,5,22,Metro City,Unfurnished,2,Excellent,6500000
1490.0,3,3,1,Tier-1 City,Semi-Furnished,1,Excellent,5600000
1027.0,2,2,1,Tier-2 City,Unfurnished,1,Good,1800000
1200.0,3,3,24,Metro City,Fully Furnished,1,Poor,14000000
1145.0,2,2,4,Metro City,Semi-Furnished,0,Excellent,7500000
935.0,2,2,1,Metro City,Semi-Furnished,1,Excellent,3250000
1693.0,3,3,6,Metro City,Semi-Furnished,1,Good,12500000
1200.0,5,4,22,Metro City,Fully Furnished,2,Good,13000000
1100.0,3,2,2,Tier-1 City,Unfurnished,1,Good,2800000
1030.0,2,2,24,Metro City,Fully Furnished,2,Excellent,5700000
1219.0,2,2,16,Tier-1 City,Fully Furnished,1,Excellent,2350000
2065.0,3,3,23,Metro City,Unfurnished,3,Poor,13000000
1936.0,3,3,4,Metro City,Semi-Furnished,2,Excellent,13100000
1056.0,2,2,10,Tier-2 City,Unfurnished,2,Good,1000000
1400.0,2,2,1,Rural Area,Unfurnished,1,Excellent,1150000
1100.0,5,5,18,Tier-2 City,Fully Furnished,1,Good,5500000
1200.0,4,4,22,Metro City,Unfurnished,3,Good,13000000
1200.0,4,4,11,Metro City,Semi-Furnished,0,Good,23500000
1754.0,3,3,2,Metro City,Unfurnished,0,Good,13200000
1280.0,3,2,5,Tier-2 City,Semi-Furnished,2,Good,1650000
1200.0,4,4,15,Metro City,Fully Furnished,1,Good,19000000
1650.0,3,3,3,Metro City,Unfurnished,0,Good,20000000
2430.0,3,4,3,Metro City,Semi-Furnished,2,Excellent,18000000
1650.0,3,3,19,Metro City,Fully Furnished,2,Good,7800000
1200.0,3,3,2,Metro City,Semi-Furnished,0,Good,6500000
1036.0,2,2,6,Metro City,Semi-Furnished,1,Good,5000000
4000.0,3,3,3,Metro City,Semi-Furnished,1,Good,23500000
725.0,2,2,10,Metro City,Semi-Furnished,0,Good,3000000
1985.0,3,3,2,Rural Area,Semi-Furnished,1,Good,1900000
1100.0,2,2,1,Metro City,Semi-Furnished,2,Poor,6250000
3700.0,4,4,11,Metro City,Semi-Furnished,1,Excellent,22500000
1094.0,2,2,4,Metro City,Fully Furnished,0,Excellent,5400000
1200.0,3,3,2,Metro City,Semi-Furnished,2,Excellent,9600000
1148.0,2,2,8,Metro City,Semi-Furnished,0,Good,6000000
1320.0,3,2,10,Metro City,Fully Furnished,2,Good,3800000
960.0,2,2,14,Metro City,Semi-Furnished,1,Excellent,3300000
1100.0,3,3,11,Tier-2 City,Unfurnished,1,Good,1900000
2400.0,7,7,17,Metro City,Unfurnished,2,Good,35500000
1216.0,2,2,12,Metro City,Unfurnished,0,Excellent,6700000
1314.0,2,2,6,Metro City,Fully Furnished,0,Good,8300000
1400.0,3,2,0,Tier-2 City,Unfurnished,1,Good,1500000
708.0,2,2,1,Metro City,Fully Furnished,1,Poor,3100000
1635.0,3,3,1,Metro City,Fully Furnished,3,Excellent,6100000
1929.0,3,3,7,Metro City,Unfurnished,2,Good,10300000
800.0,1,1,9,Rural Area,Unfurnished,1,Good,500000
1150.0,2,2,2,Metro City,Semi-Furnished,0,Good,4000000
620.0,2,2,1,Tier-1 City,Semi-Furnished,2,Good,1400000
1767.0,3,3,0,Metro City,Semi-Furnished,1,Good,10900000
1204.0,2,2,2,Metro City,Unfurnished,1,Good,8200000
1210.0,2,2,18,Metro City,Semi-Furnished,1,Good,8000000
1180.0,2,2,5,Metro City,Semi-Furnished,1,Excellent,8000000
1346.0,2,2,3,Metro City,Fully Furnished,2,Good,7400000
2779.0,3,3,9,Tier-1 City,Semi-Furnished,2,Excellent,23450000
994.0,2,2,4,Metro City,Semi-Furnished,2,Good,4250000
1262.0,2,2,2,Metro City,Semi-Furnished,1,Good,6700000
1800.0,6,8,1,Tier-1 City,Semi-Furnished,1,Poor,11150000
1200.0,1,2,2,Tier-1 City,Semi-Furnished,3,Excellent,3300000
1320.0,2,2,19,Metro City,Semi-Furnished,2,Excellent,11500000
1200.0,1,1,6,Metro City,Fully Furnished,0,Poor,4000000
1386.0,2,2,15,Metro City,Unfurnished,1,Excellent,8500000
935.0,2,2,7,Metro City,Semi-Furnished,1,Good,4000000
1255.0,3,3,0,Metro City,Fully Furnished,1,Good,7750000
2350.0,3,3,6,Metro City,Semi-Furnished,0,Poor,40000000
3262.0,4,4,21,Metro City,Semi-Furnished,0,Good,26000000
1839.0,3,3,1,Tier-2 City,Semi-Furnished,1,Good,7050000
1513.0,3,3,0,Metro City,Unfurnished,1,Good,10300000
1138.0,3,3,20,Metro City,Semi-Furnished,1,Good,12800000
1274.0,2,2,10,Tier-2 City,Fully Furnished,1,Good,3350000
800.0,8,6,22,Metro City,Semi-Furnished,2,Poor,11000000
950.0,2,2,8,Metro City,Unfurnished,1,Excellent,5100000
902.0,2,2,4,Metro City,Semi-Furnished,0,Good,2550000
1500.0,4,4,22,Metro City,Semi-Furnished,2,Good,11000000
3633.0,4,6,3,Metro City,Unfurnished,1,Excellent,55000000
797.0,2,2,1,Metro City,Unfurnished,1,Excellent,3200000
2456.0,3,3,2,Metro City,Fully Furnished,3,Good,22000000
1190.0,2,2,9,Metro City,Fully Furnished,1,Poor,4200000
1256.0,2,2,10,Metro City,Unfurnished,2,Good,6300000
880.0,6,6,8,Metro City,Fully Furnished,1,Good,7500000
1571.0,3,3,16,Metro City,Unfurnished,3,Good,8300000
1700.0,3,3,10,Tier-1 City,Unfurnished,0,Good,4500000
925.0,2,2,14,Metro City,Semi-Furnished,0,Good,3500000
1100.0,3,2,2,Metro City,Unfurnished,1,Good,5200000
1285.0,2,2,13,Metro City,Fully Furnished,2,Good,6000000
1800.0,3,2,7,Metro City,Semi-Furnished,1,Excellent,10000000
1229.0,2,2,8,Tier-1 City,Semi-Furnished,1,Poor,4850000
1500.0,3,3,4,Metro City,Unfurnished,2,Excellent,7300000
1430.0,3,2,3,Metro City,Semi-Furnished,2,Good,5600000
845.0,2,2,7,Tier-2 City,Unfurnished,1,Good,1300000
850.0,2,2,18,Metro City,Semi-Furnished,2,Good,2550000
3500.0,4,4,16,Metro City,Semi-Furnished,0,Good,35000000
2400.0,4,4,13,Metro City,Fully Furnished,2,Good,14500000
4750.0,4,6,8,Metro City,Semi-Furnished,1,Excellent,94800000
2700.0,4,4,7,Tier-1 City,Semi-Furnished,1,Poor,22850000
1200.0,1,1,3,Metro City,Unfurnished,0,Good,6500000
1455.0,3,3,0,Metro City,Fully Furnished,1,Good,4600000
1062.0,2,2,2,Metro City,Unfurnished,1,Excellent,3800000
1640.0,3,2,23,Metro City,Semi-Furnished,1,Good,12000000
1210.0,2,2,10,Metro City,Semi-Furnished,0,Excellent,5500000
985.0,2,2,9,Metro City,Semi-Furnished,1,Poor,5000000
1200.0,4,4,2,Metro City,Semi-Furnished,0,Excellent,15500000
2932.0,4,5,10,Metro City,Semi-Furnished,0,Excellent,19500000
1418.0,2,2,22,Metro City,Semi-Furnished,1,Good,6200000
1000.0,2,2,17,Metro City,Semi-Furnished,1,Good,3500000
1847.0,3,3,14,Metro City,Semi-Furnished,1,Good,10500000
1670.0,3,3,20,Rural Area,Unfurnished,1,Good,1250000
1280.0,2,2,8,Metro City,Unfurnished,1,Excellent,8500000
2080.0,3,3,9,Metro City,Unfurnished,0,Good,17500000
1300.0,2,2,5,Tier-1 City,Fully Furnished,2,Poor,6250000
1089.0,2,2,15,Metro City,Unfurnished,1,Good,6000000
1250.0,2,2,14,Metro City,Fully Furnished,2,Good,4000000
1280.0,3,2,2,Tier-2 City,Unfurnished,2,Poor,2350000
1225.0,2,2,15,Metro City,Semi-Furnished,2,Excellent,7000000
850.0,2,1,5,Metro City,Fully Furnished,1,Good,3200000
1000.0,4,4,8,Metro City,Semi-Furnished,0,Good,7500000
500.0,1,1,11,Metro City,Unfurnished,1,Good,22000000
900.0,2,2,21,Metro City,Semi-Furnished,2,Good,4200000
1116.0,2,2,4,Metro City,Semi-Furnished,2,Excellent,4500000
1065.0,2,2,15,Tier-2 City,Semi-Furnished,0,Good,1750000
1224.0,2,2,1,Tier-1 City,Fully Furnished,1,Excellent,6400000
1850.0,3,2,0,Metro City,Semi-Furnished,2,Good,8900000
800.0,3,2,2,Metro City,Fully Furnished,1,Good,8000000
1290.0,3,2,17,Tier-2 City,Semi-Furnished,1,Excellent,2200000
720.0,2,2,7,Metro City,Unfurnished,0,Excellent,12000000
1700.0,3,3,18,Metro City,Unfurnished,2,Excellent,15500000
1660.0,3,3,13,Metro City,Unfurnished,1,Excellent,12800000
2200.0,2,2,1,Metro City,Semi-Furnished,0,Good,11000000
1063.0,2,2,22,Metro City,Semi-Furnished,1,Good,4200000
1060.0,2,2,12,Tier-1 City,Semi-Furnished,0,Poor,3250000
1025.0,2,2,9,Rural Area,Unfurnished,0,Excellent,800000
840.0,1,1,1,Metro City,Unfurnished,1,Poor,7500000
1200.0,4,3,19,Tier-2 City,Unfurnished,0,Good,3850000
1270.0,2,2,12,Metro City,Semi-Furnished,1,Good,7800000
1562.0,3,3,20,Metro City,Semi-Furnished,1,Poor,10300000
1167.0,2,2,7,Metro City,Semi-Furnished,3,Good,6300000
1515.0,3,3,22,Metro City,Semi-Furnished,0,Poor,6500000
2500.0,5,5,2,Metro City,Fully Furnished,2,Excellent,11000000
1800.0,4,3,2,Rural Area,Unfurnished,1,Good,1650000
961.0,2,2,2,Metro City,Unfurnished,3,Good,3800000
1179.0,2,2,10,Metro City,Unfurnished,1,Poor,5100000
2000.0,4,3,19,Metro City,Semi-Furnished,1,Good,106300000
1050.0,2,2,16,Metro City,Unfurnished,0,Excellent,5250000
2289.0,3,3,20,Metro City,Unfurnished,0,Excellent,18000000
1082.0,3,2,1,Tier-1 City,Unfurnished,0,Good,3450000
1194.0,2,2,11,Metro City,Unfurnished,1,Poor,4600000
1000.0,2,2,7,Metro City,Unfurnished,1,Good,6000000
995.0,2,1,14,Metro City,Unfurnished,0,Good,2500000
2145.0,3,3,22,Metro City,Unfurnished,2,Good,19000000
645.0,1,1,21,Tier-2 City,Semi-Furnished,0,Excellent,600000
480.0,1,1,18,Tier-1 City,Unfurnished,2,Good,1650000
1200.0,4,4,6,Metro City,Unfurnished,0,Excellent,10500000
440.0,1,1,10,Metro City,Unfurnished,1,Good,3500000
1700.0,3,3,1,Metro City,Semi-Furnished,1,Excellent,15500000
700.0,2,2,2,Metro City,Semi-Furnished,1,Excellent,4000000
1708.0,3,3,11,Tier-2 City,Semi-Furnished,2,Poor,3100000
890.0,6,5,5,Metro City,Semi-Furnished,1,Good,16000000
1019.0,2,2,12,Metro City,Unfurnished,1,Good,6200000
1000.0,2,2,7,Metro City,Semi-Furnished,2,Good,5000000
800.0,1,1,3,Rural Area,Semi-Furnished,2,Excellent,500000
1145.0,2,2,22,Metro City,Fully Furnished,1,Excellent,5700000
950.0,2,2,2,Metro City,Unfurnished,1,Good,4700000
1550.0,3,2,14,Metro City,Unfurnished,1,Good,6000000
1680.0,3,3,6,Metro City,Fully Furnished,0,Poor,10500000
1425.0,3,2,1,Metro City,Fully Furnished,1,Poor,6400000
1640.0,3,3,15,Metro City,Fully Furnished,3,Good,22900000
1571.0,3,3,1,Metro City,Semi-Furnished,2,Good,10500000
1200.0,10,7,2,Metro City,Unfurnished,1,Good,24000000
1200.0,2,2,16,Metro City,Unfurnished,1,Excellent,6000000
1210.0,2,2,16,Metro City,Semi-Furnished,1,Poor,7500000
1539.0,3,3,8,Metro City,Semi-Furnished,2,Good,8500000
1250.0,2,2,21,Rural Area,Semi-Furnished,1,Good,500000
720.0,4,4,6,Metro City,Semi-Furnished,1,Good,4800000
1100.0,4,4,14,Metro City,Fully Furnished,3,Poor,12000000
1340.0,2,2,5,Tier-1 City,Semi-Furnished,1,Good,5450000
2400.0,6,5,20,Tier-2 City,Fully Furnished,1,Good,8850000
1580.0,3,3,16,Tier-1 City,Fully Furnished,1,Good,4600000
985.0,2,2,18,Metro City,Semi-Furnished,2,Good,2500000
3800.0,6,6,17,Metro City,Semi-Furnished,3,Excellent,39000000
754.0,2,2,0,Metro City,Unfurnished,1,Good,7000000
485.0,1,1,10,Metro City,Semi-Furnished,0,Good,1950000
1150.0,2,2,0,Metro City,Fully Furnished,1,Good,4000000
1213.0,3,2,17,Metro City,Semi-Furnished,0,Good,3650000
1143.0,2,2,7,Metro City,Unfurnished,1,Good,4500000
1220.0,2,2,13,Metro City,Fully Furnished,0,Good,6000000
1220.0,2,2,8,Metro City,Fully Furnished,3,Good,4900000
3250.0,5,5,16,Metro City,Semi-Furnished,1,Good,29000000
1246.0,2,2,5,Metro City,Semi-Furnished,0,Good,6750000
1590.0,3,3,9,Tier-1 City,Semi-Furnished,1,Good,3550000
1550.0,2,2,0,Metro City,Semi-Furnished,1,Good,14000000
850.0,2,2,6,Metro City,Fully Furnished,0,Excellent,5500000
920.0,2,2,7,Metro City,Semi-Furnished,0,Excellent,3900000
1322.0,2,2,17,Metro City,Unfurnished,1,Excellent,7500000
1015.0,2,2,12,Metro City,Semi-Furnished,0,Good,4800000
1180.0,2,2,21,Tier-2 City,Fully Furnished,1,Good,3300000
700.0,2,1,0,Metro City,Fully Furnished,1,Good,3500000
3500.0,3,3,9,Metro City,Unfurnished,2,Good,19800000
535.0,2,1,5,Tier-1 City,Semi-Furnished,2,Good,1500000
1330.0,3,2,14,Metro City,Unfurnished,1,Good,4650000
1200.0,3,3,12,Metro City,Fully Furnished,0,Good,11000000
1200.0,4,5,21,Metro City,Fully Furnished,1,Excellent,32500000
650.0,1,1,11,Metro City,Semi-Furnished,0,Good,2500000
950.0,2,2,22,Metro City,Unfurnished,2,Good,3250000
1185.0,2,2,8,Metro City,Unfurnished,0,Good,4000000
1360.0,3,2,17,Metro City,Fully Furnished,1,Poor,4750000
1733.0,3,2,10,Tier-2 City,Semi-Furnished,0,Excellent,3000000
1125.0,2,2,16,Tier-1 City,Semi-Furnished,0,Good,3100000
3436.0,4,5,16,Metro City,Fully Furnished,2,Excellent,34500000
1484.0,3,2,3,Tier-1 City,Semi-Furnished,0,Good,3500000
1445.0,3,3,8,Tier-1 City,Fully Furnished,0,Poor,4200000
1100.0,2,2,1,Metro City,Fully Furnished,1,Good,7000000
1466.0,2,2,1,Tier-2 City,Unfurnished,1,Excellent,1850000
675.0,2,1,6,Metro City,Fully Furnished,1,Good,1500000
1100.0,2,2,14,Tier-1 City,Semi-Furnished,0,Good,2350000
1085.0,2,2,12,Metro City,Semi-Furnished,1,Good,4600000
600.0,3,2,3,Metro City,Fully Furnished,3,Poor,8500000
1370.0,3,2,19,Metro City,Semi-Furnished,1,Good,5500000
1350.0,3,2,14,Rural Area,Semi-Furnished,1,Good,2350000
2422.0,4,3,4,Metro City,Unfurnished,1,Good,15000000
1800.0,6,5,9,Metro City,Semi-Furnished,3,Excellent,14000000
1226.0,2,3,11,Metro City,Unfurnished,3,Good,13500000
1010.0,2,2,9,Metro City,Unfurnished,3,Excellent,4100000
1566.0,3,3,8,Metro City,Semi-Furnished,0,Excellent,9700000
1070.0,2,2,4,Metro City,Unfurnished,1,Excellent,4550000
2462.0,4,4,20,Metro City,Semi-Furnished,2,Excellent,12400000
1200.0,3,3,9,Metro City,Fully Furnished,1,Good,14000000
1332.0,3,2,15,Tier-1 City,Semi-Furnished,2,Good,5650000
1340.0,2,2,1,Tier-2 City,Unfurnished,1,Good,2600000
1200.0,2,3,7,Metro City,Unfurnished,1,Good,7000000
3870.0,4,4,0,Metro City,Unfurnished,1,Poor,41100000
1710.0,3,2,0,Metro City,Semi-Furnished,1,Excellent,9050000
2760.0,3,5,20,Metro City,Semi-Furnished,2,Excellent,15700000
1400.0,3,2,13,Metro City,Semi-Furnished,1,Good,4050000
1300.0,3,2,18,Metro City,Semi-Furnished,2,Good,8000000
1295.0,2,2,4,Tier-1 City,Semi-Furnished,2,Good,7450000
1550.0,3,2,4,Metro City,Unfurnished,1,Poor,7900000
1310.0,3,2,1,Metro City,Unfurnished,2,Excellent,3800000
1540.0,3,3,18,Metro City,Semi-Furnished,2,Good,15000000
1160.0,2,2,15,Rural Area,Fully Furnished,1,Good,500000
1196.0,2,2,9,Tier-1 City,Semi-Furnished,1,Good,3350000
1393.0,3,3,1,Metro City,Semi-Furnished,0,Good,5400000
2774.0,4,4,15,Metro City,Semi-Furnished,0,Poor,20700000
3181.0,4,4,17,Tier-1 City,Unfurnished,2,Good,20300000
2425.0,4,5,22,Metro City,Semi-Furnished,1,Good,17500000
500.0,1,1,6,Metro City,Unfurnished,1,Excellent,2000000
1200.0,2,2,5,Metro City,Semi-Furnished,1,Good,4450000
2400.0,6,8,5,Metro City,Semi-Furnished,1,Excellent,45000000
1152.0,2,2,11,Metro City,Unfurnished,1,Good,6500000
2292.0,3,3,13,Metro City,Unfurnished,1,Excellent,28600000
1521.0,3,3,6,Metro City,Semi-Furnished,1,Excellent,9450000
1500.0,3,3,2,Metro City,Semi-Furnished,1,Excellent,7000000
600.0,2,2,12,Metro City,Semi-Furnished,0,Good,2700000
1520.0,3,2,0,Metro City,Semi-Furnished,0,Good,15000000
1355.0,3,3,2,Metro City,Unfurnished,1,Good,8400000
1215.0,2,2,12,Metro City,Unfurnished,0,Poor,6500000
1450.0,3,3,0,Metro City,Semi-Furnished,1,Good,10000000
2431.0,3,3,2,Metro City,Fully Furnished,1,Good,10000000
1250.0,2,2,11,Tier-1 City,Fully Furnished,0,Good,2800000
1595.0,3,3,13,Metro City,Semi-Furnished,1,Excellent,6500000
1602.0,3,2,15,Tier-2 City,Semi-Furnished,1,Excellent,5250000
1200.0,5,5,11,Metro City,Unfurnished,3,Good,25500000
1175.0,2,2,14,Metro City,Semi-Furnished,0,Good,8300000
1217.0,2,2,22,Metro City,Semi-Furnished,2,Good,16400000
1760.0,3,3,8,Metro City,Unfurnished,2,Good,17600000
4395.0,4,4,11,Metro City,Unfurnished,0,Good,24200000
1090.0,2,2,5,Metro City,Unfurnished,1,Good,5450000
3508.0,4,6,21,Metro City,Semi-Furnished,0,Good,42500000
1105.0,2,2,0,Tier-2 City,Unfurnished,3,Poor,1500000
1370.0,2,2,17,Metro City,Semi-Furnished,1,Poor,6000000
1600.0,3,3,5,Metro City,Semi-Furnished,0,Good,7700000
2400.0,4,4,21,Metro City,Semi-Furnished,2,Good,15000000
1175.0,2,2,2,Metro City,Fully Furnished,0,Poor,6000000
1178.0,9,9,24,Metro City,Semi-Furnished,1,Good,7500000
4500.0,5,5,10,Metro City,Unfurnished,1,Good,14500000
4500.0,5,7,7,Metro City,Fully Furnished,2,Good,33700000
2293.0,3,3,21,Metro City,Fully Furnished,1,Poor,8050000
1067.0,2,2,8,Metro City,Fully Furnished,1,Poor,3400000
975.0,2,2,7,Metro City,Semi-Furnished,2,Good,2500000
4100.0,4,3,25,Metro City,Unfurnished,2,Good,30000000
845.0,2,2,19,Metro City,Unfurnished,2,Good,3000000
3297.0,3,3,4,Metro City,Unfurnished,0,Excellent,13500000
924.0,2,2,13,Metro City,Semi-Furnished,2,Good,6500000
1050.0,2,2,20,Metro City,Semi-Furnished,1,Excellent,11000000
1550.0,3,3,2,Tier-2 City,Semi-Furnished,1,Poor,2500000
1200.0,4,4,10,Metro City,Unfurnished,0,Poor,17900000
1290.0,3,3,4,Metro City,Semi-Furnished,0,Good,6200000
1065.0,2,2,21,Metro City,Semi-Furnished,0,Excellent,4150000
1575.0,5,4,6,Metro City,Unfurnished,0,Good,15000000
1885.0,3,3,5,Metro City,Semi-Furnished,2,Good,9000000
1350.0,1,1,22,Metro City,Unfurnished,1,Good,14500000
1200.0,4,4,0,Rural Area,Unfurnished,1,Excellent,1400000
1153.0,2,2,9,Metro City,Unfurnished,1,Good,6500000
1200.0,4,4,3,Metro City,Fully Furnished,1,Poor,22000000
2289.0,3,3,20,Tier-1 City,Unfurnished,0,Excellent,11400000
670.0,1,1,0,Metro City,Semi-Furnished,1,Excellent,5000000
1465.0,2,3,11,Metro City,Unfurnished,1,Poor,9000000
1200.0,2,2,17,Tier-2 City,Unfurnished,0,Good,4150000
1468.0,2,2,20,Metro City,Fully Furnished,1,Good,14000000
1125.0,2,2,9,Metro City,Semi-Furnished,0,Good,3250000
1180.0,2,2,3,Metro City,Semi-Furnished,1,Good,5600000
1863.0,4,3,6,Metro City,Fully Furnished,1,Poor,10500000
1275.0,2,2,4,Metro City,Unfurnished,2,Good,5500000
1708.0,4,3,4,Tier-1 City,Semi-Furnished,2,Good,3850000
1200.0,2,2,19,Metro City,Semi-Furnished,1,Good,7500000
1761.0,3,3,8,Metro City,Semi-Furnished,0,Poor,8450000
2017.0,3,3,3,Rural Area,Fully Furnished,1,Good,1300000
410.0,1,1,11,Metro City,Unfurnished,1,Good,1500000
1555.0,3,3,24,Metro City,Semi-Furnished,1,Good,8250000
1680.0,3,2,20,Metro City,Semi-Furnished,1,Poor,6800000
1692.0,3,3,6,Metro City,Unfurnished,0,Good,8800000
1371.0,3,2,2,Tier-1 City,Semi-Furnished,2,Excellent,3950000
1010.0,2,2,12,Rural Area,Unfurnished,2,Excellent,500000
971.5,2,2,0,Tier-1 City,Semi-Furnished,1,Excellent,2450000
1300.0,3,2,3,Metro City,Fully Furnished,2,Excellent,5850000
1082.0,3,2,1,Metro City,Unfurnished,0,Good,4500000
1896.0,3,3,0,Tier-2 City,Unfurnished,1,Good,3200000
1100.0,2,2,10,Metro City,Semi-Furnished,2,Excellent,5800000
1640.0,3,3,0,Metro City,Semi-Furnished,1,Good,8400000
1210.0,2,2,0,Metro City,Semi-Furnished,1,Excellent,4000000
1113.0,2,2,3,Metro City,Semi-Furnished,1,Poor,5100000
1120.0,2,2,6,Metro City,Fully Furnished,1,Good,3350000
1065.0,2,2,5,Metro City,Semi-Furnished,1,Poor,7000000
1100.0,2,2,13,Tier-2 City,Unfurnished,1,Excellent,3000000
800.0,2,1,2,Metro City,Fully Furnished,2,Good,17000000
2700.0,5,5,7,Metro City,Unfurnished,2,Excellent,15800000
2280.0,3,4,1,Metro City,Semi-Furnished,1,Good,12600000
1419.0,2,2,9,Rural Area,Semi-Furnished,1,Excellent,650000
1475.0,3,2,7,Metro City,Semi-Furnished,0,Good,12000000
1260.0,2,2,16,Rural Area,Unfurnished,1,Good,650000
1240.0,3,2,3,Metro City,Fully Furnished,2,Excellent,4000000
1500.0,4,5,16,Metro City,Unfurnished,1,Excellent,23000000
1375.0,2,2,14,Tier-1 City,Semi-Furnished,0,Excellent,3550000
1140.0,2,2,7,Metro City,Semi-Furnished,1,Excellent,3850000
1100.0,2,2,5,Tier-1 City,Fully Furnished,0,Excellent,3450000
1100.0,2,2,3,Metro City,Unfurnished,0,Good,9300000
1243.0,2,2,4,Metro City,Fully Furnished,1,Excellent,4600000
1215.0,2,2,16,Metro City,Unfurnished,1,Good,6800000
1070.0,2,2,1,Tier-1 City,Semi-Furnished,1,Good,3050000
1716.0,3,2,16,Metro City,Semi-Furnished,0,Poor,11500000
1320.0,4,2,7,Tier-1 City,Unfurnished,1,Good,7650000
1232.0,2,2,23,Metro City,Semi-Furnished,1,Good,9450000
1200.0,3,2,4,Tier-1 City,Semi-Furnished,0,Excellent,2750000
1050.0,3,3,12,Metro City,Fully Furnished,1,Good,17500000
1724.0,3,3,5,Metro City,Fully Furnished,1,Good,12400000
1779.0,3,3,8,Metro City,Fully Furnished,3,Excellent,9000000
1400.0,3,2,8,Metro City,Semi-Furnished,0,Good,6600000
525.0,1,1,4,Metro City,Fully Furnished,2,Good,3000000
4634.0,3,4,20,Metro City,Fully Furnished,1,Good,101500000
1655.0,3,3,11,Tier-2 City,Unfurnished,1,Good,4900000
1102.0,2,2,5,Tier-2 City,Fully Furnished,2,Good,2600000
1320.0,3,2,6,Metro City,Semi-Furnished,0,Good,5550000
1100.0,2,2,10,Metro City,Semi-Furnished,1,Good,11000000
2400.0,6,7,17,Metro City,Semi-Furnished,1,Excellent,10700000
1170.0,2,2,8,Tier-1 City,Fully Furnished,2,Good,8250000
1126.0,2,2,10,Metro City,Fully Furnished,1,Good,3600000
1040.0,2,2,18,Metro City,Semi-Furnished,1,Poor,6800000
1071.0,2,2,1,Tier-2 City,Semi-Furnished,0,Good,1800000
1600.0,3,3,20,Metro City,Unfurnished,1,Good,8600000
1115.0,3,3,1,Metro City,Semi-Furnished,2,Good,3900000
1573.0,3,3,15,Metro City,Unfurnished,1,Poor,9000000
1012.0,2,2,13,Rural Area,Unfurnished,2,Poor,900000
600.0,3,3,17,Metro City,Fully Furnished,3,Good,8500000
815.0,2,3,3,Metro City,Semi-Furnished,1,Good,16000000
1215.0,2,2,12,Tier-2 City,Semi-Furnished,0,Poor,2450000
2400.0,6,8,2,Metro City,Unfurnished,3,Good,65000000
1545.0,3,3,4,Metro City,Semi-Furnished,2,Good,8500000
2475.0,3,4,0,Metro City,Unfurnished,2,Good,30000000
1516.0,3,3,18,Metro City,Fully Furnished,0,Good,6500000
1140.0,2,2,13,Metro City,Semi-Furnished,2,Good,4600000
1805.0,3,3,21,Metro City,Semi-Furnished,2,Good,13400000
1128.0,2,2,5,Metro City,Semi-Furnished,1,Good,6550000
3600.0,5,5,18,Tier-2 City,Unfurnished,2,Excellent,5300000
1910.0,3,3,14,Metro City,Unfurnished,1,Excellent,11900000
2721.0,3,3,17,Metro City,Semi-Furnished,1,Good,11300000
4166.0,5,5,19,Metro City,Semi-Furnished,0,Poor,56000000
1504.0,3,2,23,Rural Area,Semi-Furnished,0,Good,1300000
1260.0,2,2,7,Metro City,Fully Furnished,1,Good,8550000
1200.0,4,3,17,Rural Area,Unfurnished,2,Good,1100000
1035.0,2,2,1,Metro City,Semi-Furnished,1,Excellent,3950000
1592.0,3,3,10,Metro City,Unfurnished,2,Good,12500000
600.0,2,3,3,Metro City,Unfurnished,0,Good,14500000
1500.0,4,2,1,Metro City,Unfurnished,0,Good,9300000
1300.0,2,2,4,Metro City,Fully Furnished,2,Good,10000000
1200.0,3,3,8,Metro City,Fully Furnished,0,Good,7200000
1252.0,3,2,24,Metro City,Unfurnished,1,Good,6500000
1110.0,2,2,9,Metro City,Semi-Furnished,0,Good,4300000
1535.0,3,3,4,Metro City,Fully Furnished,1,Good,9500000
933.0,2,2,19,Metro City,Unfurnished,1,Good,5500000
1056.0,2,2,10,Metro City,Fully Furnished,2,Excellent,7500000
3554.0,3,4,1,Metro City,Fully Furnished,3,Good,34000000
1186.0,3,2,0,Metro City,Semi-Furnished,0,Good,5600000
850.0,2,2,8,Metro City,Semi-Furnished,1,Excellent,2700000
3715.0,4,6,11,Metro City,Unfurnished,1,Good,20050000
1225.0,2,2,12,Tier-1 City,Fully Furnished,2,Good,4700000
2630.0,4,5,22,Metro City,Fully Furnished,2,Good,18800000
1991.0,3,4,14,Metro City,Semi-Furnished,1,Excellent,8800000
1703.0,3,3,23,Tier-1 City,Unfurnished,1,Good,8350000
1100.0,2,2,1,Metro City,Fully Furnished,2,Excellent,3200000
1667.0,3,3,7,Tier-1 City,Semi-Furnished,1,Good,7100000
2556.0,3,3,9,Metro City,Semi-Furnished,1,Excellent,16900000
2690.0,4,4,11,Metro City,Semi-Furnished,2,Good,19100000
1846.0,3,3,22,Metro City,Semi-Furnished,1,Excellent,14500000
1575.0,3,3,21,Metro City,Semi-Furnished,1,Good,6650000
1800.0,3,3,17,Rural Area,Unfurnished,2,Excellent,800000
1700.0,3,3,10,Metro City,Unfurnished,0,Good,7500000
1349.0,2,2,11,Metro City,Semi-Furnished,0,Good,9800000
1190.0,2,2,13,Metro City,Fully Furnished,2,Good,5500000
900.0,2,2,14,Tier-2 City,Semi-Furnished,1,Poor,1250000
1140.0,2,2,8,Metro City,Unfurnished,0,Poor,4300000
1340.0,2,2,13,Metro City,Unfurnished,0,Good,7200000
1339.0,2,2,15,Metro City,Semi-Furnished,1,Poor,6200000
1300.0,3,2,2,Metro City,Unfurnished,1,Good,4900000
1351.0,2,2,1,Metro City,Unfurnished,1,Good,7400000
1240.0,2,2,11,Metro City,Unfurnished,1,Good,4700000
1100.0,2,2,24,Metro City,Unfurnished,1,Poor,5850000
1200.0,2,2,8,Metro City,Unfurnished,2,Good,5500000
1125.0,2,2,15,Metro City,Semi-Furnished,2,Excellent,6500000
400.0,1,1,10,Metro City,Fully Furnished,2,Excellent,2500000
1719.0,3,3,0,Rural Area,Unfurnished,1,Excellent,2700000
1999.0,3,3,3,Metro City,Fully Furnished,0,Good,13200000
722.0,1,1,0,Metro City,Fully Furnished,0,Excellent,4600000
3596.0,4,4,5,Metro City,Unfurnished,2,Poor,26800000
1052.0,2,2,4,Metro City,Fully Furnished,1,Excellent,5100000
1525.0,3,2,1,Metro City,Unfurnished,2,Good,6500000
1100.0,2,2,9,Metro City,Semi-Furnished,1,Good,6200000
1000.0,3,2,14,Tier-1 City,Semi-Furnished,2,Poor,3300000
658.0,1,1,21,Metro City,Semi-Furnished,0,Good,2700000
1178.0,2,2,25,Metro City,Fully Furnished,1,Excellent,8000000
2275.0,3,4,9,Tier-2 City,Semi-Furnished,0,Good,6150000
1200.0,3,3,4,Metro City,Fully Furnished,3,Good,6850000
600.0,3,3,6,Metro City,Semi-Furnished,1,Good,9800000
1500.0,4,4,5,Metro City,Semi-Furnished,1,Good,24000000
1575.0,2,2,21,Metro City,Semi-Furnished,1,Excellent,9000000
1500.0,3,3,12,Metro City,Semi-Furnished,2,Good,7000000
1495.0,3,3,12,Metro City,Semi-Furnished,1,Good,6050000
2800.0,3,2,7,Metro City,Fully Furnished,1,Good,20000000
900.0,2,2,8,Metro City,Fully Furnished,1,Good,7200000
2197.0,3,4,12,Metro City,Unfurnished,1,Good,28000000
1700.0,3,3,6,Metro City,Unfurnished,1,Good,10500000
1215.0,2,2,16,Tier-2 City,Unfurnished,1,Good,2750000
1114.0,2,2,7,Metro City,Fully Furnished,3,Good,3900000
1187.0,2,2,11,Tier-1 City,Semi-Furnished,0,Good,2500000
1240.0,2,2,18,Metro City,Fully Furnished,1,Good,5850000
1868.0,3,3,5,Metro City,Unfurnished,1,Good,11300000
1800.0,4,3,16,Metro City,Fully Furnished,1,Excellent,22000000
1535.0,3,3,18,Metro City,Unfurnished,1,Good,9000000
1420.0,3,2,7,Metro City,Semi-Furnished,0,Excellent,4600000
1240.0,2,2,11,Tier-1 City,Semi-Furnished,1,Good,4850000
1419.0,3,2,19,Metro City,Semi-Furnished,2,Good,5900000
1310.0,2,2,3,Metro City,Fully Furnished,1,Excellent,5300000
1036.0,2,2,15,Metro City,Unfurnished,0,Good,5950000
1392.0,2,2,19,Metro City,Unfurnished,2,Poor,13000000
1718.0,3,3,0,Metro City,Semi-Furnished,1,Excellent,9000000
2312.0,3,3,7,Tier-2 City,Semi-Furnished,0,Excellent,7000000
880.0,2,2,2,Metro City,Unfurnished,1,Excellent,2900000
1200.0,4,4,3,Metro City,Semi-Furnished,1,Excellent,18000000
1240.0,2,2,16,Metro City,Fully Furnished,1,Good,7000000
1200.0,2,2,21,Metro City,Semi-Furnished,1,Good,7900000
2273.0,3,3,0,Metro City,Semi-Furnished,0,Good,14500000
1260.0,4,4,13,Metro City,Semi-Furnished,2,Good,15000000
1200.0,3,3,22,Tier-1 City,Semi-Furnished,1,Good,4050000
1400.0,6,6,10,Metro City,Fully Furnished,0,Good,16000000
1520.0,3,2,17,Tier-1 City,Unfurnished,2,Excellent,7450000
1464.0,3,3,1,Metro City,Unfurnished,1,Good,5600000
1360.0,2,2,18,Rural Area,Semi-Furnished,1,Good,1200000
715.0,1,1,7,Rural Area,Semi-Furnished,0,Excellent,500000
1175.0,2,2,17,Metro City,Fully Furnished,3,Good,5000000
1200.0,4,5,11,Metro City,Fully Furnished,0,Good,35000000
2665.0,3,3,4,Metro City,Semi-Furnished,1,Good,35000000
2400.0,6,7,4,Metro City,Fully Furnished,1,Good,46000000
2425.0,4,4,6,Metro City,Unfurnished,1,Good,17300000
1161.0,2,2,15,Metro City,Semi-Furnished,1,Good,5500000
1250.0,2,2,16,Rural Area,Semi-Furnished,2,Excellent,1150000
1155.0,2,2,16,Metro City,Semi-Furnished,0,Good,5100000
1162.0,2,2,4,Metro City,Fully Furnished,0,Good,5700000
1466.0,3,2,9,Metro City,Semi-Furnished,2,Good,14000000
1210.0,2,2,1,Metro City,Fully Furnished,2,Good,5000000
1646.0,3,3,20,Tier-2 City,Unfurnished,3,Poor,3100000
3461.0,4,4,18,Metro City,Semi-Furnished,1,Good,17300000
1900.0,3,3,9,Metro City,Semi-Furnished,1,Good,10800000
1240.0,2,2,3,Rural Area,Semi-Furnished,0,Poor,500000
1020.0,2,2,0,Tier-1 City,Unfurnished,1,Good,3000000
1200.0,6,6,2,Metro City,Unfurnished,1,Good,8500000
4000.0,7,7,0,Metro City,Semi-Furnished,0,Good,22500000
1835.0,3,3,6,Metro City,Semi-Furnished,0,Excellent,10800000
1131.0,2,2,6,Metro City,Fully Furnished,1,Excellent,5600000
1512.0,3,2,4,Metro City,Unfurnished,1,Excellent,11000000
780.0,1,1,11,Tier-2 City,Fully Furnished,1,Excellent,1900000
1420.0,2,2,10,Tier-2 City,Fully Furnished,1,Excellent,3800000
700.0,2,1,0,Metro City,Fully Furnished,0,Good,1950000
1220.0,3,3,7,Metro City,Semi-Furnished,2,Excellent,3650000
2400.0,3,3,8,Metro City,Fully Furnished,1,Good,22000000
925.0,2,2,2,Metro City,Semi-Furnished,0,Excellent,10000000
970.0,2,2,16,Rural Area,Unfurnished,1,Good,500000
2337.0,3,4,7,Metro City,Unfurnished,1,Good,29200000
630.0,1,1,20,Metro City,Semi-Furnished,1,Poor,3350000
1340.0,2,2,11,Metro City,Semi-Furnished,1,Good,7700000
1060.0,2,2,1,Metro City,Semi-Furnished,1,Good,3400000
550.0,2,1,2,Metro City,Unfurnished,1,Good,1600000
825.0,6,6,2,Metro City,Semi-Furnished,2,Excellent,40000000
1281.0,2,2,7,Tier-1 City,Fully Furnished,1,Excellent,6850000
1435.0,3,2,7,Metro City,Semi-Furnished,2,Excellent,6000000
1600.0,3,3,20,Tier-2 City,Semi-Furnished,0,Good,2750000
905.0,1,1,9,Metro City,Fully Furnished,2,Good,6000000
750.0,1,1,22,Rural Area,Semi-Furnished,1,Good,500000
1405.0,2,2,3,Metro City,Fully Furnished,1,Good,7000000
600.0,1,1,4,Metro City,Unfurnished,2,Good,9000000
2500.0,3,2,3,Metro City,Unfurnished,1,Good,6000000
1500.0,4,4,13,Tier-1 City,Unfurnished,3,Good,13300000
910.0,2,2,2,Metro City,Fully Furnished,2,Excellent,4500000
1530.0,3,2,5,Metro City,Fully Furnished,1,Good,7450000
1200.0,2,2,16,Metro City,Unfurnished,0,Excellent,3600000
1510.0,3,2,5,Rural Area,Unfurnished,2,Excellent,700000
1900.0,3,4,14,Metro City,Semi-Furnished,1,Excellent,9000000
1096.0,2,2,10,Tier-2 City,Unfurnished,1,Good,1500000
900.0,4,4,10,Metro City,Semi-Furnished,1,Good,15000000
972.0,2,2,0,Metro City,Fully Furnished,1,Good,4000000
1607.0,3,2,12,Rural Area,Fully Furnished,2,Good,1700000
970.0,2,2,0,Metro City,Semi-Furnished,2,Good,3600000
750.0,2,2,21,Metro City,Semi-Furnished,1,Good,3550000
3203.5,4,4,11,Metro City,Semi-Furnished,2,Excellent,22450000
1536.0,3,3,15,Metro City,Unfurnished,1,Good,10400000
5000.0,9,9,7,Metro City,Semi-Furnished,0,Excellent,21000000
1350.0,2,2,14,Metro City,Unfurnished,1,Excellent,8000000
1200.0,2,2,23,Metro City,Fully Furnished,2,Excellent,7400000
750.0,4,4,10,Metro City,Fully Furnished,2,Good,11000000
1665.0,3,3,7,Tier-1 City,Semi-Furnished,0,Excellent,7600000
2625.0,3,3,8,Metro City,Semi-Furnished,1,Excellent,17500000
780.0,7,7,10,Metro City,Unfurnished,1,Good,15000000
4750.0,4,2,9,Metro City,Fully Furnished,0,Excellent,12000000
1200.0,5,4,6,Metro City,Semi-Furnished,1,Good,12000000
2425.0,3,3,8,Rural Area,Semi-Furnished,1,Good,2050000
1360.0,2,2,3,Metro City,Fully Furnished,1,Excellent,10100000
1260.0,2,2,22,Metro City,Semi-Furnished,2,Good,7100000
1200.0,2,2,4,Tier-2 City,Semi-Furnished,1,Good,3150000
2750.0,4,4,9,Metro City,Fully Furnished,1,Good,41300000
1200.0,2,2,1,Metro City,Semi-Furnished,1,Excellent,4600000
950.0,2,2,3,Tier-1 City,Unfurnished,0,Good,3150000
842.0,2,2,12,Metro City,Unfurnished,1,Excellent,3000000
1856.0,3,3,20,Metro City,Unfurnished,1,Excellent,13500000
375.0,1,1,20,Tier-1 City,Fully Furnished,2,Good,1550000
2038.5,3,3,20,Tier-1 City,Unfurnished,1,Good,8800000
1374.0,3,3,0,Metro City,Fully Furnished,0,Excellent,7200000
1000.0,5,5,1,Metro City,Fully Furnished,1,Good,18000000
1088.0,2,2,7,Metro City,Unfurnished,1,Poor,6800000
1403.0,3,2,5,Metro City,Fully Furnished,3,Excellent,6100000
1560.0,2,2,20,Metro City,Semi-Furnished,1,Good,14500000
1092.0,2,2,3,Metro City,Semi-Furnished,2,Good,6000000
1150.0,2,2,7,Tier-1 City,Fully Furnished,1,Excellent,6800000
1726.0,3,3,14,Metro City,Fully Furnished,0,Good,8200000
1000.0,2,2,5,Metro City,Semi-Furnished,1,Good,6800000
1602.0,3,2,15,Metro City,Semi-Furnished,1,Excellent,16500000
1200.0,4,5,2,Rural Area,Unfurnished,0,Good,5050000
1095.0,3,3,22,Metro City,Unfurnished,3,Good,21500000
1009.0,2,2,10,Metro City,Semi-Furnished,1,Good,3850000
1600.0,3,2,11,Metro City,Unfurnished,1,Good,11500000
2800.0,4,4,8,Metro City,Semi-Furnished,1,Good,37500000
2479.13,3,3,1,Metro City,Unfurnished,3,Good,21500000
1840.0,3,4,22,Tier-1 City,Fully Furnished,1,Good,12150000
900.0,2,2,8,Tier-2 City,Fully Furnished,1,Good,1750000
2732.0,4,4,6,Rural Area,Semi-Furnished,1,Good,2550000
1270.0,2,2,10,Metro City,Semi-Furnished,1,Excellent,11000000
1300.0,2,2,7,Metro City,Semi-Furnished,1,Good,5500000
1083.0,3,2,3,Metro City,Semi-Furnished,0,Good,4800000
1286.0,3,3,14,Tier-2 City,Fully Furnished,2,Good,2150000
1116.0,2,2,19,Metro City,Unfurnished,2,Good,5000000
1305.0,3,3,1,Tier-2 City,Semi-Furnished,1,Good,950000
1130.0,2,2,16,Metro City,Unfurnished,2,Good,4250000
1200.0,4,3,17,Metro City,Semi-Furnished,2,Good,8500000
3671.0,4,4,4,Metro City,Fully Furnished,1,Good,22000000
1093.0,2,2,9,Tier-1 City,Fully Furnished,1,Excellent,2700000
2400.0,4,4,8,Metro City,Unfurnished,2,Good,20000000
1325.0,2,2,12,Tier-1 City,Semi-Furnished,1,Good,3900000
1082.0,3,2,16,Metro City,Unfurnished,1,Excellent,4500000
1000.0,2,2,0,Metro City,Semi-Furnished,1,Good,4850000
1862.0,3,3,10,Metro City,Semi-Furnished,0,Good,12000000
1450.0,3,3,0,Metro City,Fully Furnished,2,Good,7500000
3758.0,4,4,0,Metro City,Fully Furnished,1,Good,45000000
1247.0,2,2,4,Tier-1 City,Fully Furnished,0,Good,4150000
1300.0,3,3,7,Metro City,Semi-Furnished,0,Good,14500000
4689.0,4,4,19,Metro City,Semi-Furnished,1,Excellent,48800000
1752.12,3,3,11,Metro City,Semi-Furnished,1,Good,13300000
3630.0,4,6,1,Metro City,Semi-Furnished,2,Poor,19600000
1080.0,2,2,3,Metro City,Fully Furnished,1,Good,3800000
1939.0,3,3,21,Metro City,Fully Furnished,1,Poor,9800000
1374.0,3,2,6,Metro City,Semi-Furnished,1,Poor,7200000
1550.0,7,7,1,Tier-1 City,Unfurnished,1,Good,10550000
950.0,2,2,3,Metro City,Semi-Furnished,2,Good,4700000
1350.0,3,3,6,Metro City,Semi-Furnished,1,Poor,5900000
1140.0,2,2,0,Tier-2 City,Semi-Furnished,2,Good,1100000
1230.0,3,2,14,Metro City,Semi-Furnished,1,Excellent,5350000
1550.0,3,3,2,Metro City,Fully Furnished,1,Poor,6350000
1397.0,3,3,2,Metro City,Unfurnished,1,Good,10500000
1210.0,2,2,10,Metro City,Fully Furnished,1,Poor,8300000
1516.0,3,3,5,Metro City,Semi-Furnished,1,Excellent,14700000
1100.0,3,3,3,Tier-2 City,Semi-Furnished,1,Good,1950000
1590.0,3,3,13,Metro City,Fully Furnished,0,Good,12000000
3800.0,4,3,20,Metro City,Semi-Furnished,0,Good,32500000
1360.0,3,2,16,Metro City,Unfurnished,2,Poor,5300000
1448.0,3,4,4,Metro City,Unfurnished,2,Good,11800000
1532.0,2,2,9,Metro City,Semi-Furnished,1,Good,6500000
1914.0,3,3,0,Metro City,Semi-Furnished,0,Excellent,14900000
1937.0,3,3,2,Tier-2 City,Unfurnished,1,Poor,5950000
1100.0,3,2,7,Metro City,Unfurnished,1,Good,7500000
1519.0,2,2,1,Metro City,Semi-Furnished,0,Excellent,6500000
1250.0,2,2,2,Metro City,Fully Furnished,0,Poor,6500000
1250.0,2,2,12,Metro City,Unfurnished,1,Good,6800000
1594.0,3,3,20,Metro City,Fully Furnished,2,Good,14000000
1100.0,2,2,5,Tier-1 City,Unfurnished,2,Good,3450000
1034.0,2,2,9,Metro City,Unfurnished,0,Good,3800000
1200.0,3,2,4,Rural Area,Semi-Furnished,2,Poor,1150000
1143.0,2,2,6,Metro City,Semi-Furnished,2,Good,6200000
1200.0,5,5,11,Metro City,Semi-Furnished,2,Excellent,19000000
1232.0,2,2,1,Metro City,Fully Furnished,2,Excellent,6600000
1265.0,3,2,8,Metro City,Semi-Furnished,1,Good,6500000
2000.0,3,3,0,Metro City,Semi-Furnished,1,Poor,8500000
1180.0,3,2,5,Metro City,Unfurnished,2,Poor,4500000
2400.0,3,2,8,Metro City,Fully Furnished,1,Excellent,30000000
1424.0,2,2,0,Tier-2 City,Unfurnished,1,Good,4050000
1500.0,3,3,9,Metro City,Semi-Furnished,2,Poor,15000000
1305.0,2,2,5,Metro City,Semi-Furnished,1,Good,7500000
950.0,2,2,22,Metro City,Semi-Furnished,0,Good,5000000
615.0,1,1,14,Metro City,Semi-Furnished,2,Good,4300000
1088.0,2,2,10,Metro City,Semi-Furnished,0,Excellent,4400000
2850.0,3,5,14,Rural Area,Semi-Furnished,2,Good,4400000
1188.0,3,2,6,Metro City,Fully Furnished,1,Good,3800000
1200.0,2,2,0,Metro City,Semi-Furnished,2,Good,12000000
458.0,1,1,11,Tier-1 City,Semi-Furnished,1,Excellent,2300000
1040.0,2,2,24,Metro City,Unfurnished,1,Good,4850000
497.0,2,1,4,Metro City,Unfurnished,1,Poor,2000000
1200.0,2,2,5,Metro City,Fully Furnished,3,Excellent,3800000
687.325,2,2,5,Metro City,Unfurnished,1,Poor,4250000
920.0,2,2,6,Metro City,Fully Furnished,2,Good,2700000
1178.0,2,2,15,Rural Area,Unfurnished,1,Good,1200000
1025.0,2,2,2,Metro City,Semi-Furnished,1,Good,4900000
1685.0,3,3,12,Metro City,Unfurnished,1,Excellent,10000000
1532.0,2,2,9,Tier-1 City,Semi-Furnished,1,Good,4550000
1320.0,2,2,1,Metro City,Semi-Furnished,2,Excellent,9950000
1030.0,2,2,6,Metro City,Fully Furnished,0,Good,5000000
955.0,2,2,11,Rural Area,Unfurnished,2,Poor,650000
2099.0,3,3,22,Metro City,Semi-Furnished,1,Poor,13400000
1765.0,3,3,5,Metro City,Fully Furnished,1,Good,8000000
1325.0,2,2,10,Metro City,Semi-Furnished,1,Excellent,7150000
1150.0,2,2,17,Metro City,Fully Furnished,0,Excellent,4400000
1435.0,3,3,1,Tier-2 City,Unfurnished,0,Good,2050000
1830.0,3,3,18,Metro City,Semi-Furnished,2,Good,9000000
1670.0,3,2,5,Metro City,Fully Furnished,1,Excellent,5700000
1105.0,2,2,21,Tier-1 City,Unfurnished,1,Good,3750000
1200.0,2,3,0,Tier-1 City,Unfurnished,0,Excellent,5500000
1566.0,3,3,0,Rural Area,Unfurnished,1,Excellent,850000
2850.0,4,5,11,Metro City,Semi-Furnished,1,Good,24000000
1130.0,2,2,19,Metro City,Fully Furnished,1,Good,4200000
1243.0,2,2,4,Metro City,Semi-Furnished,2,Good,4600000
1045.0,6,6,0,Metro City,Semi-Furnished,2,Good,16000000
1350.0,2,2,6,Metro City,Unfurnished,2,Poor,6500000
735.0,2,2,15,Metro City,Semi-Furnished,1,Excellent,5800000
1151.0,2,2,10,Metro City,Semi-Furnished,1,Good,4900000
1455.0,3,3,7,Metro City,Fully Furnished,3,Excellent,7350000
1351.0,3,2,23,Tier-1 City,Fully Furnished,1,Excellent,5050000
1071.0,2,2,6,Metro City,Fully Furnished,1,Good,5100000
1575.0,3,3,15,Metro City,Semi-Furnished,1,Good,9000000
1410.0,3,2,4,Tier-1 City,Semi-Furnished,1,Good,3900000
2500.0,4,3,8,Metro City,Semi-Furnished,2,Excellent,12000000
1880.0,3,3,21,Metro City,Semi-Furnished,1,Good,9450000
1027.0,2,2,5,Metro City,Semi-Furnished,1,Good,4400000
2880.0,3,3,10,Metro City,Fully Furnished,0,Good,56000000
1246.0,2,2,10,Metro City,Unfurnished,1,Good,6900000
1680.0,3,2,5,Metro City,Fully Furnished,1,Excellent,9200000
1599.0,3,3,12,Metro City,Fully Furnished,2,Good,9900000
1450.0,3,2,4,Tier-2 City,Unfurnished,1,Poor,2950000
1622.0,3,3,8,Metro City,Fully Furnished,2,Good,9500000
945.0,2,2,12,Metro City,Semi-Furnished,1,Excellent,3300000
1975.0,3,3,11,Tier-1 City,Fully Furnished,3,Poor,9100000
1200.0,2,3,20,Tier-2 City,Fully Furnished,2,Good,1750000
2321.0,3,4,6,Metro City,Unfurnished,2,Excellent,15700000
1540.0,3,3,22,Metro City,Semi-Furnished,0,Good,9000000
1140.0,2,2,17,Metro City,Unfurnished,1,Poor,7600000
1397.0,3,3,2,Tier-2 City,Unfurnished,3,Good,4850000
1234.0,2,2,19,Rural Area,Unfurnished,1,Good,1150000
1000.0,2,2,2,Tier-1 City,Semi-Furnished,0,Poor,2850000
1020.0,2,2,16,Rural Area,Semi-Furnished,1,Poor,500000
1381.0,3,2,10,Metro City,Semi-Furnished,0,Excellent,5250000
1385.0,3,2,16,Metro City,Unfurnished,1,Excellent,4850000
1346.0,2,2,1,Metro City,Unfurnished,2,Good,7400000
1682.0,3,3,2,Metro City,Semi-Furnished,2,Excellent,11300000
1192.0,2,2,1,Metro City,Semi-Furnished,1,Good,7400000
1390.0,2,2,18,Tier-2 City,Semi-Furnished,1,Excellent,2600000
2000.0,4,4,9,Metro City,Fully Furnished,1,Excellent,13900000
2000.0,5,5,24,Metro City,Semi-Furnished,2,Good,24000000
600.0,4,5,1,Tier-1 City,Semi-Furnished,1,Good,7350000
1691.0,3,3,9,Metro City,Fully Furnished,2,Poor,9800000
883.0,2,2,4,Metro City,Fully Furnished,1,Good,4000000
1366.0,2,3,2,Metro City,Semi-Furnished,2,Good,7700000
1076.0,2,2,18,Metro City,Semi-Furnished,1,Good,7800000
1460.0,3,2,16,Tier-2 City,Semi-Furnished,1,Good,3750000
1120.0,2,2,11,Metro City,Semi-Furnished,1,Good,4900000
1500.0,3,2,5,Metro City,Semi-Furnished,2,Good,7500000
1490.0,3,3,3,Tier-2 City,Unfurnished,0,Good,3550000
1295.0,2,2,1,Metro City,Unfurnished,1,Good,9500000
1100.0,2,2,0,Metro City,Semi-Furnished,0,Poor,3200000
1285.0,2,2,21,Metro City,Unfurnished,2,Good,4500000
1200.0,5,3,14,Metro City,Unfurnished,0,Excellent,7900000
600.0,1,1,16,Metro City,Unfurnished,1,Poor,9750000
1141.0,2,2,2,Tier-1 City,Unfurnished,2,Excellent,3050000
1047.0,2,2,12,Metro City,Unfurnished,2,Good,9100000
1139.0,2,2,8,Metro City,Semi-Furnished,2,Poor,7200000
9200.0,4,4,8,Metro City,Fully Furnished,0,Good,260000000
1357.0,2,2,13,Metro City,Semi-Furnished,1,Excellent,11500000
1027.0,2,1,13,Metro City,Unfurnished,0,Excellent,4400000
985.0,2,2,6,Metro City,Fully Furnished,0,Good,4050000
1500.0,2,2,15,Tier-1 City,Semi-Furnished,1,Good,5950000
1100.0,2,2,7,Tier-2 City,Unfurnished,1,Good,1850000
1175.0,2,2,6,Tier-1 City,Semi-Furnished,1,Good,3550000
1411.0,3,3,22,Metro City,Semi-Furnished,0,Excellent,9300000
510.0,1,1,10,Metro City,Semi-Furnished,0,Excellent,2200000
950.0,2,2,3,Metro City,Unfurnished,0,Good,5600000
1318.0,3,3,21,Metro City,Unfurnished,2,Poor,5400000
1340.0,3,3,11,Tier-2 City,Unfurnished,1,Good,3200000
1240.0,2,2,10,Metro City,Semi-Furnished,3,Good,4450000
1215.0,3,2,0,Metro City,Fully Furnished,1,Excellent,5000000
1495.0,3,2,17,Tier-1 City,Semi-Furnished,2,Good,4600000
1030.0,2,2,9,Tier-1 City,Semi-Furnished,2,Good,3650000
950.0,2,2,5,Metro City,Fully Furnished,1,Good,5700000
2400.0,1,2,10,Metro City,Unfurnished,0,Good,23000000
1505.0,3,3,19,Metro City,Semi-Furnished,1,Good,6400000
2119.0,4,4,17,Metro City,Semi-Furnished,1,Poor,11100000
1755.0,3,3,23,Tier-1 City,Semi-Furnished,1,Good,7250000
1150.0,2,2,15,Metro City,Unfurnished,1,Poor,6900000
840.0,1,1,9,Tier-2 City,Semi-Furnished,1,Good,7100000
1450.0,3,2,10,Metro City,Unfurnished,1,Good,8700000
1140.0,2,2,2,Metro City,Semi-Furnished,1,Good,5050000
1300.0,2,2,5,Metro City,Unfurnished,1,Good,7800000
1720.0,3,2,13,Metro City,Fully Furnished,1,Poor,12600000
1650.0,4,2,20,Tier-2 City,Semi-Furnished,1,Good,5600000
1200.0,3,3,1,Metro City,Fully Furnished,2,Excellent,13000000
1338.0,2,2,1,Metro City,Unfurnished,1,Good,10300000
1143.0,2,2,1,Metro City,Semi-Furnished,1,Good,3400000
1075.0,1,1,11,Metro City,Semi-Furnished,0,Good,1950000
1593.0,3,3,12,Metro City,Semi-Furnished,0,Excellent,11800000
1331.95,2,2,9,Metro City,Semi-Furnished,1,Excellent,6900000
1458.0,3,2,7,Metro City,Semi-Furnished,2,Excellent,6200000
1351.0,1,2,12,Metro City,Unfurnished,1,Excellent,5300000
900.0,2,2,21,Metro City,Semi-Furnished,0,Excellent,4500000
2439.0,4,5,16,Metro City,Fully Furnished,0,Good,17000000
3100.0,4,4,18,Metro City,Semi-Furnished,2,Good,57000000
1500.0,3,2,2,Metro City,Unfurnished,1,Good,6450000
1892.0,3,3,11,Tier-2 City,Fully Furnished,1,Good,8500000
2000.0,3,3,4,Metro City,Fully Furnished,1,Good,10000000
2400.0,5,3,2,Metro City,Fully Furnished,1,Good,8000000
1340.0,3,3,12,Metro City,Unfurnished,1,Good,5400000
1210.0,2,2,11,Tier-1 City,Fully Furnished,1,Good,3750000
1409.0,3,2,11,Metro City,Unfurnished,1,Good,6200000
1300.0,2,2,3,Metro City,Semi-Furnished,1,Good,9000000
1448.0,3,3,15,Metro City,Unfurnished,0,Good,7000000
1170.0,2,2,24,Metro City,Fully Furnished,0,Excellent,4700000
1160.0,2,2,15,Metro City,Unfurnished,2,Good,3650000
1265.0,2,2,5,Metro City,Semi-Furnished,2,Good,7800000
1230.0,2,2,2,Metro City,Unfurnished,2,Good,8000000
1200.0,9,9,9,Metro City,Semi-Furnished,1,Good,17500000
1400.0,3,2,0,Tier-2 City,Semi-Furnished,1,Good,1900000
1752.0,3,3,1,Metro City,Semi-Furnished,0,Excellent,14500000
1656.0,3,3,3,Metro City,Fully Furnished,3,Good,8000000
630.5,1,1,5,Tier-2 City,Unfurnished,0,Good,1550000
3000.0,6,6,12,Metro City,Unfurnished,0,Excellent,25000000
1200.0,3,2,6,Metro City,Fully Furnished,0,Good,6600000
1800.0,5,6,5,Tier-1 City,Unfurnished,1,Excellent,16150000
1485.0,3,3,2,Metro City,Semi-Furnished,1,Excellent,8500000
1250.0,3,3,4,Metro City,Unfurnished,1,Good,4400000
2215.0,3,4,11,Metro City,Unfurnished,1,Excellent,15700000
3200.0,4,3,25,Metro City,Semi-Furnished,1,Excellent,25000000
1150.0,2,2,13,Metro City,Semi-Furnished,2,Good,4500000
1200.0,3,3,0,Metro City,Unfurnished,2,Good,6700000
1070.0,2,2,12,Metro City,Semi-Furnished,3,Excellent,3900000
1676.0,3,3,20,Rural Area,Unfurnished,1,Excellent,1250000
1560.0,9,9,12,Metro City,Unfurnished,0,Good,20000000
1500.0,3,3,6,Metro City,Semi-Furnished,2,Excellent,8300000
1210.0,3,2,9,Metro City,Unfurnished,1,Poor,5800000
1230.0,4,4,9,Metro City,Fully Furnished,1,Good,8000000
2000.0,3,3,21,Metro City,Unfurnished,2,Good,9000000
1405.0,3,2,15,Tier-2 City,Unfurnished,2,Good,3300000
1418.0,2,2,16,Metro City,Unfurnished,3,Excellent,10600000
1600.0,4,4,1,Metro City,Semi-Furnished,1,Good,20000000
1090.0,2,2,19,Rural Area,Semi-Furnished,1,Excellent,500000
1730.0,3,3,1,Metro City,Semi-Furnished,1,Good,14000000
950.0,2,2,22,Metro City,Fully Furnished,0,Good,3900000
950.0,2,2,18,Metro City,Semi-Furnished,1,Good,4650000
1246.0,2,2,2,Metro City,Fully Furnished,0,Poor,6700000
1221.0,3,3,10,Metro City,Semi-Furnished,1,Poor,7500000
1200.0,4,4,7,Metro City,Fully Furnished,0,Good,17000000
1060.0,3,3,15,Metro City,Fully Furnished,1,Poor,6200000
1285.0,3,2,19,Rural Area,Unfurnished,1,Good,700000
1900.0,4,3,13,Metro City,Semi-Furnished,1,Good,9700000
1510.0,3,2,8,Rural Area,Semi-Furnished,3,Excellent,1100000
1020.0,2,2,17,Metro City,Unfurnished,1,Poor,4500000
1000.0,2,2,4,Metro City,Fully Furnished,1,Excellent,4500000
3250.0,4,4,1,Metro City,Semi-Furnished,0,Good,18000000
955.0,2,2,11,Metro City,Semi-Furnished,2,Poor,3550000
700.0,1,1,15,Metro City,Semi-Furnished,2,Poor,3500000
660.0,1,1,20,Metro City,Semi-Furnished,1,Good,4800000
1540.0,3,3,9,Metro City,Semi-Furnished,2,Excellent,6000000
1252.0,2,2,15,Metro City,Semi-Furnished,1,Good,6700000
680.0,2,2,19,Metro City,Semi-Furnished,1,Good,4200000
1037.0,2,2,18,Metro City,Fully Furnished,2,Good,3600000
960.0,1,2,12,Metro City,Fully Furnished,0,Poor,1800000
1400.0,2,2,7,Tier-1 City,Unfurnished,2,Poor,4150000
1140.0,2,2,10,Tier-1 City,Unfurnished,1,Good,2850000
1315.0,3,3,15,Metro City,Unfurnished,1,Good,6500000
1105.0,2,2,11,Metro City,Unfurnished,1,Excellent,5700000
2072.0,3,4,5,Metro City,Unfurnished,0,Excellent,14700000
2100.0,3,3,5,Metro City,Unfurnished,1,Good,14500000
1075.0,2,2,17,Metro City,Semi-Furnished,3,Excellent,4000000
5400.0,3,3,5,Metro City,Semi-Furnished,1,Good,40000000
1800.0,3,3,5,Tier-2 City,Semi-Furnished,0,Good,8900000
924.0,2,2,21,Metro City,Fully Furnished,2,Excellent,3500000
1200.0,5,4,9,Metro City,Unfurnished,1,Excellent,9900000
2280.0,3,3,4,Metro City,Semi-Furnished,1,Good,28500000
1020.0,2,2,3,Metro City,Unfurnished,3,Good,4500000
520.0,1,1,11,Metro City,Unfurnished,2,Poor,1400000
1752.12,3,3,5,Metro City,Fully Furnished,1,Excellent,13500000
1917.0,3,3,5,Tier-1 City,Semi-Furnished,1,Good,7300000
1225.0,2,2,6,Metro City,Fully Furnished,2,Good,4800000
1000.0,3,2,14,Metro City,Semi-Furnished,2,Poor,4800000
1890.0,3,4,1,Metro City,Fully Furnished,1,Good,12700000
999.0,2,2,0,Metro City,Semi-Furnished,1,Good,4350000
1350.0,3,2,9,Metro City,Semi-Furnished,3,Poor,4700000
1700.0,3,3,19,Metro City,Fully Furnished,2,Good,7100000
1242.0,2,2,11,Tier-2 City,Unfurnished,1,Excellent,1350000
1414.0,3,3,22,Tier-2 City,Unfurnished,3,Good,3050000
1200.0,8,8,1,Metro City,Unfurnished,1,Excellent,25000000
901.0,2,2,4,Tier-2 City,Semi-Furnished,2,Good,1450000
2400.0,4,3,1,Metro City,Unfurnished,2,Good,14000000
1700.0,3,3,0,Metro City,Fully Furnished,1,Good,8000000
2210.0,3,3,1,Metro City,Semi-Furnished,1,Good,15600000
600.0,2,1,15,Metro City,Fully Furnished,2,Poor,2200000
1578.0,3,3,11,Metro City,Semi-Furnished,0,Good,18000000
1200.0,2,2,6,Metro City,Fully Furnished,3,Poor,7500000
1310.0,2,2,9,Metro City,Semi-Furnished,1,Excellent,6200000
1240.0,2,2,1,Metro City,Unfurnished,1,Good,6000000
1850.0,3,3,1,Metro City,Unfurnished,2,Good,8800000
1600.0,3,3,17,Metro City,Semi-Furnished,1,Good,17000000
1150.0,2,2,17,Metro City,Semi-Furnished,1,Good,7500000
924.0,2,2,15,Metro City,Semi-Furnished,1,Good,7600000
820.0,2,2,17,Metro City,Semi-Furnished,0,Good,3000000
1410.0,3,2,2,Metro City,Unfurnished,1,Excellent,5200000
8321.0,4,5,25,Tier-2 City,Unfurnished,1,Good,80600000
675.0,4,3,21,Metro City,Unfurnished,1,Excellent,5900000
1050.0,2,2,7,Metro City,Semi-Furnished,1,Excellent,3300000
1242.0,2,2,1,Metro City,Fully Furnished,1,Good,7800000
1518.0,3,3,10,Metro City,Semi-Furnished,0,Good,8000000
2990.0,4,4,1,Metro City,Semi-Furnished,1,Good,22500000
2600.0,3,3,13,Metro City,Semi-Furnished,1,Excellent,37500000
3600.0,4,4,20,Tier-1 City,Unfurnished,1,Good,22500000
1475.0,3,3,14,Tier-1 City,Unfurnished,2,Good,4950000
1180.0,2,2,9,Tier-2 City,Unfurnished,1,Good,1100000
1344.0,4,3,9,Metro City,Fully Furnished,1,Excellent,13000000
2400.0,3,4,15,Metro City,Unfurnished,2,Good,24500000
1225.0,2,2,4,Metro City,Fully Furnished,2,Good,5350000
1200.0,2,2,20,Metro City,Semi-Furnished,1,Good,6800000
1277.0,2,2,1,Metro City,Unfurnished,1,Excellent,9200000
2700.0,6,4,4,Metro City,Semi-Furnished,1,Good,21400000
1206.0,2,2,9,Metro City,Unfurnished,1,Good,7500000
450.0,1,1,1,Metro City,Semi-Furnished,1,Good,2000000
1720.0,3,3,6,Metro City,Semi-Furnished,1,Good,10000000
1249.0,3,3,2,Metro City,Fully Furnished,1,Excellent,4450000
2150.0,3,3,12,Rural Area,Unfurnished,1,Good,2300000
1270.0,3,2,4,Tier-2 City,Unfurnished,0,Excellent,1550000
1350.0,6,6,21,Metro City,Unfurnished,1,Good,16000000
1460.0,3,2,4,Metro City,Semi-Furnished,1,Good,5850000
1200.0,2,2,20,Metro City,Semi-Furnished,2,Good,4950000
1500.0,4,2,14,Metro City,Fully Furnished,1,Good,8700000
984.0,2,2,4,Metro City,Unfurnished,1,Good,4600000
2100.0,3,4,0,Metro City,Semi-Furnished,1,Good,25500000
665.0,1,1,11,Metro City,Fully Furnished,2,Good,5100000
1765.0,3,3,8,Metro City,Fully Furnished,2,Good,11800000
2003.0,3,3,8,Tier-1 City,Semi-Furnished,1,Good,12100000
1828.0,3,3,10,Rural Area,Unfurnished,1,Good,2000000
1145.0,2,2,7,Tier-1 City,Semi-Furnished,2,Excellent,5250000
1500.0,3,3,8,Rural Area,Unfurnished,0,Good,550000
870.0,2,2,0,Metro City,Unfurnished,0,Excellent,6500000
1050.0,2,2,2,Metro City,Semi-Furnished,1,Excellent,4300000
1300.0,2,2,5,Metro City,Unfurnished,2,Good,3300000
1161.0,2,2,15,Rural Area,Semi-Furnished,1,Good,750000
1500.0,3,2,4,Tier-2 City,Unfurnished,1,Excellent,2800000
1525.0,3,2,21,Metro City,Semi-Furnished,1,Good,6800000
1186.0,2,2,0,Metro City,Unfurnished,1,Good,7200000
2648.0,3,3,13,Metro City,Unfurnished,0,Excellent,23800000
400.0,1,1,13,Metro City,Fully Furnished,1,Poor,1000000
1235.0,2,2,1,Metro City,Semi-Furnished,1,Good,9000000
1200.0,3,3,20,Tier-2 City,Semi-Furnished,1,Excellent,2550000
1075.0,2,2,20,Rural Area,Semi-Furnished,0,Good,650000
1500.0,2,2,0,Metro City,Semi-Furnished,1,Good,13000000
1530.0,3,3,14,Tier-1 City,Semi-Furnished,3,Excellent,4600000
1020.0,2,2,16,Metro City,Semi-Furnished,1,Poor,5200000
1070.0,2,2,22,Metro City,Semi-Furnished,1,Good,4800000
715.0,3,2,1,Tier-1 City,Unfurnished,0,Excellent,2200000
1127.0,2,2,5,Metro City,Semi-Furnished,2,Excellent,6800000
1085.0,2,2,4,Rural Area,Unfurnished,2,Good,500000
1245.0,2,2,4,Tier-2 City,Semi-Furnished,2,Excellent,2450000
697.0,1,1,9,Metro City,Semi-Furnished,1,Good,4500000
1783.0,3,3,8,Tier-1 City,Unfurnished,1,Good,9050000
1200.0,2,2,9,Metro City,Unfurnished,1,Good,16000000
1010.0,2,2,7,Tier-1 City,Fully Furnished,0,Excellent,3200000
1220.0,2,2,7,Tier-2 City,Unfurnished,2,Good,1750000
933.0,2,2,19,Tier-1 City,Unfurnished,1,Good,4000000
1695.0,3,3,2,Metro City,Fully Furnished,0,Good,15000000
1344.0,3,2,2,Metro City,Fully Furnished,1,Excellent,5600000
2206.0,3,4,18,Metro City,Fully Furnished,3,Good,18000000
2172.0,3,3,9,Tier-2 City,Unfurnished,2,Excellent,3850000
1450.0,3,2,7,Metro City,Semi-Furnished,0,Good,6500000
1200.0,4,5,2,Rural Area,Fully Furnished,0,Good,2800000
1200.0,2,2,18,Tier-1 City,Fully Furnished,0,Excellent,3000000
1452.0,3,3,3,Tier-1 City,Semi-Furnished,2,Excellent,5500000
1362.0,3,3,6,Tier-1 City,Semi-Furnished,1,Good,3800000
1200.0,2,2,0,Metro City,Semi-Furnished,2,Good,7100000
1280.0,3,2,0,Tier-1 City,Fully Furnished,2,Excellent,3200000
1360.0,3,2,5,Metro City,Semi-Furnished,2,Good,7000000
1200.0,9,10,10,Metro City,Fully Furnished,1,Good,18000000
1174.0,2,2,8,Tier-1 City,Semi-Furnished,3,Excellent,5050000
1400.0,3,2,19,Tier-1 City,Semi-Furnished,2,Excellent,3550000
956.0,2,2,19,Metro City,Semi-Furnished,3,Good,4900000
955.0,2,2,7,Metro City,Unfurnished,1,Poor,5350000
2250.0,3,3,20,Metro City,Fully Furnished,1,Good,16000000
1810.0,3,3,9,Metro City,Fully Furnished,0,Excellent,10000000
1200.0,2,2,10,Metro City,Fully Furnished,0,Good,5400000
1350.0,3,2,6,Rural Area,Unfurnished,0,Excellent,1200000
2400.0,3,3,7,Metro City,Unfurnished,0,Good,8800000
1168.0,2,2,16,Tier-2 City,Fully Furnished,2,Excellent,2750000
1370.0,3,2,3,Metro City,Semi-Furnished,0,Good,5500000
1157.0,2,2,10,Tier-1 City,Unfurnished,1,Good,2600000
1385.0,3,2,1,Metro City,Semi-Furnished,1,Poor,3450000
1201.0,2,2,5,Metro City,Unfurnished,1,Poor,2700000
1700.0,3,3,8,Metro City,Fully Furnished,1,Good,8000000
1069.0,3,2,25,Metro City,Semi-Furnished,0,Good,3800000
1550.0,2,2,15,Rural Area,Semi-Furnished,2,Good,950000
1636.0,3,3,3,Metro City,Unfurnished,1,Excellent,9200000
1770.0,3,3,23,Metro City,Unfurnished,2,Good,10800000
5665.84,5,7,5,Metro City,Semi-Furnished,2,Excellent,98800000
1200.0,3,2,0,Tier-1 City,Semi-Furnished,3,Good,4400000
1886.0,3,3,7,Tier-2 City,Semi-Furnished,1,Good,6450000
1360.0,3,2,4,Metro City,Unfurnished,1,Good,5950000
1599.0,3,3,23,Metro City,Unfurnished,1,Good,12500000
1484.0,3,2,9,Tier-2 City,Unfurnished,1,Excellent,2000000
458.0,1,1,11,Tier-1 City,Semi-Furnished,1,Excellent,2200000
800.0,4,4,0,Tier-2 City,Unfurnished,2,Good,2150000
1061.0,2,2,1,Metro City,Semi-Furnished,2,Excellent,3400000
1020.0,2,2,0,Metro City,Fully Furnished,1,Good,2950000
600.0,1,1,3,Metro City,Semi-Furnished,1,Good,4500000
645.0,1,1,2,Metro City,Fully Furnished,1,Excellent,3900000
458.0,1,1,15,Rural Area,Fully Furnished,2,Good,500000
665.0,1,1,3,Metro City,Unfurnished,1,Good,3200000
410.0,1,1,5,Metro City,Semi-Furnished,1,Good,4800000
1076.0,2,2,9,Metro City,Unfurnished,2,Excellent,5200000
782.0,1,1,1,Metro City,Semi-Furnished,0,Good,1950000
698.5,1,1,18,Tier-1 City,Semi-Furnished,0,Good,1850000
1000.0,6,4,9,Metro City,Semi-Furnished,0,Excellent,15000000
1630.0,3,3,10,Metro City,Unfurnished,1,Excellent,5150000
1207.0,2,2,1,Metro City,Unfurnished,3,Excellent,6300000
525.0,1,1,15,Metro City,Semi-Furnished,1,Excellent,2600000
1175.0,2,2,0,Metro City,Semi-Furnished,2,Good,6200000
1330.0,2,2,9,Metro City,Fully Furnished,1,Good,9350000
1047.0,2,2,9,Metro City,Semi-Furnished,1,Good,8250000
2400.0,4,4,7,Metro City,Semi-Furnished,0,Excellent,64000000
1200.0,2,2,2,Tier-1 City,Fully Furnished,0,Excellent,3400000
1173.0,2,2,4,Metro City,Semi-Furnished,3,Poor,7800000
1500.0,3,2,14,Metro City,Unfurnished,2,Good,20000000
600.0,3,4,1,Metro City,Unfurnished,2,Good,8100000
2400.0,6,7,16,Metro City,Semi-Furnished,1,Excellent,11000000
7400.0,4,5,6,Tier-1 City,Fully Furnished,1,Poor,134100000
3259.0,3,3,15,Metro City,Unfurnished,0,Excellent,27000000
1140.0,2,2,22,Metro City,Unfurnished,2,Good,4850000
1693.0,3,3,9,Metro City,Semi-Furnished,1,Poor,10800000
1200.0,1,1,20,Metro City,Unfurnished,0,Poor,2000000
1567.0,2,2,10,Tier-2 City,Semi-Furnished,3,Good,2800000
1009.0,2,2,13,Metro City,Semi-Furnished,0,Good,6500000
1550.0,3,3,4,Metro City,Semi-Furnished,2,Excellent,5250000
1309.0,2,2,5,Tier-1 City,Semi-Furnished,1,Good,6250000
2400.0,6,6,7,Metro City,Semi-Furnished,0,Excellent,13000000
1000.0,2,2,12,Metro City,Unfurnished,1,Good,5500000
4200.0,4,4,2,Metro City,Semi-Furnished,2,Good,80000000
1340.0,2,2,9,Metro City,Unfurnished,0,Good,10100000
1025.0,2,2,17,Metro City,Semi-Furnished,1,Excellent,4800000
1200.0,2,2,4,Tier-2 City,Unfurnished,1,Good,2450000
2280.0,4,4,12,Metro City,Fully Furnished,1,Excellent,61500000
770.0,2,1,0,Tier-1 City,Unfurnished,0,Good,2850000
1450.0,2,2,25,Metro City,Semi-Furnished,1,Poor,6250000
1112.0,2,2,24,Metro City,Semi-Furnished,1,Excellent,4000000
1081.0,2,2,22,Rural Area,Unfurnished,2,Good,850000
1282.0,3,3,17,Tier-1 City,Unfurnished,3,Good,12600000
1093.0,2,2,6,Metro City,Fully Furnished,1,Good,3700000
1190.0,2,2,20,Metro City,Unfurnished,2,Good,5900000
1220.0,3,3,13,Metro City,Semi-Furnished,0,Good,5600000
1464.0,3,3,13,Metro City,Fully Furnished,1,Good,4600000
1832.0,3,3,7,Rural Area,Semi-Furnished,0,Good,1850000
1500.0,8,8,6,Rural Area,Unfurnished,0,Good,1850000
766.0,2,2,14,Metro City,Semi-Furnished,0,Good,2800000
1550.0,3,3,18,Rural Area,Unfurnished,1,Good,1350000
5000.0,4,5,13,Metro City,Semi-Furnished,1,Good,60000000
2172.0,3,3,9,Metro City,Semi-Furnished,2,Excellent,10000000
1275.0,3,2,0,Tier-1 City,Semi-Furnished,1,Good,4250000
1173.0,2,2,6,Metro City,Semi-Furnished,1,Good,6000000
1303.0,2,2,0,Metro City,Fully Furnished,1,Good,5600000
905.0,2,2,16,Metro City,Unfurnished,1,Excellent,6500000
700.0,1,1,8,Metro City,Fully Furnished,0,Good,3800000
1200.0,2,2,2,Metro City,Semi-Furnished,0,Good,4950000
2830.0,4,5,17,Metro City,Semi-Furnished,0,Excellent,16000000
1450.0,3,3,6,Metro City,Semi-Furnished,1,Good,7500000
750.0,1,1,0,Metro City,Fully Furnished,2,Poor,5600000
595.0,1,1,6,Metro City,Fully Furnished,1,Good,4200000
680.0,2,3,22,Metro City,Semi-Furnished,1,Poor,6000000
450.0,1,1,13,Metro City,Semi-Furnished,0,Excellent,1500000
1130.0,2,2,6,Metro City,Unfurnished,1,Excellent,6000000
1200.0,5,5,20,Tier-1 City,Unfurnished,2,Good,5450000
1785.0,3,3,8,Metro City,Fully Furnished,2,Good,7500000
500.0,1,2,3,Metro City,Semi-Furnished,2,Excellent,1400000
1505.0,3,2,19,Metro City,Semi-Furnished,1,Good,4200000
4500.0,9,9,0,Metro City,Semi-Furnished,0,Poor,16600000
1711.0,3,3,9,Metro City,Semi-Furnished,0,Poor,7500000
2200.0,3,4,7,Metro City,Semi-Furnished,1,Excellent,16000000
1092.0,3,2,0,Metro City,Semi-Furnished,1,Good,9850000
1404.0,3,2,2,Metro City,Semi-Furnished,1,Good,5600000
1200.0,2,2,17,Metro City,Semi-Furnished,1,Poor,6000000
1500.0,3,3,10,Tier-1 City,Semi-Furnished,2,Excellent,4300000
1350.0,2,2,9,Tier-1 City,Semi-Furnished,2,Good,3550000
980.0,2,2,14,Metro City,Semi-Furnished,0,Good,3500000
1200.0,2,2,10,Rural Area,Unfurnished,3,Excellent,700000
3150.0,4,4,6,Tier-1 City,Semi-Furnished,1,Good,31300000
1172.0,2,2,6,Tier-1 City,Fully Furnished,1,Good,5000000
1350.0,3,2,9,Metro City,Fully Furnished,1,Good,14000000
1252.0,3,3,4,Metro City,Semi-Furnished,1,Excellent,7000000
1200.0,4,3,12,Metro City,Fully Furnished,1,Excellent,18000000
2400.0,4,4,1,Tier-2 City,Semi-Furnished,0,Good,13900000
3400.0,4,4,10,Metro City,Fully Furnished,0,Excellent,27500000
1150.0,2,2,4,Metro City,Semi-Furnished,1,Good,5800000
1283.0,2,2,10,Metro City,Unfurnished,1,Good,6300000
1400.0,2,2,7,Metro City,Unfurnished,2,Poor,6500000
1605.0,3,3,0,Metro City,Semi-Furnished,1,Excellent,5000000
940.0,2,2,25,Metro City,Semi-Furnished,1,Excellent,3500000
1310.0,3,2,11,Metro City,Unfurnished,2,Excellent,3800000
1451.0,2,2,13,Tier-2 City,Unfurnished,2,Good,3450000
1717.0,3,3,11,Metro City,Unfurnished,2,Good,20000000
660.0,1,1,2,Metro City,Fully Furnished,2,Excellent,6200000
1200.0,3,3,0,Metro City,Fully Furnished,1,Good,9900000
1200.0,4,4,5,Metro City,Semi-Furnished,1,Good,8000000
1200.0,3,3,21,Metro City,Semi-Furnished,1,Good,19000000
829.0,2,2,1,Tier-2 City,Semi-Furnished,1,Good,800000
1145.0,2,2,6,Rural Area,Unfurnished,2,Excellent,550000
1183.0,2,2,4,Tier-2 City,Unfurnished,1,Excellent,2450000
527.0,1,1,15,Tier-1 City,Semi-Furnished,1,Good,2000000
1669.0,3,3,20,Metro City,Unfurnished,1,Good,29800000
602.0,1,1,3,Tier-2 City,Semi-Furnished,2,Excellent,1200000
1050.0,2,2,7,Metro City,Semi-Furnished,0,Excellent,16200000
1741.0,3,3,17,Tier-2 City,Semi-Furnished,1,Excellent,2750000
1495.0,3,2,23,Metro City,Semi-Furnished,1,Good,5250000
1108.0,2,2,11,Tier-1 City,Fully Furnished,1,Good,5000000
1190.0,3,2,0,Tier-2 City,Unfurnished,1,Excellent,1300000
1247.0,2,2,0,Metro City,Fully Furnished,0,Good,6000000
1400.0,3,2,0,Metro City,Semi-Furnished,2,Excellent,4200000
1305.0,2,2,0,Tier-1 City,Unfurnished,1,Good,7700000
1305.0,3,2,8,Metro City,Semi-Furnished,2,Good,4900000
1749.0,3,3,4,Metro City,Unfurnished,1,Excellent,11700000
1200.0,3,4,15,Metro City,Unfurnished,1,Good,18000000
1693.0,3,3,23,Metro City,Fully Furnished,0,Good,12500000
1608.0,2,2,12,Metro City,Fully Furnished,2,Good,8500000
1200.0,8,8,5,Metro City,Semi-Furnished,1,Good,22500000
2080.0,4,4,3,Metro City,Fully Furnished,1,Good,44000000
900.0,3,2,14,Metro City,Unfurnished,1,Good,4200000
1115.0,2,2,3,Metro City,Unfurnished,1,Excellent,5000000
750.0,2,1,9,Tier-1 City,Semi-Furnished,1,Excellent,1550000
1919.0,3,3,1,Metro City,Semi-Furnished,1,Good,30000000
3300.0,5,3,12,Metro City,Fully Furnished,1,Excellent,25000000
1175.0,2,2,12,Metro City,Semi-Furnished,2,Good,4100000
1787.0,3,3,6,Metro City,Semi-Furnished,1,Excellent,12300000
1200.0,1,1,14,Metro City,Unfurnished,1,Excellent,4800000
1230.0,2,2,14,Metro City,Semi-Furnished,1,Good,7000000
1400.0,3,2,3,Tier-2 City,Semi-Furnished,1,Excellent,1700000
600.0,4,3,7,Metro City,Unfurnished,1,Good,8200000
600.0,2,1,0,Tier-2 City,Semi-Furnished,2,Poor,750000
1800.0,4,4,19,Metro City,Fully Furnished,2,Good,30000000
1180.0,2,2,5,Metro City,Fully Furnished,1,Poor,7000000
1500.0,6,6,17,Metro City,Semi-Furnished,2,Excellent,30000000
1163.0,2,2,2,Metro City,Unfurnished,1,Good,6500000
1198.0,2,2,10,Metro City,Fully Furnished,2,Good,6000000
1430.0,3,3,5,Metro City,Unfurnished,0,Good,8500000
1194.0,2,2,8,Metro City,Semi-Furnished,1,Good,4700000
1350.0,4,4,15,Metro City,Semi-Furnished,1,Good,22500000
1540.0,3,2,14,Metro City,Fully Furnished,0,Good,7000000
1523.0,3,3,16,Metro City,Semi-Furnished,1,Excellent,17000000
1331.0,2,2,2,Metro City,Semi-Furnished,1,Poor,10700000
1200.0,2,2,14,Rural Area,Fully Furnished,1,Excellent,750000
2169.0,3,4,0,Metro City,Fully Furnished,1,Good,11500000
1559.0,3,3,13,Metro City,Fully Furnished,1,Good,12700000
1425.0,3,3,15,Metro City,Fully Furnished,1,Good,5700000
1090.0,2,2,6,Metro City,Fully Furnished,1,Good,3700000
2790.0,4,5,10,Rural Area,Unfurnished,1,Good,2400000
1050.0,2,2,21,Metro City,Fully Furnished,2,Excellent,3500000
950.0,5,5,2,Metro City,Semi-Furnished,0,Good,9000000
2257.0,3,3,4,Metro City,Semi-Furnished,2,Excellent,15900000
2557.0,4,4,3,Metro City,Fully Furnished,1,Good,17000000
1275.0,2,2,20,Metro City,Fully Furnished,2,Good,6500000
2894.0,4,4,9,Metro City,Unfurnished,3,Excellent,24500000
1185.0,2,2,6,Tier-2 City,Fully Furnished,1,Excellent,2200000
3250.0,4,4,6,Metro City,Semi-Furnished,0,Good,23000000
1045.0,2,2,7,Metro City,Semi-Furnished,2,Excellent,7700000
1200.0,2,3,20,Metro City,Semi-Furnished,1,Good,4600000
750.0,4,2,3,Metro City,Fully Furnished,1,Good,11000000
1190.0,2,2,5,Metro City,Semi-Furnished,1,Good,7500000
1797.0,3,4,22,Tier-1 City,Unfurnished,1,Good,7600000
4800.0,4,3,1,Metro City,Semi-Furnished,1,Good,30200000
1025.0,2,2,20,Metro City,Fully Furnished,1,Poor,4550000
1628.0,2,2,5,Metro City,Semi-Furnished,1,Good,6800000
1750.0,3,3,4,Metro City,Semi-Furnished,1,Good,13000000
1200.0,2,2,17,Metro City,Fully Furnished,3,Good,7500000
602.0,1,2,1,Metro City,Unfurnished,2,Good,3000000
1250.0,3,3,4,Metro City,Unfurnished,2,Good,7100000
1300.0,2,2,4,Metro City,Semi-Furnished,1,Excellent,7500000
1630.0,3,3,9,Metro City,Unfurnished,0,Excellent,13100000
2000.0,4,3,0,Metro City,Semi-Furnished,0,Good,2500000
975.0,2,2,2,Metro City,Semi-Furnished,1,Good,5000000
1315.0,2,2,25,Tier-1 City,Semi-Furnished,2,Good,3250000
1564.0,3,2,5,Metro City,Semi-Furnished,0,Good,9200000
1800.0,4,4,7,Metro City,Semi-Furnished,0,Good,14500000
2000.0,4,3,3,Metro City,Unfurnished,1,Good,9500000
1411.0,3,3,17,Metro City,Semi-Furnished,1,Poor,9300000
1350.0,2,2,24,Metro City,Semi-Furnished,2,Good,8500000
890.0,2,2,14,Metro City,Semi-Furnished,1,Good,4500000
3500.0,6,6,17,Metro City,Fully Furnished,1,Poor,11500000
1825.0,3,3,1,Metro City,Semi-Furnished,1,Good,14500000
1197.0,2,2,12,Metro City,Unfurnished,1,Excellent,5700000
1036.0,2,2,7,Metro City,Unfurnished,1,Good,11000000
1170.0,2,2,6,Metro City,Fully Furnished,1,Good,8500000
1255.0,3,2,1,Metro City,Semi-Furnished,0,Poor,5000000
1400.0,3,2,1,Metro City,Unfurnished,3,Good,4800000
1225.0,2,2,0,Metro City,Semi-Furnished,1,Good,6750000
2270.0,3,3,12,Metro City,Semi-Furnished,1,Good,18000000
600.0,1,1,20,Tier-1 City,Semi-Furnished,1,Good,2850000
1410.0,2,3,3,Metro City,Fully Furnished,3,Excellent,9200000
2293.0,3,3,21,Tier-1 City,Fully Furnished,1,Poor,5000000
1027.0,2,2,8,Metro City,Semi-Furnished,3,Good,4300000
600.0,2,4,19,Metro City,Semi-Furnished,2,Good,7000000
953.0,2,2,15,Metro City,Unfurnished,2,Good,9000000
900.0,2,2,11,Tier-1 City,Fully Furnished,2,Good,4350000
996.0,2,2,12,Metro City,Unfurnished,2,Good,2500000
1435.0,3,3,5,Metro City,Unfurnished,1,Good,4500000
1760.0,3,3,5,Metro City,Semi-Furnished,2,Good,14500000
1000.0,1,1,12,Rural Area,Fully Furnished,2,Good,950000
1200.0,2,3,7,Metro City,Fully Furnished,1,Good,7800000
3400.0,4,3,19,Metro City,Unfurnished,2,Poor,21000000
1128.0,2,2,1,Tier-1 City,Unfurnished,1,Good,3500000
1355.0,2,2,13,Metro City,Semi-Furnished,1,Good,7500000
600.0,2,4,23,Tier-2 City,Unfurnished,0,Poor,3600000
1250.0,3,3,0,Metro City,Semi-Furnished,1,Excellent,6500000
1036.0,2,2,10,Metro City,Unfurnished,1,Poor,3950000
1880.0,4,4,11,Metro City,Semi-Furnished,1,Good,15400000
1309.0,2,2,14,Metro City,Semi-Furnished,0,Poor,8200000
3815.0,3,3,6,Tier-2 City,Unfurnished,0,Good,33200000
2100.0,3,3,2,Tier-2 City,Semi-Furnished,2,Good,11800000
1465.0,2,2,4,Metro City,Fully Furnished,0,Poor,6000000
925.0,2,2,21,Metro City,Semi-Furnished,1,Excellent,4800000
3900.0,4,4,24,Metro City,Semi-Furnished,1,Good,41000000
1200.0,2,2,1,Metro City,Semi-Furnished,2,Good,5200000
1447.0,2,2,8,Metro City,Fully Furnished,1,Good,7600000
1205.0,2,2,0,Metro City,Fully Furnished,3,Good,6400000
1400.0,2,2,16,Tier-2 City,Unfurnished,2,Excellent,2950000
1200.0,3,3,2,Tier-2 City,Semi-Furnished,1,Good,6650000
1592.0,3,3,15,Metro City,Fully Furnished,0,Good,9100000
1148.0,2,2,15,Rural Area,Unfurnished,1,Excellent,700000
1200.0,7,6,3,Metro City,Semi-Furnished,1,Good,19500000
1090.0,2,2,14,Metro City,Fully Furnished,1,Good,3150000
1105.0,2,2,6,Metro City,Semi-Furnished,1,Good,4000000
1050.0,2,2,14,Metro City,Semi-Furnished,1,Good,5000000
1050.0,2,2,0,Metro City,Semi-Furnished,2,Good,6350000
1246.0,2,2,5,Tier-2 City,Semi-Furnished,2,Good,2850000
1460.0,3,2,21,Metro City,Unfurnished,1,Excellent,9000000
1500.0,3,2,1,Metro City,Semi-Furnished,1,Good,12000000
2072.0,3,4,4,Metro City,Semi-Furnished,2,Excellent,13900000
1235.0,2,2,21,Metro City,Unfurnished,1,Excellent,6000000
2526.0,3,2,13,Metro City,Semi-Furnished,2,Excellent,25000000
750.0,4,4,10,Tier-2 City,Unfurnished,2,Good,3150000
2500.0,5,5,8,Metro City,Semi-Furnished,0,Excellent,12500000
1400.0,7,7,13,Metro City,Semi-Furnished,1,Poor,21800000
2500.0,4,4,12,Metro City,Semi-Furnished,3,Excellent,15000000
1745.0,3,3,14,Metro City,Fully Furnished,1,Excellent,13000000
1541.0,3,3,12,Metro City,Semi-Furnished,0,Excellent,7200000
1735.0,3,3,0,Metro City,Unfurnished,1,Good,7000000
2150.0,4,4,4,Tier-1 City,Semi-Furnished,1,Excellent,5400000
610.0,3,3,5,Tier-2 City,Semi-Furnished,1,Good,1750000
1510.0,3,2,5,Metro City,Semi-Furnished,2,Excellent,5900000
600.0,4,3,15,Metro City,Unfurnished,0,Good,8400000
1357.0,3,2,16,Metro City,Semi-Furnished,1,Good,6500000
1220.0,3,3,2,Metro City,Fully Furnished,1,Good,5600000
1508.0,3,3,0,Tier-1 City,Fully Furnished,1,Excellent,4900000
1373.0,3,3,22,Metro City,Semi-Furnished,1,Good,7200000
1310.0,3,2,10,Tier-1 City,Semi-Furnished,2,Good,4500000
1424.0,2,2,8,Metro City,Semi-Furnished,2,Excellent,8000000
900.0,4,4,9,Metro City,Semi-Furnished,0,Good,17500000
1069.0,2,2,19,Tier-1 City,Semi-Furnished,2,Poor,3650000
1410.0,3,3,22,Metro City,Semi-Furnished,1,Good,6500000
1150.0,2,2,8,Tier-1 City,Semi-Furnished,0,Good,4000000
1191.0,2,2,1,Metro City,Unfurnished,2,Good,9000000
1200.0,6,6,7,Tier-1 City,Semi-Furnished,1,Good,14300000
1150.0,2,2,0,Metro City,Fully Furnished,0,Good,4200000
1145.0,2,2,12,Metro City,Semi-Furnished,0,Good,4100000
3630.0,4,6,21,Metro City,Unfurnished,1,Poor,19500000
3000.0,4,5,0,Metro City,Fully Furnished,1,Excellent,81500000
1008.0,2,2,6,Metro City,Unfurnished,0,Poor,5200000
1125.0,2,2,6,Metro City,Unfurnished,0,Poor,7500000
1350.0,4,4,7,Rural Area,Semi-Furnished,1,Excellent,3350000
1000.0,5,5,3,Metro City,Semi-Furnished,1,Good,13000000
700.0,1,1,8,Metro City,Semi-Furnished,0,Excellent,3100000
1250.0,3,3,2,Rural Area,Unfurnished,0,Good,500000
1304.0,2,2,10,Metro City,Unfurnished,1,Good,11100000
1250.0,2,2,22,Metro City,Unfurnished,1,Excellent,6700000
1400.0,3,2,1,Rural Area,Unfurnished,1,Poor,750000
750.0,4,4,7,Metro City,Unfurnished,2,Good,12500000
1146.0,2,2,6,Tier-2 City,Semi-Furnished,1,Poor,1600000
1164.0,2,2,13,Metro City,Semi-Furnished,1,Excellent,6400000
1525.0,3,2,9,Metro City,Semi-Furnished,1,Good,12200000
3600.0,5,5,18,Tier-1 City,Semi-Furnished,2,Excellent,7850000
1153.0,2,2,25,Tier-2 City,Unfurnished,2,Excellent,2100000
2100.0,3,3,3,Metro City,Semi-Furnished,2,Good,7500000
1618.0,3,3,20,Metro City,Unfurnished,0,Excellent,8250000
1515.0,3,3,4,Metro City,Unfurnished,2,Good,9400000
1200.0,7,5,15,Metro City,Fully Furnished,2,Good,8000000
1020.0,2,2,1,Metro City,Unfurnished,0,Good,5500000
1270.0,2,2,25,Metro City,Fully Furnished,1,Excellent,9800000
1280.0,2,2,3,Metro City,Semi-Furnished,2,Good,5600000
1050.0,2,2,14,Metro City,Semi-Furnished,1,Good,6000000
1200.0,5,4,16,Tier-1 City,Unfurnished,2,Excellent,11300000
1200.0,2,2,23,Tier-1 City,Semi-Furnished,2,Good,9050000
2400.0,3,3,5,Metro City,Unfurnished,1,Poor,18500000
2646.0,3,3,8,Metro City,Semi-Furnished,0,Good,9900000
1000.0,2,2,18,Tier-1 City,Semi-Furnished,1,Excellent,2300000
891.0,2,2,3,Metro City,Unfurnished,3,Good,2500000
1265.0,2,2,6,Metro City,Fully Furnished,0,Good,8200000
2031.0,2,2,20,Metro City,Unfurnished,2,Good,20000000
1085.0,2,2,22,Metro City,Semi-Furnished,1,Good,4650000
2000.0,4,4,7,Metro City,Fully Furnished,3,Good,32000000
1100.0,2,2,2,Metro City,Fully Furnished,1,Good,4100000
1135.0,2,2,10,Metro City,Fully Furnished,1,Good,5800000
1180.0,2,2,3,Metro City,Fully Furnished,1,Poor,5950000
1067.0,2,2,12,Metro City,Fully Furnished,1,Good,3800000
1280.0,2,2,14,Metro City,Fully Furnished,0,Excellent,7500000
1215.0,2,2,22,Metro City,Fully Furnished,2,Excellent,6800000
3126.0,4,5,14,Metro City,Fully Furnished,0,Good,34500000
1231.0,2,2,16,Metro City,Semi-Furnished,1,Good,6600000
1050.0,2,2,8,Metro City,Semi-Furnished,0,Good,4200000
2420.0,4,4,0,Rural Area,Unfurnished,1,Excellent,1700000
1650.0,3,2,12,Tier-1 City,Fully Furnished,0,Excellent,3950000
1590.0,3,3,22,Metro City,Unfurnished,1,Excellent,9600000
2400.0,3,2,8,Metro City,Fully Furnished,1,Good,48000000
810.0,2,2,4,Metro City,Unfurnished,2,Good,3450000
1463.0,3,2,4,Metro City,Unfurnished,2,Good,6150000
1660.0,3,2,13,Metro City,Semi-Furnished,1,Good,11600000
1146.0,2,2,8,Tier-1 City,Unfurnished,0,Poor,2500000
883.0,2,2,0,Metro City,Semi-Furnished,1,Good,3700000
1792.0,3,3,7,Metro City,Unfurnished,1,Excellent,10400000
1650.0,3,3,14,Metro City,Fully Furnished,1,Poor,11000000
1345.0,3,3,16,Metro City,Fully Furnished,1,Good,6000000
1056.0,2,1,3,Metro City,Unfurnished,0,Excellent,25000000
3000.0,3,3,5,Metro City,Unfurnished,1,Good,45000000
1626.0,3,2,15,Metro City,Fully Furnished,1,Excellent,12000000
2302.5,4,4,7,Metro City,Unfurnished,1,Excellent,8050000
1280.0,2,2,4,Metro City,Unfurnished,1,Good,7600000
1200.0,2,2,6,Metro City,Unfurnished,1,Good,6600000
877.0,2,2,9,Metro City,Unfurnished,1,Good,4200000
1000.0,2,2,4,Metro City,Unfurnished,1,Poor,2200000
2100.0,3,3,2,Tier-2 City,Unfurnished,2,Good,10550000
1200.0,4,4,0,Metro City,Semi-Furnished,2,Good,15000000
1066.0,2,2,4,Metro City,Unfurnished,1,Excellent,5200000
1470.0,3,2,7,Metro City,Semi-Furnished,1,Excellent,7500000
1200.0,3,3,5,Metro City,Fully Furnished,3,Good,7800000
660.0,2,1,25,Metro City,Fully Furnished,0,Excellent,1800000
1891.0,3,3,23,Metro City,Semi-Furnished,1,Good,11000000
1100.0,2,2,11,Tier-1 City,Fully Furnished,0,Good,3050000
1200.0,6,5,25,Metro City,Fully Furnished,1,Excellent,15000000
715.0,1,1,10,Metro City,Semi-Furnished,2,Good,4500000
1200.0,2,2,12,Metro City,Fully Furnished,1,Good,6500000
3884.0,4,4,7,Tier-2 City,Semi-Furnished,2,Excellent,7950000
1200.0,5,5,1,Metro City,Fully Furnished,1,Good,13000000
995.0,2,2,6,Metro City,Semi-Furnished,0,Excellent,4100000
1225.0,2,2,0,Metro City,Semi-Furnished,0,Good,4700000
1243.0,2,2,2,Metro City,Unfurnished,1,Excellent,4600000
2440.0,4,2,5,Metro City,Semi-Furnished,2,Poor,41500000
1550.0,3,3,18,Metro City,Fully Furnished,1,Good,7800000
1890.0,3,3,6,Metro City,Fully Furnished,1,Poor,10800000
1936.0,3,2,21,Rural Area,Unfurnished,0,Excellent,550000
1423.0,3,2,5,Metro City,Unfurnished,0,Poor,7150000
875.0,3,3,3,Tier-1 City,Fully Furnished,2,Good,8650000
1500.0,2,2,21,Metro City,Fully Furnished,1,Excellent,9000000
795.0,2,2,2,Metro City,Unfurnished,2,Excellent,3200000
2162.0,3,3,5,Rural Area,Semi-Furnished,1,Good,2200000
1020.0,2,2,23,Metro City,Unfurnished,1,Good,2750000
1100.0,2,2,10,Metro City,Fully Furnished,1,Good,6000000
1200.0,1,1,16,Metro City,Semi-Furnished,1,Good,15000000
1800.0,4,5,2,Metro City,Unfurnished,0,Good,50000000
1753.0,3,3,19,Tier-1 City,Unfurnished,1,Good,7900000
1190.0,2,2,2,Tier-1 City,Semi-Furnished,2,Good,4250000
1140.0,2,2,15,Metro City,Semi-Furnished,1,Excellent,5050000
1308.0,2,2,7,Metro City,Fully Furnished,1,Good,7500000
1115.0,2,2,20,Metro City,Semi-Furnished,3,Good,4000000
2000.0,3,3,3,Metro City,Unfurnished,1,Good,10500000
1991.0,3,3,4,Metro City,Unfurnished,0,Excellent,10400000
1200.0,5,4,3,Metro City,Semi-Furnished,1,Good,24000000
915.0,4,4,15,Metro City,Unfurnished,2,Excellent,5500000
1138.0,3,3,6,Metro City,Semi-Furnished,2,Good,12800000
1165.0,2,2,14,Metro City,Semi-Furnished,2,Excellent,4050000
850.0,2,2,1,Rural Area,Fully Furnished,1,Poor,500000
1255.0,2,2,2,Tier-2 City,Semi-Furnished,0,Good,2200000
1200.0,3,3,3,Metro City,Fully Furnished,1,Good,5600000
1350.0,3,2,14,Metro City,Fully Furnished,1,Excellent,6300000
1000.0,6,6,2,Metro City,Unfurnished,1,Good,27500000
1565.0,3,3,3,Metro City,Unfurnished,0,Excellent,7800000
1173.0,2,2,4,Metro City,Unfurnished,2,Excellent,7800000
1950.0,3,4,15,Metro City,Semi-Furnished,2,Good,12000000
1665.0,3,3,19,Tier-1 City,Unfurnished,1,Poor,6900000
700.0,2,2,1,Metro City,Semi-Furnished,1,Poor,2900000
1000.0,2,2,18,Rural Area,Semi-Furnished,1,Excellent,700000
1200.0,4,4,7,Metro City,Fully Furnished,2,Good,9000000
1194.0,2,2,3,Metro City,Semi-Furnished,0,Good,4600000
1300.0,2,2,16,Metro City,Semi-Furnished,1,Good,6000000
1656.0,3,3,17,Metro City,Unfurnished,1,Good,9000000
1180.0,2,2,3,Metro City,Semi-Furnished,0,Excellent,3650000
1170.0,2,2,16,Metro City,Semi-Furnished,2,Poor,5200000
1452.0,3,2,8,Metro City,Semi-Furnished,1,Good,4650000
1670.0,3,3,15,Metro City,Unfurnished,0,Good,9900000
4920.0,4,5,23,Metro City,Semi-Furnished,2,Good,115000000
1347.0,3,2,7,Metro City,Semi-Furnished,1,Good,3750000
860.0,2,1,7,Metro City,Semi-Furnished,0,Good,4300000
1000.0,2,2,10,Metro City,Semi-Furnished,0,Poor,5000000
882.0,4,3,6,Metro City,Fully Furnished,1,Excellent,7200000
1204.0,2,2,4,Metro City,Semi-Furnished,2,Excellent,4500000
1920.0,3,3,1,Metro City,Semi-Furnished,1,Good,11500000
4000.0,4,5,4,Metro City,Unfurnished,0,Good,15000000
1702.0,3,3,2,Metro City,Semi-Furnished,2,Excellent,13000000
1468.0,2,3,0,Metro City,Semi-Furnished,1,Excellent,13000000
800.0,2,1,2,Tier-1 City,Fully Furnished,2,Good,14150000
1075.0,3,2,20,Metro City,Semi-Furnished,1,Good,4300000
1500.0,3,3,13,Metro City,Semi-Furnished,0,Excellent,10000000
1220.0,3,2,12,Rural Area,Semi-Furnished,1,Good,500000
600.0,2,3,15,Metro City,Semi-Furnished,1,Good,7200000
1000.0,2,2,10,Tier-2 City,Unfurnished,2,Excellent,1800000
2100.0,3,3,15,Metro City,Fully Furnished,0,Good,12500000
1178.0,2,2,10,Metro City,Fully Furnished,2,Excellent,7800000
900.0,2,2,1,Metro City,Semi-Furnished,1,Good,5500000
600.0,3,3,19,Metro City,Semi-Furnished,1,Good,9000000
2489.0,3,3,3,Metro City,Semi-Furnished,1,Good,9400000
1868.0,3,3,11,Metro City,Semi-Furnished,2,Poor,13500000
982.0,2,2,8,Metro City,Semi-Furnished,1,Good,2450000
1040.0,2,2,13,Metro City,Fully Furnished,1,Good,7800000
1200.0,4,3,18,Metro City,Unfurnished,2,Good,14800000
1200.0,6,6,0,Metro City,Fully Furnished,1,Excellent,18000000
1065.0,2,2,23,Metro City,Semi-Furnished,2,Excellent,4500000
500.0,1,1,20,Metro City,Unfurnished,2,Good,2000000
2400.0,3,3,9,Rural Area,Unfurnished,2,Good,5500000
1185.0,2,2,18,Metro City,Semi-Furnished,1,Good,5600000
1170.0,2,2,0,Metro City,Unfurnished,1,Poor,6250000
1230.0,2,2,14,Metro City,Fully Furnished,1,Good,6600000
1925.0,3,2,12,Metro City,Unfurnished,2,Good,11400000
1500.0,3,2,2,Metro City,Semi-Furnished,0,Good,5500000
1000.0,2,2,17,Metro City,Unfurnished,2,Poor,3500000
1650.0,3,3,3,Metro City,Semi-Furnished,2,Good,6000000
2950.0,4,4,1,Metro City,Semi-Furnished,1,Excellent,25300000
930.0,6,6,14,Metro City,Unfurnished,1,Good,15000000
1480.0,3,3,0,Metro City,Unfurnished,2,Good,7400000
1650.0,7,9,14,Metro City,Unfurnished,2,Poor,34500000
1220.0,2,2,6,Metro City,Semi-Furnished,1,Good,5900000
3000.0,4,4,4,Metro City,Semi-Furnished,0,Poor,14000000
1210.0,2,2,10,Tier-1 City,Semi-Furnished,0,Excellent,3400000
1613.0,3,3,7,Metro City,Semi-Furnished,1,Good,7200000
1200.0,2,2,6,Metro City,Fully Furnished,1,Good,6000000
1205.0,2,2,22,Metro City,Unfurnished,3,Excellent,5650000
1700.0,3,3,10,Metro City,Fully Furnished,1,Poor,12000000
2500.0,5,5,12,Metro City,Fully Furnished,1,Good,13000000
2086.0,3,3,7,Metro City,Semi-Furnished,0,Good,16000000
1180.0,3,2,14,Metro City,Fully Furnished,1,Excellent,4600000
1232.0,2,2,1,Metro City,Semi-Furnished,1,Excellent,4500000
2214.0,3,3,22,Rural Area,Semi-Furnished,2,Good,5950000
3400.0,4,6,8,Metro City,Semi-Furnished,0,Excellent,42000000
890.0,2,2,15,Metro City,Semi-Furnished,0,Good,3700000
1560.0,3,3,2,Metro City,Semi-Furnished,0,Good,8500000
1300.0,3,2,10,Tier-1 City,Semi-Furnished,1,Poor,3200000
1000.0,2,2,8,Metro City,Unfurnished,1,Good,4450000
1300.0,2,2,20,Metro City,Semi-Furnished,3,Excellent,3200000
1900.0,3,3,20,Metro City,Unfurnished,1,Good,16000000
1650.0,3,3,3,Tier-2 City,Unfurnished,2,Good,4550000
2200.0,4,3,3,Metro City,Fully Furnished,1,Excellent,22500000
1180.0,3,2,25,Metro City,Unfurnished,0,Good,4500000
1800.0,3,3,16,Metro City,Fully Furnished,0,Excellent,9000000
1590.0,3,2,7,Metro City,Fully Furnished,1,Good,5400000
1760.0,3,3,5,Tier-2 City,Semi-Furnished,1,Good,4800000
1350.0,4,4,23,Metro City,Semi-Furnished,2,Excellent,31000000
1243.0,2,2,1,Tier-1 City,Fully Furnished,0,Good,3300000
1243.0,2,2,1,Metro City,Fully Furnished,0,Good,4600000
1040.0,2,2,5,Metro City,Unfurnished,0,Poor,4700000
745.0,1,1,7,Metro City,Unfurnished,1,Good,3450000
1178.0,2,2,1,Metro City,Unfurnished,1,Excellent,4700000
1160.0,2,2,0,Metro City,Fully Furnished,1,Good,4400000
1876.0,3,3,2,Tier-1 City,Semi-Furnished,1,Excellent,9750000
3595.0,4,6,16,Metro City,Semi-Furnished,2,Good,36000000
995.0,2,2,6,Tier-1 City,Semi-Furnished,0,Excellent,2850000
1333.0,2,2,13,Metro City,Fully Furnished,1,Good,7750000
1100.0,2,2,20,Tier-1 City,Fully Furnished,2,Good,4450000
985.0,2,2,15,Metro City,Fully Furnished,1,Good,6250000
1200.0,3,3,10,Metro City,Fully Furnished,0,Excellent,5600000
814.0,2,2,4,Metro City,Unfurnished,0,Poor,4200000
3366.0,4,4,3,Metro City,Fully Furnished,3,Poor,12000000
1660.0,3,2,18,Metro City,Fully Furnished,2,Good,10500000
1490.0,3,2,6,Metro City,Semi-Furnished,2,Good,30000000
630.0,1,1,11,Tier-2 City,Fully Furnished,1,Good,2050000
1260.0,2,2,1,Metro City,Fully Furnished,1,Poor,7500000
1200.0,6,6,15,Metro City,Unfurnished,2,Excellent,16000000
1680.0,6,4,6,Metro City,Fully Furnished,2,Excellent,25000000
1639.0,3,3,14,Tier-1 City,Fully Furnished,2,Good,6150000
2300.0,3,3,7,Tier-2 City,Semi-Furnished,0,Poor,5700000
700.0,2,1,20,Metro City,Semi-Furnished,1,Poor,1900000
1300.0,2,2,3,Rural Area,Unfurnished,1,Good,850000
2550.0,9,9,1,Metro City,Semi-Furnished,1,Good,36000000
1200.0,2,2,3,Tier-2 City,Unfurnished,0,Good,2050000
1200.0,3,2,17,Metro City,Unfurnished,3,Good,6600000
4111.0,4,4,20,Metro City,Semi-Furnished,1,Good,31000000
1489.0,3,3,8,Metro City,Fully Furnished,0,Good,8800000
1012.0,2,2,4,Metro City,Fully Furnished,1,Good,6650000
1277.0,2,2,16,Metro City,Unfurnished,1,Excellent,5500000
2610.0,3,3,1,Tier-2 City,Fully Furnished,1,Excellent,17600000
1420.0,2,2,0,Metro City,Semi-Furnished,1,Good,9950000
1200.0,2,2,22,Metro City,Semi-Furnished,1,Excellent,7500000
1300.0,3,3,0,Metro City,Fully Furnished,1,Excellent,17000000
1125.0,2,2,4,Metro City,Unfurnished,0,Good,4600000
1510.0,3,2,8,Metro City,Unfurnished,3,Excellent,7500000
1080.0,2,2,6,Metro City,Fully Furnished,1,Good,4600000
919.0,2,2,9,Metro City,Semi-Furnished,1,Excellent,3500000
945.0,2,2,22,Tier-2 City,Semi-Furnished,1,Good,1750000
3230.0,4,5,3,Metro City,Semi-Furnished,1,Good,16500000
1326.0,2,2,4,Metro City,Fully Furnished,0,Good,5700000
1800.0,3,3,3,Metro City,Unfurnished,0,Excellent,9000000
1000.0,2,2,1,Metro City,Semi-Furnished,0,Good,4100000
1890.0,3,4,12,Metro City,Unfurnished,0,Good,12500000
3855.0,4,4,4,Metro City,Fully Furnished,0,Good,22000000
1500.0,3,2,6,Tier-1 City,Semi-Furnished,1,Poor,4900000
1550.0,3,2,6,Tier-2 City,Unfurnished,1,Good,2850000
1167.0,2,2,9,Metro City,Semi-Furnished,1,Excellent,3750000
3100.0,7,7,20,Tier-2 City,Semi-Furnished,1,Good,5900000
1798.0,3,3,12,Tier-1 City,Semi-Furnished,1,Poor,6750000
1200.0,4,2,20,Metro City,Unfurnished,0,Poor,13000000
1156.0,2,2,3,Metro City,Semi-Furnished,2,Excellent,4200000
1200.0,4,4,0,Rural Area,Semi-Furnished,1,Excellent,4550000
1600.0,2,2,5,Rural Area,Semi-Furnished,2,Excellent,1100000
1225.0,2,2,2,Metro City,Semi-Furnished,1,Good,4500000
1250.0,3,3,8,Metro City,Fully Furnished,2,Good,3900000
1405.0,3,3,5,Metro City,Unfurnished,0,Good,4900000
1200.0,3,2,2,Metro City,Semi-Furnished,2,Excellent,6600000
1350.0,4,4,5,Metro City,Semi-Furnished,2,Poor,16000000
600.0,4,3,9,Metro City,Semi-Furnished,2,Good,10000000
550.0,1,1,12,Rural Area,Semi-Furnished,0,Excellent,500000
1065.0,2,2,10,Metro City,Fully Furnished,3,Excellent,3100000
1100.0,2,1,3,Metro City,Semi-Furnished,2,Excellent,1500000
600.0,3,3,3,Metro City,Semi-Furnished,1,Good,5400000
1349.0,2,2,3,Tier-1 City,Semi-Furnished,1,Excellent,5250000
950.0,2,2,16,Metro City,Semi-Furnished,1,Excellent,6000000
1270.0,3,2,12,Metro City,Fully Furnished,0,Good,3550000
1200.0,7,6,17,Metro City,Semi-Furnished,0,Good,11500000
1541.0,2,2,15,Metro City,Fully Furnished,0,Poor,18100000
1300.0,3,2,7,Tier-1 City,Semi-Furnished,1,Good,4400000
602.0,1,1,8,Metro City,Semi-Furnished,1,Good,2600000
900.0,2,2,0,Metro City,Semi-Furnished,3,Excellent,4900000
1659.0,3,3,11,Tier-2 City,Semi-Furnished,2,Good,5650000
1185.0,2,2,18,Tier-1 City,Semi-Furnished,1,Good,3000000
1180.0,2,2,1,Metro City,Fully Furnished,0,Good,8000000
1515.0,3,3,22,Tier-1 City,Semi-Furnished,0,Poor,3850000
1100.0,2,2,0,Metro City,Fully Furnished,0,Good,3800000
1127.0,2,2,20,Metro City,Semi-Furnished,2,Excellent,5000000
825.0,2,2,3,Metro City,Fully Furnished,1,Excellent,3500000
645.0,1,1,2,Metro City,Semi-Furnished,1,Good,4100000
4050.0,5,4,13,Metro City,Unfurnished,1,Excellent,60000000
2895.5,4,4,16,Metro City,Semi-Furnished,1,Good,24600000
2900.0,5,5,2,Metro City,Unfurnished,1,Good,9000000
600.0,8,9,12,Metro City,Semi-Furnished,2,Good,20000000
1200.0,2,2,21,Metro City,Semi-Furnished,2,Good,8500000
649.5,1,1,16,Metro City,Unfurnished,0,Good,1750000
1200.0,5,5,4,Rural Area,Semi-Furnished,1,Good,3550000
1123.0,2,2,9,Metro City,Fully Furnished,1,Excellent,6400000
3900.0,4,5,2,Metro City,Semi-Furnished,2,Excellent,55000000
755.0,2,1,16,Metro City,Fully Furnished,2,Excellent,3400000
1102.0,2,2,2,Metro City,Semi-Furnished,1,Good,5350000
850.0,2,1,19,Metro City,Semi-Furnished,1,Excellent,3950000
2200.0,3,4,9,Metro City,Unfurnished,3,Excellent,35000000
1200.0,4,4,13,Metro City,Semi-Furnished,2,Excellent,7500000
1216.0,2,2,0,Metro City,Semi-Furnished,2,Excellent,7500000
1650.0,3,3,19,Metro City,Semi-Furnished,3,Good,7500000
1691.0,3,3,9,Tier-1 City,Semi-Furnished,0,Good,8900000
1250.0,2,2,4,Metro City,Semi-Furnished,1,Good,5500000
1455.0,2,2,15,Metro City,Semi-Furnished,1,Excellent,14500000
1023.0,2,2,21,Metro City,Semi-Furnished,1,Excellent,4200000
1280.0,2,2,10,Tier-1 City,Semi-Furnished,1,Good,4150000
1295.0,2,2,15,Tier-1 City,Semi-Furnished,2,Good,3900000
1025.0,2,2,21,Rural Area,Unfurnished,0,Good,500000
1150.0,2,2,6,Metro City,Semi-Furnished,1,Excellent,9000000
1804.0,3,3,4,Tier-1 City,Unfurnished,2,Poor,6800000
1140.0,2,2,6,Metro City,Semi-Furnished,1,Good,3850000
1075.0,3,2,1,Rural Area,Unfurnished,2,Good,500000
416.0,1,1,5,Metro City,Semi-Furnished,0,Good,1700000
2000.0,3,3,15,Rural Area,Unfurnished,1,Good,1000000
583.0,1,1,14,Metro City,Fully Furnished,2,Good,2850000
965.0,2,2,3,Metro City,Unfurnished,1,Good,4500000
1510.0,3,3,20,Metro City,Unfurnished,0,Good,7800000
1205.0,2,2,13,Metro City,Fully Furnished,1,Good,4600000
1200.0,3,2,16,Metro City,Fully Furnished,0,Good,10000000
3295.0,3,3,23,Metro City,Unfurnished,2,Good,31000000
1719.0,3,3,7,Metro City,Semi-Furnished,2,Good,11000000
1600.0,3,2,0,Metro City,Semi-Furnished,1,Poor,8800000
1756.0,3,3,6,Metro City,Unfurnished,1,Poor,6650000
1335.0,2,2,3,Tier-2 City,Semi-Furnished,1,Poor,5050000
1424.0,3,2,18,Metro City,Semi-Furnished,0,Excellent,5500000
1206.0,2,2,14,Metro City,Unfurnished,0,Good,21700000
1645.0,3,3,0,Metro City,Unfurnished,1,Good,8700000
2675.0,4,4,13,Tier-2 City,Semi-Furnished,2,Good,10900000
1760.0,3,2,4,Metro City,Semi-Furnished,1,Poor,13000000
2775.0,4,3,2,Metro City,Fully Furnished,1,Good,16500000
4408.0,4,4,1,Metro City,Semi-Furnished,1,Poor,34400000
1724.0,3,3,1,Metro City,Fully Furnished,0,Good,12500000
2500.0,3,3,5,Metro City,Fully Furnished,0,Excellent,31300000
1847.0,3,3,6,Tier-2 City,Unfurnished,2,Good,4350000
1212.0,2,3,1,Metro City,Semi-Furnished,0,Good,4200000
1245.0,2,2,13,Metro City,Semi-Furnished,2,Good,10000000
1153.0,2,2,14,Metro City,Unfurnished,0,Good,5700000
1490.0,3,3,10,Metro City,Fully Furnished,1,Excellent,8400000
1590.0,3,3,21,Metro City,Fully Furnished,2,Good,7600000
2500.0,3,3,13,Metro City,Semi-Furnished,1,Good,19000000
1418.0,2,2,8,Metro City,Semi-Furnished,0,Excellent,10500000
1441.0,3,2,0,Metro City,Semi-Furnished,0,Poor,9500000
1920.0,4,4,9,Metro City,Unfurnished,1,Good,20000000
1290.0,2,2,17,Metro City,Semi-Furnished,2,Good,5200000
1804.0,3,3,8,Metro City,Semi-Furnished,3,Good,12700000
1185.0,2,2,2,Metro City,Semi-Furnished,1,Good,4900000
1205.0,2,2,13,Metro City,Unfurnished,2,Good,8500000
2246.0,3,3,18,Metro City,Semi-Furnished,2,Good,30000000
1490.0,2,2,2,Metro City,Semi-Furnished,1,Excellent,15000000
1115.0,2,2,5,Metro City,Semi-Furnished,2,Excellent,4600000
1180.0,2,2,12,Metro City,Semi-Furnished,2,Good,6900000
1655.0,3,2,1,Metro City,Semi-Furnished,0,Excellent,7050000
1220.0,3,2,6,Metro City,Unfurnished,2,Excellent,3500000
2000.0,4,2,13,Tier-1 City,Unfurnished,1,Good,11500000
2230.0,4,4,11,Metro City,Fully Furnished,2,Good,22500000
1216.0,2,2,1,Metro City,Semi-Furnished,1,Good,8400000
1210.0,2,2,9,Tier-1 City,Unfurnished,1,Excellent,4600000
1200.0,2,2,14,Metro City,Unfurnished,1,Excellent,6000000
770.0,2,1,11,Metro City,Unfurnished,1,Excellent,3800000
3004.0,3,4,10,Metro City,Fully Furnished,1,Excellent,15800000
900.0,2,2,10,Metro City,Semi-Furnished,0,Good,11000000
560.0,1,1,17,Metro City,Semi-Furnished,1,Good,4500000
1150.0,2,2,7,Tier-1 City,Fully Furnished,1,Excellent,5650000
1203.0,2,2,6,Metro City,Semi-Furnished,3,Poor,6000000
1200.0,4,4,19,Metro City,Unfurnished,1,Good,13500000
645.0,1,1,21,Metro City,Unfurnished,0,Excellent,1650000
2195.0,3,3,5,Metro City,Semi-Furnished,1,Good,15200000
1900.0,3,2,3,Metro City,Semi-Furnished,2,Excellent,9200000
1265.0,2,2,12,Metro City,Unfurnished,3,Good,6700000
1375.0,2,2,14,Tier-1 City,Semi-Furnished,0,Excellent,4550000
1158.0,2,2,2,Metro City,Unfurnished,2,Good,5500000
1600.0,3,3,9,Metro City,Semi-Furnished,1,Poor,7500000
1345.0,2,2,6,Metro City,Semi-Furnished,2,Excellent,10600000
5422.0,4,6,7,Metro City,Fully Furnished,0,Good,190000000
920.0,2,2,2,Tier-1 City,Fully Furnished,0,Good,3150000
1200.0,2,3,0,Metro City,Unfurnished,0,Excellent,7000000
1050.0,2,2,0,Metro City,Fully Furnished,2,Good,4100000
1008.0,2,2,1,Metro City,Semi-Furnished,0,Poor,4500000
1196.0,2,2,4,Metro City,Semi-Furnished,2,Excellent,4050000
1310.0,4,3,2,Metro City,Semi-Furnished,2,Good,9500000
1200.0,2,2,11,Metro City,Semi-Furnished,2,Excellent,4500000
1527.0,3,3,14,Metro City,Unfurnished,1,Good,11500000
600.0,2,2,10,Tier-1 City,Fully Furnished,1,Poor,2200000
1900.0,3,3,0,Metro City,Semi-Furnished,2,Good,12300000
1350.0,3,1,23,Metro City,Unfurnished,2,Good,12000000
1184.0,2,2,7,Metro City,Semi-Furnished,1,Good,6200000
1200.0,4,4,2,Metro City,Unfurnished,0,Excellent,10000000
1970.0,3,3,16,Metro City,Semi-Furnished,1,Good,16400000
900.0,2,2,7,Metro City,Fully Furnished,1,Good,5500000
800.0,2,2,3,Metro City,Semi-Furnished,2,Excellent,5500000
630.0,1,1,6,Metro City,Unfurnished,2,Good,3500000
1060.0,2,2,0,Metro City,Semi-Furnished,0,Good,4000000
1255.0,3,2,5,Metro City,Unfurnished,1,Excellent,5000000
1020.0,2,2,4,Metro City,Semi-Furnished,0,Good,4800000
1065.0,2,2,1,Metro City,Fully Furnished,0,Poor,2850000
812.0,1,1,8,Metro City,Semi-Furnished,1,Good,2600000
1310.0,3,2,10,Metro City,Semi-Furnished,2,Good,7000000
1050.0,2,2,12,Metro City,Semi-Furnished,1,Excellent,4500000
1374.0,3,3,3,Metro City,Unfurnished,1,Good,5100000
750.0,1,1,22,Metro City,Semi-Furnished,1,Good,4700000
600.0,2,4,19,Tier-1 City,Semi-Furnished,2,Good,5450000
1489.0,2,2,5,Metro City,Fully Furnished,0,Good,10100000
750.0,2,2,7,Metro City,Unfurnished,2,Excellent,5250000
1682.0,3,3,10,Metro City,Unfurnished,2,Good,12000000
1776.0,3,2,1,Metro City,Fully Furnished,2,Good,7500000
1571.0,3,3,1,Tier-1 City,Semi-Furnished,2,Good,6800000
2200.0,3,4,25,Metro City,Semi-Furnished,2,Excellent,15000000
1200.0,2,2,18,Metro City,Unfurnished,1,Good,4500000
1140.0,2,2,0,Metro City,Unfurnished,0,Good,3300000
3500.0,4,5,18,Metro City,Fully Furnished,1,Good,45000000
1220.0,2,2,2,Metro City,Semi-Furnished,2,Good,4400000
1065.0,2,2,15,Metro City,Fully Furnished,0,Good,4050000
1030.0,2,2,25,Metro City,Unfurnished,1,Good,4400000
793.0,2,2,1,Metro City,Unfurnished,1,Poor,4500000
1210.0,2,2,15,Metro City,Semi-Furnished,1,Excellent,7800000
3785.0,4,6,12,Metro City,Semi-Furnished,1,Poor,28000000
1081.0,2,2,12,Tier-2 City,Semi-Furnished,1,Poor,1400000
600.0,4,2,0,Metro City,Semi-Furnished,1,Good,8500000
972.0,2,2,7,Rural Area,Fully Furnished,1,Poor,650000
1165.0,2,2,18,Metro City,Fully Furnished,1,Good,3350000
2214.0,3,3,19,Tier-1 City,Unfurnished,2,Good,26850000
1311.0,3,2,8,Tier-2 City,Unfurnished,0,Good,3000000
650.0,1,1,4,Metro City,Semi-Furnished,1,Excellent,50000000
1650.0,3,3,3,Metro City,Unfurnished,3,Poor,8500000
2700.0,7,4,16,Metro City,Fully Furnished,1,Poor,16000000
1315.0,2,2,14,Tier-1 City,Semi-Furnished,1,Excellent,3450000
2150.0,4,4,12,Metro City,Unfurnished,1,Good,9000000
658.0,1,1,3,Metro City,Unfurnished,1,Good,2700000
1475.0,3,3,15,Metro City,Unfurnished,2,Good,9800000
708.0,1,1,5,Tier-1 City,Semi-Furnished,1,Excellent,1750000
975.0,2,2,22,Metro City,Unfurnished,0,Good,2850000
1200.0,8,8,19,Metro City,Unfurnished,1,Good,15000000
1200.0,2,2,18,Metro City,Fully Furnished,2,Good,4600000
1300.0,2,2,15,Metro City,Fully Furnished,0,Good,11000000
1160.0,2,2,9,Metro City,Fully Furnished,1,Excellent,3350000
3100.0,4,4,16,Metro City,Semi-Furnished,1,Good,31000000
1120.0,2,2,7,Metro City,Unfurnished,0,Good,6000000
1800.0,3,3,6,Metro City,Semi-Furnished,0,Good,8800000
3500.0,8,6,6,Metro City,Semi-Furnished,1,Good,12000000
1346.0,2,2,13,Metro City,Semi-Furnished,2,Excellent,6750000
1415.0,3,2,13,Metro City,Semi-Furnished,0,Good,5500000
866.28,2,2,6,Metro City,Semi-Furnished,1,Good,3650000
2200.0,3,3,23,Metro City,Semi-Furnished,1,Good,18700000
1314.0,2,2,9,Metro City,Semi-Furnished,0,Good,6000000
1372.0,3,2,0,Tier-1 City,Semi-Furnished,0,Excellent,2800000
1041.0,2,2,3,Metro City,Fully Furnished,1,Excellent,4050000
1125.0,2,2,23,Metro City,Semi-Furnished,1,Poor,3600000
680.0,2,1,5,Metro City,Unfurnished,1,Good,8000000
1830.0,3,4,8,Metro City,Unfurnished,1,Good,8200000
1414.0,2,2,3,Rural Area,Fully Furnished,1,Good,1250000
540.0,1,1,16,Metro City,Fully Furnished,1,Good,2200000
2400.0,3,2,9,Metro City,Unfurnished,1,Excellent,12500000
1800.0,2,1,6,Metro City,Unfurnished,1,Excellent,8000000
1100.0,3,3,22,Tier-1 City,Unfurnished,3,Good,6850000
1800.0,3,3,15,Tier-2 City,Semi-Furnished,1,Good,4300000
1243.0,2,2,10,Tier-1 City,Unfurnished,2,Good,2850000
1259.0,2,2,14,Metro City,Semi-Furnished,2,Good,6750000
1340.0,2,2,17,Metro City,Unfurnished,1,Excellent,7500000
900.0,2,2,19,Metro City,Unfurnished,1,Good,4000000
500.0,3,2,16,Metro City,Unfurnished,1,Excellent,7500000
2200.0,3,4,1,Metro City,Semi-Furnished,1,Excellent,10500000
705.0,1,1,9,Tier-1 City,Semi-Furnished,0,Good,3450000
1021.0,2,2,6,Metro City,Unfurnished,3,Poor,4800000
1075.0,3,2,4,Metro City,Fully Furnished,2,Good,4700000
1027.0,2,2,8,Metro City,Unfurnished,2,Excellent,4200000
1351.0,2,2,16,Metro City,Semi-Furnished,2,Excellent,7700000
1444.0,2,2,3,Tier-2 City,Semi-Furnished,1,Good,3150000
1234.0,2,2,6,Metro City,Unfurnished,2,Good,6100000
883.0,2,2,8,Metro City,Semi-Furnished,1,Poor,4900000
1559.0,3,3,2,Metro City,Semi-Furnished,0,Excellent,6300000
3500.0,4,5,8,Metro City,Semi-Furnished,1,Good,80000000
1397.0,3,3,4,Metro City,Fully Furnished,3,Excellent,11000000
800.0,1,1,7,Metro City,Unfurnished,0,Good,10000000
1050.0,2,2,7,Metro City,Semi-Furnished,1,Excellent,3400000
1510.0,3,3,19,Metro City,Unfurnished,0,Poor,7500000
1224.0,2,2,16,Metro City,Semi-Furnished,1,Excellent,7000000
640.0,2,1,10,Metro City,Fully Furnished,0,Good,1050000
2062.0,4,3,20,Metro City,Semi-Furnished,2,Good,14000000
1070.0,2,2,4,Tier-2 City,Unfurnished,0,Excellent,2050000
1426.0,3,2,6,Metro City,Semi-Furnished,0,Excellent,6150000
1800.0,3,3,1,Metro City,Fully Furnished,2,Excellent,8500000
3520.0,5,6,10,Metro City,Fully Furnished,2,Good,46000000
1810.0,4,3,1,Metro City,Unfurnished,1,Excellent,5700000
2400.0,3,3,6,Tier-1 City,Semi-Furnished,0,Excellent,14150000
1415.0,2,2,11,Tier-1 City,Fully Furnished,0,Good,5250000
1200.0,2,2,8,Tier-2 City,Fully Furnished,1,Good,2200000
1080.0,2,2,3,Metro City,Semi-Furnished,2,Excellent,4100000
1583.0,3,3,7,Metro City,Semi-Furnished,0,Good,9500000
580.0,1,1,22,Metro City,Semi-Furnished,1,Good,4500000
600.0,4,3,3,Metro City,Semi-Furnished,0,Good,9700000
1411.0,3,3,23,Tier-2 City,Semi-Furnished,1,Good,3150000
1300.0,3,3,7,Metro City,Fully Furnished,1,Good,6900000
850.0,2,2,13,Metro City,Unfurnished,1,Good,3400000
4000.0,5,5,13,Metro City,Semi-Furnished,2,Poor,42500000
1500.0,4,3,3,Metro City,Semi-Furnished,1,Good,23000000
1096.0,2,2,10,Metro City,Fully Furnished,1,Good,3900000
1700.0,3,3,5,Metro City,Fully Furnished,1,Good,20000000
1636.0,3,3,15,Metro City,Semi-Furnished,1,Good,9700000
1200.0,3,2,21,Metro City,Semi-Furnished,1,Excellent,3400000
900.0,3,4,16,Metro City,Semi-Furnished,0,Excellent,18000000
990.0,2,2,7,Metro City,Fully Furnished,2,Excellent,3750000
720.0,4,4,19,Tier-1 City,Semi-Furnished,1,Good,7400000
1464.0,3,3,16,Tier-1 City,Semi-Furnished,1,Excellent,3300000
1450.0,3,3,5,Tier-1 City,Fully Furnished,2,Good,2850000
1307.0,2,2,14,Metro City,Unfurnished,0,Good,5150000
1140.0,2,2,2,Metro City,Semi-Furnished,2,Excellent,3850000
1702.0,3,3,10,Tier-2 City,Unfurnished,2,Poor,3300000
1580.0,3,3,9,Tier-1 City,Unfurnished,2,Excellent,7600000
1685.0,3,3,0,Metro City,Semi-Furnished,0,Excellent,9500000
1175.0,2,2,20,Rural Area,Unfurnished,2,Poor,850000
1020.0,2,2,8,Metro City,Fully Furnished,1,Good,5200000
1680.0,3,3,10,Metro City,Fully Furnished,2,Good,12600000
1180.0,2,2,15,Metro City,Semi-Furnished,1,Excellent,5200000
1310.0,3,2,12,Metro City,Semi-Furnished,1,Excellent,3800000
1400.0,3,2,20,Metro City,Unfurnished,1,Excellent,4050000
1737.0,3,3,6,Tier-2 City,Unfurnished,2,Excellent,3800000
1285.0,2,2,0,Metro City,Semi-Furnished,1,Good,7250000
1134.0,2,2,3,Metro City,Semi-Furnished,1,Excellent,4550000
1740.0,3,3,16,Metro City,Semi-Furnished,1,Good,12000000
1630.0,3,2,6,Metro City,Semi-Furnished,1,Good,9800000
1330.0,2,2,12,Tier-2 City,Unfurnished,1,Good,2850000
2600.0,4,4,18,Metro City,Semi-Furnished,0,Good,17500000
1200.0,5,4,10,Tier-2 City,Semi-Furnished,1,Good,8600000
1160.0,2,2,14,Tier-2 City,Fully Furnished,1,Poor,1350000
700.0,1,1,15,Tier-2 City,Fully Furnished,2,Poor,1150000
1140.0,2,2,5,Metro City,Semi-Furnished,1,Good,3300000
1843.0,3,3,22,Metro City,Unfurnished,1,Good,9600000
1312.0,2,2,7,Metro City,Unfurnished,1,Good,5500000
1950.0,3,3,1,Metro City,Semi-Furnished,2,Good,9000000
2145.0,4,4,19,Tier-1 City,Semi-Furnished,1,Good,9450000
1595.0,3,3,4,Metro City,Fully Furnished,2,Good,9600000
1917.0,3,4,8,Metro City,Unfurnished,3,Poor,11300000
1358.0,3,3,10,Tier-2 City,Semi-Furnished,3,Excellent,1600000
1305.0,2,2,17,Metro City,Semi-Furnished,1,Poor,7000000
1495.0,2,2,2,Metro City,Semi-Furnished,2,Good,11000000
1090.0,2,2,19,Metro City,Semi-Furnished,1,Excellent,3800000
1180.0,3,3,2,Metro City,Semi-Furnished,1,Excellent,5500000
1232.0,2,2,0,Metro City,Unfurnished,1,Good,8700000
1200.0,4,6,5,Metro City,Semi-Furnished,2,Poor,7000000
1242.0,2,2,5,Metro City,Unfurnished,1,Good,5100000
1096.0,2,2,16,Metro City,Unfurnished,3,Good,4800000
1530.0,3,2,5,Rural Area,Semi-Furnished,1,Good,800000
1457.0,3,3,10,Metro City,Fully Furnished,2,Poor,8500000
1313.0,3,4,1,Tier-2 City,Unfurnished,1,Good,5050000
967.0,2,2,7,Tier-2 City,Unfurnished,1,Good,1950000
1199.0,2,2,22,Metro City,Semi-Furnished,2,Excellent,8500000
1125.0,2,2,14,Metro City,Unfurnished,0,Good,4500000
1200.0,3,2,1,Metro City,Semi-Furnished,0,Good,7550000
1720.0,3,2,20,Metro City,Unfurnished,1,Good,13000000
1510.0,3,2,8,Metro City,Fully Furnished,1,Good,11000000
1190.0,2,2,25,Metro City,Semi-Furnished,2,Good,4800000
950.0,2,2,20,Metro City,Semi-Furnished,0,Excellent,5700000
825.0,1,2,22,Metro City,Semi-Furnished,1,Excellent,4000000
1025.0,3,2,0,Metro City,Semi-Furnished,0,Excellent,4700000
2400.0,4,5,21,Metro City,Unfurnished,1,Good,19000000
1200.0,2,2,0,Metro City,Unfurnished,2,Excellent,6500000
1125.0,2,2,2,Metro City,Fully Furnished,0,Poor,4700000
900.0,2,2,16,Metro City,Semi-Furnished,2,Good,5500000
1420.0,2,2,2,Metro City,Unfurnished,1,Good,9950000
1097.0,2,2,3,Tier-1 City,Unfurnished,1,Good,3100000
4000.0,5,5,3,Metro City,Semi-Furnished,2,Good,22000000
1100.0,3,3,2,Tier-1 City,Unfurnished,2,Good,3150000
1050.0,2,2,13,Metro City,Unfurnished,0,Good,7750000
1108.0,2,2,8,Tier-2 City,Semi-Furnished,0,Good,1850000
4000.0,4,5,9,Tier-1 City,Unfurnished,1,Good,19850000
2325.0,4,4,1,Metro City,Semi-Furnished,0,Excellent,12000000
1360.0,3,2,13,Metro City,Semi-Furnished,1,Good,6100000
1540.0,3,3,1,Metro City,Semi-Furnished,0,Excellent,8500000
1600.0,3,4,12,Metro City,Semi-Furnished,0,Excellent,12000000
1150.0,2,2,3,Metro City,Semi-Furnished,1,Good,5300000
1459.0,3,2,7,Metro City,Unfurnished,1,Good,11000000
1300.0,2,2,5,Tier-2 City,Semi-Furnished,2,Good,850000
1868.0,3,3,9,Metro City,Semi-Furnished,0,Excellent,12000000
782.0,2,2,3,Metro City,Unfurnished,1,Good,5550000
1190.0,2,2,14,Tier-1 City,Fully Furnished,1,Good,3450000
1698.0,3,3,3,Metro City,Semi-Furnished,1,Poor,10700000
3600.0,4,4,12,Metro City,Semi-Furnished,0,Excellent,45000000
1297.0,2,2,21,Tier-1 City,Fully Furnished,1,Good,7650000
1200.0,2,2,9,Tier-1 City,Unfurnished,3,Good,3450000
1310.0,2,2,6,Metro City,Fully Furnished,3,Good,8050000
1225.0,3,2,2,Metro City,Semi-Furnished,2,Good,8200000
2400.0,4,4,24,Metro City,Unfurnished,1,Good,47000000
1200.0,3,3,5,Metro City,Fully Furnished,0,Good,5700000
1000.0,3,3,15,Metro City,Semi-Furnished,0,Excellent,9000000
1175.0,2,2,17,Metro City,Fully Furnished,1,Good,5700000
1330.0,2,2,3,Metro City,Semi-Furnished,2,Good,10700000
2400.0,6,5,1,Tier-1 City,Semi-Furnished,0,Good,50750000
945.0,2,2,22,Tier-1 City,Semi-Furnished,1,Good,3600000
1161.0,2,2,4,Metro City,Semi-Furnished,1,Good,3650000
2700.0,4,3,22,Metro City,Fully Furnished,2,Excellent,7500000
1200.0,8,8,17,Metro City,Semi-Furnished,1,Poor,27500000
1322.0,2,2,1,Metro City,Semi-Furnished,2,Excellent,7000000
2225.0,3,3,0,Metro City,Semi-Furnished,1,Good,14900000
1800.0,6,6,5,Metro City,Fully Furnished,0,Good,6800000
1390.0,3,2,1,Metro City,Semi-Furnished,0,Good,17500000
1232.0,2,2,1,Tier-2 City,Unfurnished,0,Excellent,2500000
1333.0,2,2,17,Metro City,Semi-Furnished,2,Good,8650000
1000.0,2,2,14,Metro City,Unfurnished,1,Good,6100000
985.0,2,2,7,Metro City,Semi-Furnished,1,Good,4200000
2345.0,3,3,1,Tier-2 City,Semi-Furnished,1,Good,8750000
1140.0,2,2,4,Metro City,Semi-Furnished,1,Excellent,4000000
1891.0,3,3,7,Metro City,Unfurnished,2,Poor,10900000
1190.0,2,2,1,Metro City,Fully Furnished,1,Good,6200000
2094.0,3,3,16,Metro City,Semi-Furnished,0,Good,11300000
1855.0,3,3,1,Metro City,Unfurnished,0,Excellent,9600000
1410.0,4,4,22,Metro City,Semi-Furnished,0,Good,16000000
1451.0,3,2,5,Metro City,Semi-Furnished,2,Good,5250000
1000.0,2,2,2,Metro City,Semi-Furnished,0,Poor,4400000
1330.0,2,2,25,Tier-1 City,Semi-Furnished,3,Excellent,4350000
1080.0,2,2,10,Tier-2 City,Fully Furnished,1,Good,3050000
1155.0,2,2,16,Tier-1 City,Semi-Furnished,0,Good,2800000
1160.0,2,2,12,Metro City,Unfurnished,3,Poor,4200000
1846.0,3,3,10,Tier-1 City,Fully Furnished,2,Good,8600000
1178.0,2,2,1,Metro City,Fully Furnished,2,Excellent,7300000
1308.0,2,2,14,Metro City,Semi-Furnished,2,Poor,3700000
1590.0,3,3,3,Metro City,Fully Furnished,0,Good,5800000
2230.0,4,4,18,Rural Area,Unfurnished,1,Good,2300000
1282.0,3,2,2,Metro City,Semi-Furnished,1,Good,4850000
1041.0,2,2,4,Metro City,Semi-Furnished,1,Good,3650000
1800.0,3,2,0,Metro City,Unfurnished,1,Excellent,7000000
1980.0,3,3,0,Metro City,Semi-Furnished,0,Excellent,22400000
1100.0,2,2,12,Metro City,Unfurnished,1,Good,4500000
1200.0,2,2,21,Tier-1 City,Fully Furnished,2,Good,4750000
764.0,1,1,17,Metro City,Fully Furnished,2,Excellent,3200000
1232.0,2,2,1,Tier-1 City,Semi-Furnished,0,Excellent,5750000
1190.0,3,3,5,Metro City,Semi-Furnished,0,Good,5500000
1325.0,2,2,7,Rural Area,Unfurnished,0,Good,1050000
4000.0,7,8,6,Tier-2 City,Semi-Furnished,1,Excellent,4950000
1197.0,2,2,0,Metro City,Unfurnished,1,Good,6300000
1200.0,3,3,0,Metro City,Fully Furnished,2,Excellent,14900000
1166.0,2,2,8,Rural Area,Fully Furnished,2,Excellent,850000
500.0,1,1,5,Metro City,Semi-Furnished,1,Good,2000000
1540.0,3,3,4,Tier-1 City,Unfurnished,0,Good,4150000
1820.0,3,3,1,Tier-2 City,Unfurnished,1,Good,2300000
1320.0,3,2,4,Metro City,Semi-Furnished,1,Good,5500000
1295.0,2,2,1,Tier-2 City,Unfurnished,1,Excellent,1850000
1800.0,3,3,5,Rural Area,Semi-Furnished,1,Good,1550000
1653.0,3,3,17,Metro City,Semi-Furnished,1,Good,9300000
2390.0,3,3,22,Metro City,Semi-Furnished,1,Good,41500000
1200.0,6,6,14,Metro City,Fully Furnished,1,Excellent,18000000
1150.0,2,2,8,Metro City,Fully Furnished,1,Poor,4850000
918.0,2,2,8,Metro City,Unfurnished,2,Good,2750000
1200.0,2,2,1,Metro City,Semi-Furnished,2,Good,4700000
1001.0,2,2,20,Metro City,Fully Furnished,1,Good,3300000
657.5,1,1,14,Tier-1 City,Semi-Furnished,1,Good,1550000
1200.0,3,3,10,Tier-2 City,Semi-Furnished,2,Good,9850000
2500.0,3,3,9,Metro City,Fully Furnished,2,Poor,27000000
1300.0,3,3,4,Metro City,Fully Furnished,1,Good,5800000
1265.0,2,2,11,Metro City,Unfurnished,1,Excellent,5800000
1665.0,3,3,15,Metro City,Semi-Furnished,1,Good,7800000
1130.0,2,2,13,Metro City,Semi-Furnished,1,Good,4650000
1344.0,4,4,2,Metro City,Semi-Furnished,1,Poor,8400000
1225.0,2,2,0,Tier-2 City,Fully Furnished,1,Good,2700000
2400.0,6,4,0,Tier-1 City,Unfurnished,1,Excellent,27000000
1858.0,3,3,23,Metro City,Semi-Furnished,2,Good,9850000
760.0,1,1,9,Metro City,Unfurnished,1,Excellent,2500000
1270.0,3,2,4,Tier-2 City,Semi-Furnished,2,Good,2750000
2264.0,3,3,0,Metro City,Fully Furnished,0,Good,15500000
3811.0,4,3,12,Metro City,Unfurnished,2,Excellent,47500000
1672.0,3,3,1,Metro City,Unfurnished,0,Excellent,8600000
1200.0,3,3,13,Metro City,Fully Furnished,3,Good,20000000
873.0,3,2,16,Metro City,Semi-Furnished,2,Good,4000000
1010.0,2,2,18,Metro City,Unfurnished,0,Good,5500000
1070.0,2,2,7,Metro City,Fully Furnished,3,Excellent,5200000
1240.0,3,2,18,Metro City,Fully Furnished,1,Good,4600000
3100.0,7,7,20,Tier-1 City,Semi-Furnished,1,Good,11300000
1108.0,2,2,13,Metro City,Semi-Furnished,2,Good,6300000
1200.0,2,2,20,Tier-1 City,Semi-Furnished,2,Good,3750000
1610.0,3,3,1,Metro City,Fully Furnished,1,Excellent,8500000
1015.0,2,2,10,Metro City,Semi-Furnished,2,Excellent,2600000
1100.0,2,2,9,Metro City,Semi-Furnished,2,Good,5400000
1840.0,2,1,8,Metro City,Semi-Furnished,3,Good,9500000
1920.0,3,3,13,Metro City,Unfurnished,0,Good,15000000
1862.0,3,4,11,Metro City,Fully Furnished,1,Excellent,11000000
1080.0,2,2,1,Metro City,Fully Furnished,1,Poor,6700000
1410.0,3,2,22,Metro City,Fully Furnished,1,Good,6400000
1270.0,2,2,2,Metro City,Fully Furnished,3,Poor,10000000
1190.0,2,2,9,Rural Area,Unfurnished,1,Good,950000
1052.0,2,2,12,Metro City,Unfurnished,1,Good,3450000
1200.0,3,3,3,Metro City,Semi-Furnished,1,Good,14900000
2500.0,5,4,18,Metro City,Semi-Furnished,0,Good,140000000
2200.0,6,6,1,Metro City,Semi-Furnished,0,Excellent,6800000
1500.0,3,2,0,Metro City,Fully Furnished,0,Good,10000000
1100.0,2,2,14,Metro City,Semi-Furnished,1,Excellent,3800000
1495.0,3,2,2,Metro City,Unfurnished,2,Good,7000000
1575.0,3,2,15,Metro City,Semi-Furnished,1,Good,7800000
1192.0,2,2,8,Metro City,Unfurnished,1,Excellent,7500000
1721.0,3,3,8,Metro City,Fully Furnished,1,Poor,9300000
4104.0,4,4,0,Metro City,Semi-Furnished,2,Excellent,36000000
1200.0,2,2,10,Tier-1 City,Fully Furnished,3,Excellent,4300000
947.55,2,2,13,Metro City,Semi-Furnished,1,Good,8000000
2500.0,4,4,12,Metro City,Unfurnished,1,Good,45000000
1095.0,2,2,0,Metro City,Semi-Furnished,2,Excellent,3850000
700.0,2,1,5,Metro City,Unfurnished,2,Good,2600000
1200.0,8,7,15,Metro City,Semi-Furnished,0,Excellent,25000000
1601.0,3,3,14,Metro City,Unfurnished,1,Good,9500000
2790.0,4,4,15,Tier-2 City,Semi-Furnished,1,Excellent,7950000
2850.0,3,4,1,Metro City,Fully Furnished,1,Good,47000000
800.0,8,8,12,Metro City,Unfurnished,1,Good,28500000
1200.0,2,2,11,Metro City,Unfurnished,1,Excellent,7500000
1840.0,3,3,8,Tier-1 City,Semi-Furnished,1,Good,9050000
1414.0,2,2,3,Metro City,Unfurnished,1,Good,8400000
1295.0,2,2,17,Metro City,Semi-Furnished,1,Poor,6200000
1260.0,2,2,6,Metro City,Unfurnished,2,Good,7500000
1200.0,2,2,22,Metro City,Unfurnished,2,Good,6800000
2119.0,4,4,3,Metro City,Fully Furnished,1,Excellent,11100000
920.0,2,2,13,Metro City,Semi-Furnished,2,Good,3950000
1266.67,2,2,2,Metro City,Fully Furnished,1,Excellent,6900000
1453.0,3,2,5,Metro City,Semi-Furnished,1,Poor,5800000
1354.0,2,2,12,Metro City,Unfurnished,1,Good,7000000
1343.0,2,2,0,Metro City,Semi-Furnished,3,Good,7600000
1085.0,2,2,22,Metro City,Fully Furnished,2,Excellent,7000000
710.0,1,1,18,Metro City,Semi-Furnished,0,Good,4050000
1115.0,2,2,12,Metro City,Unfurnished,1,Good,5000000
1705.0,3,3,5,Metro City,Fully Furnished,1,Good,7500000
980.0,2,2,7,Metro City,Semi-Furnished,1,Excellent,4500000
1302.0,2,2,6,Metro City,Semi-Furnished,0,Good,6900000
1200.0,2,2,0,Metro City,Semi-Furnished,1,Excellent,8500000
1150.0,6,6,0,Metro City,Semi-Furnished,1,Excellent,7500000
1132.5,2,2,24,Metro City,Fully Furnished,1,Good,4800000
1200.0,2,1,16,Tier-1 City,Unfurnished,1,Excellent,3050000
1200.0,4,4,22,Metro City,Unfurnished,0,Good,30000000
880.0,2,2,22,Metro City,Semi-Furnished,1,Excellent,1900000
1185.0,2,2,21,Metro City,Unfurnished,2,Good,6000000
1197.0,2,2,7,Tier-1 City,Unfurnished,0,Excellent,5650000
1255.0,2,2,3,Metro City,Unfurnished,0,Good,5350000
1165.0,2,2,4,Metro City,Semi-Furnished,1,Excellent,6000000
985.0,2,2,10,Metro City,Unfurnished,0,Excellent,15600000
1605.0,3,3,9,Metro City,Semi-Furnished,2,Good,7600000
1254.0,3,2,9,Metro City,Unfurnished,1,Excellent,7000000
1220.0,3,3,6,Metro City,Unfurnished,0,Good,5600000
3035.0,3,5,5,Metro City,Fully Furnished,2,Good,22000000
1180.0,2,2,18,Tier-1 City,Semi-Furnished,0,Poor,8800000
1400.0,4,3,0,Metro City,Semi-Furnished,0,Poor,9100000
1157.0,2,2,12,Metro City,Semi-Furnished,1,Excellent,4750000
613.0,1,1,2,Metro City,Fully Furnished,2,Excellent,4800000
616.0,2,3,6,Metro City,Semi-Furnished,2,Good,4500000
1724.0,3,3,4,Tier-2 City,Semi-Furnished,1,Good,5850000
600.0,1,1,20,Metro City,Semi-Furnished,1,Good,4300000
1342.0,3,2,3,Metro City,Fully Furnished,3,Excellent,7500000
1060.0,2,2,3,Metro City,Semi-Furnished,1,Poor,3400000
1550.0,3,2,24,Metro City,Unfurnished,0,Excellent,7000000
650.0,1,1,8,Metro City,Semi-Furnished,3,Good,7000000
1200.0,2,2,5,Tier-1 City,Unfurnished,2,Good,3200000
2700.0,4,6,8,Metro City,Semi-Furnished,1,Good,67500000
929.0,2,1,9,Metro City,Fully Furnished,0,Excellent,5100000
1520.0,3,3,8,Rural Area,Fully Furnished,1,Good,1250000
1100.0,2,2,8,Tier-1 City,Fully Furnished,0,Poor,2150000
1250.0,3,3,2,Tier-1 City,Semi-Furnished,0,Good,2850000
1297.0,2,2,4,Metro City,Fully Furnished,3,Good,11200000
1470.0,3,2,12,Metro City,Fully Furnished,3,Poor,6000000
1950.0,3,3,2,Tier-2 City,Unfurnished,1,Good,7150000
1432.0,2,2,7,Metro City,Semi-Furnished,2,Good,8500000
1224.0,2,2,5,Metro City,Semi-Furnished,2,Excellent,4500000
2559.0,1,1,10,Metro City,Unfurnished,1,Good,5500000
1225.0,2,2,11,Tier-2 City,Fully Furnished,0,Good,2900000
770.0,2,1,8,Metro City,Unfurnished,0,Good,3500000
1200.0,4,4,16,Metro City,Fully Furnished,2,Good,24500000
1636.0,3,3,5,Metro City,Semi-Furnished,2,Good,11900000
805.0,2,2,7,Metro City,Fully Furnished,2,Excellent,3500000
1314.0,2,2,5,Metro City,Unfurnished,0,Excellent,6900000
1180.0,2,2,10,Metro City,Unfurnished,1,Poor,7700000
1100.0,2,2,1,Metro City,Fully Furnished,1,Good,6600000
1200.0,5,4,3,Tier-1 City,Unfurnished,1,Excellent,6350000
1500.0,3,2,20,Metro City,Fully Furnished,0,Good,5200000
1800.0,4,3,2,Metro City,Fully Furnished,3,Good,18000000
1200.0,4,2,7,Metro City,Unfurnished,2,Excellent,15000000
750.0,2,2,5,Metro City,Unfurnished,1,Poor,5800000
1141.0,2,2,17,Metro City,Fully Furnished,1,Good,4300000
1015.0,2,2,11,Metro City,Fully Furnished,2,Good,2600000
1020.0,2,2,4,Metro City,Semi-Furnished,1,Good,2950000
1050.0,2,2,10,Rural Area,Unfurnished,1,Excellent,650000
1410.0,3,2,11,Metro City,Unfurnished,1,Good,8000000
797.0,2,2,1,Tier-2 City,Unfurnished,1,Excellent,950000
1840.0,3,4,22,Metro City,Fully Furnished,1,Good,17500000
3016.0,4,4,10,Metro City,Fully Furnished,0,Excellent,23000000
1360.0,3,3,3,Metro City,Semi-Furnished,0,Excellent,7500000
4100.0,4,4,16,Tier-2 City,Fully Furnished,0,Poor,16700000
1000.0,2,2,20,Metro City,Semi-Furnished,0,Excellent,6200000
750.0,5,3,2,Metro City,Semi-Furnished,2,Excellent,9500000
1345.0,3,2,8,Rural Area,Unfurnished,0,Good,700000
2030.0,3,2,16,Tier-1 City,Fully Furnished,2,Excellent,12900000
1315.0,2,2,1,Metro City,Semi-Furnished,0,Good,7700000
1447.0,3,3,8,Metro City,Semi-Furnished,2,Good,8000000
1500.0,3,2,9,Metro City,Semi-Furnished,2,Poor,9800000
4050.0,4,2,9,Metro City,Semi-Furnished,0,Excellent,45000000
1459.0,3,3,1,Metro City,Fully Furnished,0,Good,13500000
2119.0,4,4,17,Metro City,Semi-Furnished,1,Good,11100000
1301.0,2,2,16,Metro City,Fully Furnished,0,Good,6500000
1760.0,3,2,0,Metro City,Fully Furnished,3,Good,12300000
2000.0,3,2,0,Metro City,Fully Furnished,0,Excellent,27500000
1485.0,3,2,4,Tier-1 City,Semi-Furnished,2,Poor,4750000
1475.0,3,2,5,Metro City,Unfurnished,1,Excellent,5900000
1200.0,2,2,20,Metro City,Unfurnished,2,Excellent,7800000
1300.0,3,2,5,Tier-2 City,Unfurnished,1,Excellent,1900000
1200.0,2,2,6,Metro City,Semi-Furnished,1,Excellent,6000000
2400.0,4,4,1,Tier-1 City,Fully Furnished,1,Good,14550000
2140.0,3,3,7,Metro City,Unfurnished,1,Good,13900000
1050.0,4,3,7,Metro City,Unfurnished,1,Good,12500000
1745.0,3,3,5,Metro City,Unfurnished,1,Good,12500000
3206.0,4,5,20,Metro City,Semi-Furnished,1,Good,27000000
1111.0,2,2,15,Metro City,Fully Furnished,2,Excellent,4950000
1154.0,2,2,15,Metro City,Unfurnished,1,Good,4700000
1030.0,2,2,24,Metro City,Semi-Furnished,1,Good,7700000
1141.0,2,2,8,Metro City,Unfurnished,1,Excellent,6000000
1829.0,3,3,16,Metro City,Unfurnished,2,Excellent,12500000
984.0,3,3,0,Metro City,Semi-Furnished,1,Excellent,14000000
540.0,1,1,24,Tier-1 City,Fully Furnished,1,Good,2900000
1750.0,3,3,16,Metro City,Semi-Furnished,1,Good,8500000
1210.0,2,2,0,Metro City,Semi-Furnished,1,Good,7500000
1300.0,2,2,9,Tier-2 City,Semi-Furnished,1,Excellent,3350000
1100.0,2,2,12,Metro City,Semi-Furnished,1,Good,5500000
1200.0,4,4,0,Metro City,Fully Furnished,1,Excellent,25000000
1225.0,3,3,12,Metro City,Semi-Furnished,2,Good,4000000
1800.0,9,10,7,Metro City,Fully Furnished,2,Good,18500000
1395.0,3,2,16,Metro City,Fully Furnished,3,Good,7200000
2817.5,4,4,5,Metro City,Unfurnished,1,Good,20400000
500.0,1,2,1,Metro City,Semi-Furnished,3,Poor,8000000
1100.0,2,2,2,Metro City,Fully Furnished,1,Good,6800000
1739.0,3,3,1,Metro City,Semi-Furnished,1,Good,10500000
1870.0,3,3,16,Metro City,Semi-Furnished,2,Excellent,18000000
984.0,2,2,4,Metro City,Unfurnished,1,Good,4600000
850.0,2,1,20,Metro City,Semi-Furnished,1,Good,2500000
1710.0,3,3,1,Metro City,Fully Furnished,2,Excellent,11000000
1700.0,3,3,2,Metro City,Semi-Furnished,0,Poor,12400000
1758.0,3,3,19,Metro City,Semi-Furnished,1,Good,6500000
857.0,3,3,8,Metro City,Unfurnished,2,Good,9500000
1079.0,2,2,18,Metro City,Semi-Furnished,1,Poor,3250000
1272.0,2,2,4,Tier-1 City,Semi-Furnished,1,Poor,3050000
1464.0,3,3,21,Metro City,Unfurnished,2,Good,5600000
1754.0,3,3,16,Metro City,Unfurnished,2,Good,12500000
1350.0,8,8,1,Metro City,Semi-Furnished,2,Excellent,18500000
3360.0,4,5,22,Metro City,Fully Furnished,1,Good,22100000
1255.0,2,2,11,Metro City,Semi-Furnished,1,Good,6600000
600.0,2,2,10,Tier-2 City,Semi-Furnished,1,Poor,1200000
2400.0,5,4,23,Metro City,Semi-Furnished,3,Good,30000000
1010.0,2,2,1,Tier-2 City,Unfurnished,0,Excellent,1700000
480.0,3,3,18,Metro City,Semi-Furnished,2,Good,6500000
1200.0,4,4,13,Metro City,Semi-Furnished,1,Good,8300000
1128.0,2,2,18,Tier-1 City,Unfurnished,2,Poor,3050000
1358.0,2,2,11,Tier-2 City,Unfurnished,1,Good,3750000
1075.0,3,2,1,Metro City,Fully Furnished,3,Good,4500000
1400.0,3,3,5,Tier-1 City,Fully Furnished,0,Good,4250000
966.0,2,2,0,Tier-1 City,Semi-Furnished,0,Good,3050000
1300.0,2,2,1,Rural Area,Fully Furnished,0,Excellent,1300000
2990.0,3,5,22,Tier-1 City,Fully Furnished,1,Good,13800000
3729.0,4,4,11,Metro City,Unfurnished,1,Good,38400000
1304.0,3,3,16,Metro City,Unfurnished,2,Good,6500000
921.0,2,2,4,Metro City,Fully Furnished,3,Good,3400000
1476.0,3,3,4,Metro City,Unfurnished,1,Good,9900000
645.0,1,1,9,Metro City,Semi-Furnished,1,Good,1650000
3035.0,4,5,17,Metro City,Fully Furnished,1,Excellent,20000000
2215.0,3,4,17,Metro City,Unfurnished,0,Good,16000000
1200.0,4,4,2,Tier-2 City,Semi-Furnished,2,Excellent,5550000
1310.0,2,2,2,Tier-1 City,Semi-Furnished,1,Excellent,5400000
1200.0,3,5,10,Metro City,Semi-Furnished,1,Good,32500000
1484.0,3,3,3,Tier-2 City,Semi-Furnished,1,Good,2050000
1409.0,2,2,10,Metro City,Semi-Furnished,0,Good,9500000
1475.0,3,2,0,Metro City,Semi-Furnished,0,Poor,5900000
1260.0,3,3,13,Metro City,Unfurnished,0,Good,4950000
3024.0,4,5,8,Metro City,Semi-Furnished,1,Excellent,35000000
1881.0,3,3,0,Metro City,Semi-Furnished,2,Good,14500000
1200.0,2,2,1,Metro City,Fully Furnished,1,Good,6000000
800.0,2,1,0,Metro City,Fully Furnished,1,Good,3000000
1000.0,2,2,2,Metro City,Semi-Furnished,1,Excellent,4800000
1020.0,2,2,5,Metro City,Semi-Furnished,1,Good,4100000
1965.0,3,4,0,Metro City,Semi-Furnished,1,Good,12500000
1009.0,2,2,2,Metro City,Semi-Furnished,2,Poor,5600000
1012.0,2,2,4,Tier-1 City,Fully Furnished,1,Good,4300000
1875.0,3,2,0,Metro City,Unfurnished,1,Good,23500000
1650.0,3,3,10,Metro City,Semi-Furnished,1,Poor,7100000
1231.0,2,2,6,Metro City,Unfurnished,1,Good,5000000
630.0,1,1,12,Tier-1 City,Fully Furnished,2,Good,3250000
666.0,1,1,10,Metro City,Semi-Furnished,1,Good,3700000
2400.0,6,6,16,Metro City,Semi-Furnished,0,Good,48000000
1150.0,2,2,15,Metro City,Semi-Furnished,0,Excellent,4000000
1088.0,2,2,16,Metro City,Semi-Furnished,0,Excellent,6150000
1081.0,2,2,1,Metro City,Semi-Furnished,0,Good,3900000
1750.0,3,3,3,Metro City,Semi-Furnished,0,Excellent,12000000
1640.0,3,3,8,Tier-2 City,Semi-Furnished,1,Poor,3800000
3580.0,3,3,16,Metro City,Semi-Furnished,2,Excellent,41100000
1000.0,3,4,1,Metro City,Semi-Furnished,1,Good,11000000
2145.0,3,3,4,Metro City,Semi-Furnished,1,Good,17500000
1205.0,2,2,14,Metro City,Unfurnished,2,Good,5800000
1570.0,3,3,2,Metro City,Semi-Furnished,1,Excellent,11000000
850.0,1,1,18,Tier-2 City,Unfurnished,1,Excellent,2150000
1200.0,4,4,9,Metro City,Unfurnished,2,Poor,15500000
1140.0,2,2,6,Rural Area,Semi-Furnished,2,Good,600000
1589.0,3,3,6,Metro City,Fully Furnished,1,Excellent,7400000
1265.0,3,2,13,Metro City,Semi-Furnished,1,Good,8200000
1450.0,2,2,9,Metro City,Semi-Furnished,1,Poor,5800000
984.0,2,2,10,Metro City,Semi-Furnished,2,Excellent,5500000
1200.0,4,4,24,Metro City,Fully Furnished,2,Poor,14000000
1100.0,2,2,21,Metro City,Semi-Furnished,1,Good,4500000
3000.0,4,4,8,Metro City,Unfurnished,1,Good,34200000
2002.0,3,3,23,Metro City,Unfurnished,1,Good,12000000
2400.0,4,5,3,Metro City,Semi-Furnished,2,Good,77500000
1420.0,2,2,12,Metro City,Unfurnished,3,Excellent,15800000
2000.0,4,4,25,Metro City,Semi-Furnished,1,Excellent,6900000
1715.0,3,3,25,Metro City,Semi-Furnished,1,Excellent,12000000
2145.0,3,3,3,Metro City,Semi-Furnished,1,Good,17000000
1045.0,2,2,5,Metro City,Semi-Furnished,0,Excellent,4200000
1795.0,3,3,10,Metro City,Semi-Furnished,1,Good,15000000
1216.0,2,2,1,Tier-2 City,Fully Furnished,3,Poor,3200000
1146.0,2,2,16,Metro City,Unfurnished,2,Good,5400000
1533.0,3,3,3,Metro City,Unfurnished,2,Poor,15000000
6000.0,4,4,16,Metro City,Unfurnished,1,Poor,26000000
1082.0,3,2,6,Metro City,Unfurnished,2,Good,4200000
1303.0,2,2,0,Rural Area,Unfurnished,2,Good,950000
1200.0,2,2,7,Metro City,Semi-Furnished,1,Good,3450000
674.0,2,1,10,Tier-2 City,Semi-Furnished,1,Excellent,600000
2215.0,3,4,0,Metro City,Semi-Furnished,1,Good,16200000
800.0,6,6,7,Metro City,Fully Furnished,1,Good,9800000
1836.0,3,3,9,Metro City,Fully Furnished,0,Excellent,14800000
1160.0,2,2,0,Metro City,Fully Furnished,0,Good,4050000
1407.0,3,3,13,Metro City,Semi-Furnished,1,Poor,12000000
1596.0,3,3,20,Metro City,Fully Furnished,3,Excellent,9500000
1080.0,2,2,3,Metro City,Semi-Furnished,1,Poor,8000000
1400.0,2,2,1,Metro City,Fully Furnished,1,Good,7800000
1500.0,3,2,6,Tier-1 City,Unfurnished,1,Good,10500000
1100.0,2,2,1,Metro City,Semi-Furnished,0,Excellent,3900000
1780.0,3,3,5,Metro City,Semi-Furnished,0,Poor,11000000
1896.0,4,3,15,Tier-2 City,Semi-Furnished,1,Good,4400000
1260.0,2,2,21,Metro City,Fully Furnished,3,Poor,6000000
3250.0,4,4,24,Metro City,Unfurnished,1,Excellent,23000000
960.0,2,2,14,Tier-1 City,Semi-Furnished,1,Excellent,2450000
1200.0,2,2,15,Metro City,Semi-Furnished,3,Good,5000000
3385.0,4,5,4,Tier-2 City,Semi-Furnished,2,Good,12300000
1245.0,2,2,5,Metro City,Semi-Furnished,1,Good,11000000
1200.0,3,3,23,Metro City,Fully Furnished,1,Good,16500000
1300.0,3,2,10,Metro City,Semi-Furnished,1,Poor,4200000
2090.0,4,4,3,Metro City,Unfurnished,2,Excellent,9500000
1150.0,2,2,1,Metro City,Fully Furnished,0,Good,5500000
1480.0,3,3,22,Metro City,Fully Furnished,1,Poor,7550000
1804.0,3,3,13,Metro City,Semi-Furnished,2,Good,16600000
2000.0,3,3,9,Metro City,Unfurnished,2,Excellent,8500000
1200.0,2,2,0,Metro City,Unfurnished,1,Excellent,5850000
1315.0,2,2,2,Metro City,Fully Furnished,2,Poor,7000000
1101.0,2,2,4,Metro City,Fully Furnished,2,Good,6500000
1253.0,2,2,16,Metro City,Fully Furnished,2,Poor,5250000
1115.0,2,2,6,Metro City,Semi-Furnished,1,Poor,5700000
1875.0,3,3,11,Metro City,Semi-Furnished,1,Excellent,11000000
1020.0,2,2,6,Metro City,Fully Furnished,2,Good,4250000
1075.0,3,2,1,Tier-2 City,Semi-Furnished,2,Good,1350000
2159.0,3,3,3,Metro City,Unfurnished,1,Good,12000000
1800.0,3,3,0,Metro City,Semi-Furnished,2,Good,18000000
1175.0,2,2,0,Metro City,Unfurnished,1,Good,7900000
1500.0,3,3,2,Metro City,Semi-Furnished,1,Poor,7500000
1140.0,2,2,2,Metro City,Fully Furnished,1,Good,7100000
1798.0,3,3,4,Metro City,Fully Furnished,1,Good,12000000
1350.0,3,2,11,Tier-2 City,Semi-Furnished,1,Good,5500000
1050.0,2,2,22,Metro City,Fully Furnished,1,Good,5250000
1354.0,3,3,14,Metro City,Semi-Furnished,1,Good,8600000
1538.0,3,3,3,Metro City,Semi-Furnished,0,Good,10700000
1310.0,2,2,3,Metro City,Unfurnished,1,Excellent,7200000
1130.0,2,2,3,Metro City,Unfurnished,2,Good,8500000
2400.0,5,5,14,Metro City,Fully Furnished,0,Good,16000000
510.0,1,1,10,Tier-1 City,Semi-Furnished,0,Excellent,1700000
1411.0,3,3,10,Metro City,Semi-Furnished,2,Excellent,9150000
1369.1,2,2,18,Metro City,Unfurnished,1,Good,9800000
1200.0,4,3,0,Metro City,Fully Furnished,1,Good,18800000
1260.0,2,2,17,Metro City,Unfurnished,0,Good,7000000
1200.0,5,4,6,Metro City,Fully Furnished,1,Excellent,24000000
1700.0,3,3,16,Metro City,Semi-Furnished,0,Excellent,18000000
1124.0,2,2,12,Metro City,Unfurnished,1,Poor,3050000
1198.0,2,2,9,Metro City,Unfurnished,0,Excellent,8400000
1163.0,2,2,3,Metro City,Unfurnished,1,Good,9900000
2006.8,3,4,2,Metro City,Unfurnished,1,Good,19600000
800.0,4,5,2,Metro City,Unfurnished,1,Good,11500000
1282.0,3,2,9,Metro City,Semi-Furnished,2,Good,4850000
1101.0,2,2,6,Metro City,Fully Furnished,1,Excellent,3700000
1435.0,3,3,2,Metro City,Semi-Furnished,2,Good,7300000
840.0,1,2,5,Metro City,Semi-Furnished,1,Good,5000000
1135.0,2,2,8,Metro City,Unfurnished,2,Good,6800000
3420.0,4,4,0,Metro City,Fully Furnished,2,Excellent,22500000
1240.0,5,5,21,Metro City,Fully Furnished,1,Excellent,30000000
800.0,3,3,21,Metro City,Unfurnished,1,Good,6000000
1075.0,2,2,4,Rural Area,Unfurnished,1,Good,500000
1245.0,2,2,4,Metro City,Unfurnished,2,Excellent,8000000
4200.0,4,4,9,Tier-1 City,Unfurnished,1,Good,31350000
1162.5,3,3,8,Tier-1 City,Unfurnished,2,Excellent,1700000
1150.0,2,2,8,Metro City,Unfurnished,2,Good,5100000
1571.0,3,3,7,Metro City,Unfurnished,1,Excellent,6300000
693.0,1,1,16,Metro City,Fully Furnished,1,Excellent,3450000
1096.0,2,2,20,Tier-2 City,Unfurnished,1,Good,1450000
1115.0,2,2,14,Metro City,Semi-Furnished,1,Good,6100000
1300.0,2,2,13,Metro City,Unfurnished,2,Good,7300000
1375.0,2,2,0,Metro City,Unfurnished,1,Good,7200000
1300.0,2,2,19,Metro City,Unfurnished,3,Good,10200000
1050.0,2,2,0,Metro City,Unfurnished,1,Excellent,4500000
3504.0,4,4,3,Metro City,Semi-Furnished,1,Excellent,26200000
5515.0,5,6,11,Tier-2 City,Unfurnished,2,Good,17750000
1800.0,3,3,13,Metro City,Semi-Furnished,0,Excellent,11000000
1240.0,2,2,4,Metro City,Semi-Furnished,1,Excellent,4400000
1320.0,3,2,16,Metro City,Unfurnished,1,Poor,6050000
1328.0,2,2,8,Metro City,Unfurnished,1,Good,6900000
500.0,1,1,5,Rural Area,Semi-Furnished,1,Good,500000
412.5,1,1,13,Metro City,Semi-Furnished,1,Good,2000000
1140.0,2,2,8,Metro City,Semi-Furnished,1,Excellent,5000000
1480.0,3,2,0,Metro City,Unfurnished,2,Good,14500000
850.0,2,2,6,Tier-1 City,Fully Furnished,1,Good,3450000
1280.0,3,2,0,Metro City,Fully Furnished,2,Excellent,4500000
400.0,1,1,0,Metro City,Semi-Furnished,0,Excellent,3500000
1600.0,7,7,24,Metro City,Semi-Furnished,1,Good,10400000
1120.0,2,2,11,Metro City,Semi-Furnished,1,Good,5400000
1200.0,5,4,1,Tier-1 City,Fully Furnished,2,Good,13350000
1779.0,3,3,21,Metro City,Unfurnished,2,Good,11200000
1100.0,2,2,5,Metro City,Fully Furnished,0,Good,6000000
1650.0,3,3,0,Metro City,Unfurnished,2,Good,11500000
2000.0,4,4,13,Metro City,Semi-Furnished,2,Good,10000000
1161.0,2,2,8,Metro City,Semi-Furnished,1,Good,6400000
2736.0,4,4,2,Metro City,Fully Furnished,1,Good,13000000
1500.0,3,2,4,Metro City,Fully Furnished,1,Excellent,5700000
1370.0,2,2,0,Metro City,Semi-Furnished,1,Poor,7500000
2280.0,3,4,9,Metro City,Fully Furnished,2,Good,18400000
2000.0,5,4,11,Metro City,Unfurnished,1,Good,9900000
1713.0,3,3,2,Metro City,Fully Furnished,0,Good,12000000
1230.0,2,2,12,Metro City,Unfurnished,3,Good,5500000
1500.0,4,4,6,Rural Area,Unfurnished,0,Good,1000000
1380.0,2,2,0,Metro City,Semi-Furnished,2,Good,22500000
706.0,1,1,15,Metro City,Unfurnished,0,Good,4800000
4348.5,4,4,9,Tier-1 City,Fully Furnished,2,Good,20750000
1070.0,2,2,12,Metro City,Semi-Furnished,2,Good,5500000
620.0,2,2,18,Metro City,Semi-Furnished,1,Excellent,2300000
1185.0,2,2,10,Metro City,Fully Furnished,2,Poor,4500000
630.0,1,1,4,Metro City,Semi-Furnished,0,Good,1400000
1460.0,3,3,23,Tier-2 City,Unfurnished,1,Excellent,2800000
1800.0,5,5,15,Metro City,Fully Furnished,1,Good,7000000
1508.0,2,2,18,Metro City,Unfurnished,0,Excellent,7700000
600.0,4,4,11,Metro City,Fully Furnished,3,Poor,12500000
1150.0,9,9,16,Metro City,Semi-Furnished,1,Excellent,14000000
1050.0,2,2,20,Metro City,Semi-Furnished,0,Good,4100000
1330.0,3,2,4,Metro City,Fully Furnished,2,Good,5200000
600.0,1,1,0,Metro City,Semi-Furnished,1,Good,3800000
1141.0,2,2,21,Metro City,Semi-Furnished,1,Poor,4300000
1200.0,2,2,9,Metro City,Semi-Furnished,1,Good,5300000
1370.0,2,2,2,Metro City,Unfurnished,2,Good,12500000
1425.0,2,2,1,Metro City,Semi-Furnished,2,Poor,8000000
1640.0,3,3,23,Metro City,Unfurnished,3,Excellent,22000000
1340.0,3,3,4,Metro City,Unfurnished,2,Good,7700000
1152.0,2,2,3,Metro City,Semi-Furnished,0,Good,6100000
1650.0,3,3,16,Tier-1 City,Fully Furnished,1,Good,5400000
2061.0,3,3,6,Metro City,Semi-Furnished,1,Excellent,17500000
1560.0,3,3,0,Metro City,Semi-Furnished,0,Excellent,6800000
1153.0,2,2,1,Metro City,Semi-Furnished,0,Good,4300000
7000.0,4,4,5,Tier-1 City,Fully Furnished,2,Good,13350000
1820.0,3,3,1,Tier-2 City,Semi-Furnished,0,Excellent,2900000
1184.0,2,2,7,Tier-2 City,Unfurnished,1,Excellent,1700000
918.0,2,2,16,Metro City,Fully Furnished,0,Good,5500000
1650.0,3,3,13,Metro City,Semi-Furnished,0,Excellent,6800000
1145.0,2,2,3,Metro City,Unfurnished,1,Excellent,4600000
1525.0,3,3,24,Metro City,Unfurnished,3,Good,9600000
1800.0,3,3,2,Metro City,Fully Furnished,2,Good,9000000
1358.0,2,2,11,Metro City,Fully Furnished,1,Good,8100000
884.0,2,1,3,Metro City,Fully Furnished,2,Good,5800000
750.0,2,2,0,Metro City,Semi-Furnished,1,Good,4000000
900.0,2,2,17,Metro City,Semi-Furnished,1,Excellent,4800000
1599.0,3,3,23,Rural Area,Semi-Furnished,1,Good,1750000
900.0,2,2,11,Metro City,Fully Furnished,2,Good,6500000
1200.0,2,3,2,Metro City,Fully Furnished,1,Excellent,7200000
4750.0,4,5,19,Tier-1 City,Fully Furnished,1,Excellent,41500000
1107.0,2,2,6,Metro City,Semi-Furnished,1,Excellent,4500000
1500.0,3,3,5,Tier-1 City,Fully Furnished,1,Good,3600000
750.0,2,2,4,Metro City,Semi-Furnished,1,Good,2500000
1200.0,6,5,13,Metro City,Semi-Furnished,1,Excellent,10800000
1350.0,5,4,15,Metro City,Unfurnished,1,Good,13000000
1350.0,4,4,16,Tier-2 City,Semi-Furnished,0,Good,3300000
1760.0,3,3,1,Tier-2 City,Semi-Furnished,1,Good,3450000
1075.0,3,2,4,Tier-2 City,Unfurnished,1,Good,2100000
1125.0,2,2,16,Metro City,Semi-Furnished,0,Good,4400000
1300.0,3,3,15,Metro City,Semi-Furnished,3,Good,7800000
2134.0,3,4,10,Metro City,Semi-Furnished,2,Poor,11800000
1210.0,2,2,11,Metro City,Unfurnished,1,Good,7800000
627.0,1,1,22,Metro City,Semi-Furnished,0,Good,3000000
1100.0,2,2,12,Metro City,Semi-Furnished,1,Excellent,4100000
502.0,1,1,21,Tier-1 City,Semi-Furnished,2,Excellent,1700000
1275.0,2,2,10,Metro City,Semi-Furnished,1,Good,5200000
661.0,1,1,10,Metro City,Unfurnished,0,Good,4000000
1452.0,3,3,2,Tier-2 City,Fully Furnished,0,Excellent,1900000
1650.0,3,3,3,Metro City,Fully Furnished,2,Good,10000000
1330.0,3,3,2,Tier-1 City,Semi-Furnished,2,Excellent,4650000
1850.0,3,3,10,Metro City,Unfurnished,3,Excellent,15000000
715.0,3,2,1,Metro City,Unfurnished,0,Excellent,3200000
1724.0,3,3,20,Metro City,Fully Furnished,1,Good,12800000
1280.0,2,2,2,Tier-1 City,Unfurnished,1,Good,7850000
1145.0,2,2,16,Tier-2 City,Semi-Furnished,0,Good,1450000
1108.0,2,2,5,Metro City,Semi-Furnished,2,Good,8700000
1720.0,3,3,4,Metro City,Semi-Furnished,0,Good,13400000
1268.0,3,2,23,Metro City,Fully Furnished,2,Good,7500000
607.0,1,1,0,Metro City,Fully Furnished,2,Good,3500000
1100.0,2,2,19,Metro City,Unfurnished,0,Good,3200000
3900.0,4,4,23,Metro City,Unfurnished,0,Good,33300000
1550.0,3,2,0,Metro City,Semi-Furnished,1,Good,6500000
1820.0,3,3,12,Metro City,Semi-Furnished,2,Excellent,14000000
1996.0,3,4,4,Metro City,Unfurnished,1,Excellent,12300000
1255.0,3,2,20,Metro City,Semi-Furnished,1,Excellent,6000000
1460.0,3,3,23,Metro City,Semi-Furnished,1,Excellent,8800000
1702.0,3,3,4,Metro City,Semi-Furnished,1,Good,12000000
1920.0,4,5,21,Metro City,Fully Furnished,1,Excellent,25000000
1079.0,2,2,15,Metro City,Semi-Furnished,1,Good,4100000
965.0,2,2,7,Tier-2 City,Unfurnished,1,Good,2500000
1161.0,2,2,20,Metro City,Fully Furnished,0,Good,4900000
1200.0,3,2,0,Tier-2 City,Semi-Furnished,1,Good,1700000
2273.0,3,4,4,Metro City,Unfurnished,1,Good,22000000
1225.0,2,2,24,Tier-2 City,Unfurnished,1,Excellent,1350000
860.0,4,4,15,Metro City,Fully Furnished,0,Good,12500000
2072.0,3,4,1,Metro City,Unfurnished,0,Good,16000000
1605.0,3,3,12,Metro City,Unfurnished,0,Poor,10000000
1330.0,2,2,5,Metro City,Semi-Furnished,1,Excellent,6400000
1100.0,2,2,14,Rural Area,Fully Furnished,1,Excellent,500000
1400.0,3,2,1,Metro City,Semi-Furnished,1,Poor,6700000
1050.0,2,2,2,Tier-1 City,Fully Furnished,0,Excellent,3200000
1397.0,3,3,18,Metro City,Semi-Furnished,0,Good,10400000
1082.0,3,3,9,Metro City,Semi-Furnished,0,Good,5050000
416.0,1,1,4,Metro City,Fully Furnished,1,Good,1800000
1307.0,2,2,2,Metro City,Unfurnished,0,Good,5900000
2500.0,3,3,12,Metro City,Semi-Furnished,1,Excellent,34500000
1697.0,3,3,2,Rural Area,Semi-Furnished,1,Excellent,1450000
5020.0,5,7,16,Metro City,Unfurnished,0,Excellent,28700000
1069.0,2,2,8,Metro City,Unfurnished,1,Excellent,5500000
1320.0,2,2,4,Tier-2 City,Semi-Furnished,1,Poor,6200000
1295.0,3,2,6,Metro City,Semi-Furnished,1,Good,5950000
2400.0,3,3,7,Tier-1 City,Unfurnished,0,Good,5650000
1000.0,2,1,0,Metro City,Unfurnished,2,Excellent,5500000
1625.0,3,2,10,Metro City,Semi-Furnished,1,Good,14500000
1175.0,2,2,7,Metro City,Fully Furnished,1,Good,3500000
1128.0,2,2,15,Metro City,Semi-Furnished,3,Excellent,6350000
1200.0,4,4,2,Metro City,Semi-Furnished,2,Excellent,35000000
1500.0,3,3,17,Tier-1 City,Semi-Furnished,1,Excellent,10650000
1623.0,3,3,6,Metro City,Semi-Furnished,0,Good,8900000
1200.0,2,2,6,Metro City,Unfurnished,1,Poor,6000000
1565.0,3,2,2,Metro City,Fully Furnished,2,Good,5800000
975.0,2,2,7,Metro City,Fully Furnished,1,Good,2500000
1250.0,2,2,5,Metro City,Fully Furnished,1,Good,5400000
1750.0,3,3,14,Metro City,Unfurnished,1,Good,15000000
680.0,1,1,20,Metro City,Unfurnished,0,Good,3250000
1120.0,8,8,1,Metro City,Unfurnished,0,Excellent,15500000
1075.0,2,2,5,Metro City,Semi-Furnished,0,Poor,5800000
1000.0,2,2,20,Metro City,Unfurnished,1,Poor,6550000
1013.0,2,2,11,Metro City,Fully Furnished,2,Excellent,5100000
2392.0,3,4,4,Metro City,Semi-Furnished,2,Good,26000000
3000.0,3,3,20,Tier-1 City,Semi-Furnished,1,Good,23650000
950.0,4,4,22,Metro City,Unfurnished,3,Good,18000000
1210.0,2,2,7,Metro City,Semi-Furnished,3,Good,4500000
1420.0,3,2,7,Metro City,Unfurnished,1,Good,7500000
1065.0,2,2,9,Metro City,Semi-Furnished,2,Excellent,3100000
1289.0,2,2,1,Metro City,Semi-Furnished,2,Good,7000000
668.0,1,1,11,Metro City,Semi-Furnished,1,Good,3700000
1355.0,2,2,13,Metro City,Unfurnished,2,Good,7300000
1420.0,2,2,14,Metro City,Semi-Furnished,3,Poor,12000000
700.0,2,1,16,Metro City,Semi-Furnished,1,Excellent,3200000
1000.0,2,2,17,Metro City,Unfurnished,1,Excellent,3800000
1404.0,2,2,22,Metro City,Semi-Furnished,1,Good,7100000
1685.0,3,3,9,Metro City,Unfurnished,1,Good,6000000
935.0,2,2,6,Tier-1 City,Semi-Furnished,1,Good,2350000
971.0,4,2,9,Tier-1 City,Semi-Furnished,0,Good,7750000
1430.0,2,2,21,Metro City,Unfurnished,2,Good,7800000
870.0,2,2,14,Metro City,Unfurnished,2,Good,3600000
1330.0,3,2,4,Rural Area,Unfurnished,2,Good,500000
1355.0,3,3,14,Metro City,Unfurnished,2,Poor,5400000
396.0,3,2,5,Metro City,Semi-Furnished,1,Excellent,4800000
1430.0,2,2,7,Metro City,Semi-Furnished,1,Poor,11300000
1260.0,2,2,0,Metro City,Semi-Furnished,2,Good,11300000
2150.0,4,4,15,Metro City,Semi-Furnished,1,Excellent,10000000
2790.0,4,5,10,Metro City,Unfurnished,1,Good,19800000
2000.0,3,3,13,Metro City,Semi-Furnished,1,Good,25000000
1200.0,3,3,20,Metro City,Unfurnished,1,Good,7000000
1390.0,2,2,9,Metro City,Semi-Furnished,1,Excellent,6200000
1237.5,2,2,4,Metro City,Fully Furnished,1,Good,4950000
1270.0,2,2,7,Metro City,Semi-Furnished,1,Good,8000000
1447.0,2,2,22,Metro City,Unfurnished,1,Good,7600000
1299.0,2,2,0,Metro City,Fully Furnished,0,Good,8200000
1450.0,3,3,5,Metro City,Semi-Furnished,1,Excellent,5450000
1255.0,2,2,6,Metro City,Semi-Furnished,1,Good,8400000
1000.0,2,2,11,Metro City,Semi-Furnished,0,Good,4500000
515.0,1,1,3,Metro City,Semi-Furnished,1,Good,2500000
990.0,2,2,11,Metro City,Unfurnished,1,Excellent,3150000
1890.0,3,4,6,Metro City,Fully Furnished,1,Good,10000000
1357.0,3,2,7,Metro City,Semi-Furnished,0,Excellent,5900000
672.0,4,3,11,Rural Area,Unfurnished,1,Good,800000
1670.0,3,3,1,Rural Area,Unfurnished,1,Good,1250000
1200.0,5,6,15,Metro City,Semi-Furnished,1,Poor,22000000
1200.0,2,1,11,Metro City,Semi-Furnished,1,Excellent,3600000
935.0,2,2,2,Metro City,Fully Furnished,1,Excellent,7800000
750.0,1,1,4,Metro City,Unfurnished,1,Good,3500000
1000.0,2,2,10,Metro City,Unfurnished,1,Excellent,5500000
2880.0,3,3,2,Tier-2 City,Fully Furnished,2,Good,18800000
1200.0,2,2,25,Tier-1 City,Semi-Furnished,2,Good,4700000
1550.0,3,3,2,Metro City,Fully Furnished,1,Excellent,6500000
1200.0,2,2,3,Metro City,Semi-Furnished,2,Good,4600000
1204.0,4,4,0,Tier-2 City,Semi-Furnished,1,Good,5200000
1200.0,4,4,3,Metro City,Unfurnished,2,Good,12000000
1196.0,2,2,4,Metro City,Semi-Furnished,2,Poor,9450000
980.0,2,2,13,Metro City,Fully Furnished,2,Good,4200000
1259.0,2,2,7,Metro City,Fully Furnished,1,Good,6950000
1875.0,7,2,0,Metro City,Unfurnished,0,Excellent,30000000
1225.0,2,2,15,Metro City,Fully Furnished,1,Good,6650000
1050.0,2,2,4,Metro City,Fully Furnished,0,Excellent,5500000
1253.0,2,2,9,Metro City,Fully Furnished,0,Excellent,8150000
2400.0,6,5,20,Metro City,Unfurnished,1,Good,30000000
958.0,5,3,4,Tier-2 City,Unfurnished,0,Excellent,8000000
1651.0,3,3,1,Metro City,Semi-Furnished,1,Excellent,4950000
1230.0,2,2,25,Metro City,Fully Furnished,1,Excellent,6750000
900.0,1,1,5,Metro City,Semi-Furnished,1,Good,3000000
1360.0,3,2,20,Metro City,Fully Furnished,2,Excellent,4500000
1140.0,4,3,13,Metro City,Semi-Furnished,1,Poor,14500000
450.0,1,1,3,Metro City,Unfurnished,2,Good,1250000
1360.0,3,3,15,Tier-2 City,Unfurnished,1,Good,2050000
1125.0,2,2,7,Metro City,Semi-Furnished,0,Good,4700000
1350.0,3,2,7,Metro City,Fully Furnished,3,Poor,6200000
1216.0,2,2,15,Metro City,Semi-Furnished,2,Poor,6700000
1675.0,3,3,8,Metro City,Unfurnished,1,Poor,9200000
1000.0,2,2,2,Tier-2 City,Semi-Furnished,0,Poor,1700000
1330.0,3,2,3,Tier-2 City,Unfurnished,1,Excellent,2050000
1354.0,3,3,13,Metro City,Semi-Furnished,2,Good,9000000
1195.0,2,2,6,Metro City,Unfurnished,0,Poor,7500000
1683.0,3,3,5,Metro City,Semi-Furnished,1,Excellent,8000000
995.0,2,2,25,Metro City,Semi-Furnished,1,Poor,4200000
1148.0,2,2,0,Tier-2 City,Semi-Furnished,1,Poor,1850000
1050.0,2,2,1,Metro City,Unfurnished,1,Good,4700000
1672.0,4,3,24,Tier-2 City,Semi-Furnished,1,Excellent,7150000
1150.0,2,2,4,Metro City,Semi-Furnished,1,Good,2800000
1260.0,2,2,1,Metro City,Semi-Furnished,0,Excellent,6700000
1200.0,6,6,8,Metro City,Semi-Furnished,1,Good,26000000
1200.0,5,5,23,Metro City,Semi-Furnished,2,Excellent,18500000
720.0,3,3,12,Metro City,Semi-Furnished,3,Good,6500000
1200.0,2,2,11,Tier-1 City,Fully Furnished,2,Excellent,3600000
1293.0,2,2,2,Metro City,Semi-Furnished,1,Good,7500000
1279.0,2,2,11,Metro City,Semi-Furnished,2,Poor,7700000
2000.0,1,1,6,Metro City,Fully Furnished,0,Excellent,20000000
1665.0,3,3,0,Metro City,Semi-Furnished,1,Good,7150000
1215.0,2,2,12,Metro City,Semi-Furnished,2,Good,6800000
1700.0,3,3,6,Tier-1 City,Unfurnished,2,Good,5500000
1475.0,2,2,17,Metro City,Semi-Furnished,3,Good,7000000
957.0,2,2,6,Rural Area,Semi-Furnished,1,Good,600000
1200.0,4,4,3,Tier-2 City,Unfurnished,1,Good,3900000
1086.0,2,2,20,Metro City,Semi-Furnished,1,Excellent,4750000
2408.0,3,4,10,Metro City,Fully Furnished,2,Good,26000000
1470.0,2,2,24,Tier-1 City,Fully Furnished,1,Good,3700000
1595.0,3,3,3,Metro City,Semi-Furnished,2,Good,12000000
1541.0,3,3,1,Metro City,Fully Furnished,0,Good,8000000
7500.0,7,7,21,Metro City,Unfurnished,1,Excellent,40000000
1530.0,3,3,12,Metro City,Semi-Furnished,1,Good,4000000
3900.0,4,4,14,Tier-2 City,Semi-Furnished,1,Good,15600000
1200.0,3,3,12,Metro City,Fully Furnished,0,Good,19000000
1340.0,3,2,3,Tier-2 City,Fully Furnished,1,Excellent,2150000
1250.0,2,2,7,Tier-1 City,Fully Furnished,0,Good,3950000
2100.0,4,3,19,Metro City,Semi-Furnished,0,Excellent,28000000
1134.0,2,2,10,Metro City,Semi-Furnished,1,Good,5500000
1148.0,2,2,15,Metro City,Fully Furnished,1,Excellent,4350000
1200.0,5,3,5,Metro City,Semi-Furnished,0,Good,6500000
1342.0,2,2,7,Metro City,Semi-Furnished,1,Good,7200000
2160.0,3,4,2,Tier-2 City,Unfurnished,2,Poor,5850000
2172.65,4,3,4,Metro City,Fully Furnished,0,Excellent,12000000
480.0,1,1,18,Tier-2 City,Unfurnished,2,Good,700000
1178.0,2,2,17,Metro City,Fully Furnished,1,Poor,4050000
1010.0,2,2,9,Metro City,Semi-Furnished,1,Excellent,5800000
600.0,1,1,0,Tier-2 City,Fully Furnished,1,Good,1600000
1130.0,2,2,13,Metro City,Unfurnished,0,Good,7400000
1140.0,2,2,12,Metro City,Unfurnished,1,Good,5050000
4000.0,4,5,12,Tier-2 City,Fully Furnished,1,Poor,8600000
1490.0,3,3,14,Metro City,Unfurnished,2,Good,8500000
990.0,2,2,0,Metro City,Semi-Furnished,1,Excellent,3500000
1140.0,2,2,14,Tier-1 City,Semi-Furnished,1,Excellent,4000000
770.0,2,1,2,Tier-1 City,Fully Furnished,2,Excellent,2700000
694.0,1,1,0,Metro City,Semi-Furnished,1,Good,3100000
1215.0,2,2,0,Rural Area,Unfurnished,2,Good,700000
1101.0,2,2,11,Tier-2 City,Semi-Furnished,3,Excellent,2750000
1220.0,3,3,1,Metro City,Unfurnished,1,Excellent,5600000
1243.0,2,2,0,Metro City,Unfurnished,1,Good,4600000
1670.0,3,3,9,Metro City,Unfurnished,1,Good,7500000
1031.0,2,2,9,Tier-1 City,Unfurnished,2,Good,3950000
662.0,1,1,13,Tier-1 City,Semi-Furnished,1,Poor,2700000
1160.0,3,2,8,Metro City,Semi-Furnished,0,Poor,4200000
1230.0,2,2,8,Rural Area,Unfurnished,0,Good,500000
1230.0,2,2,2,Metro City,Semi-Furnished,1,Good,4400000
1248.0,2,2,23,Metro City,Unfurnished,1,Good,6900000
1767.0,3,3,5,Metro City,Semi-Furnished,1,Poor,10300000
600.0,8,4,15,Metro City,Semi-Furnished,1,Good,17500000
832.0,3,3,10,Metro City,Fully Furnished,1,Excellent,7700000
957.0,2,2,19,Metro City,Unfurnished,1,Good,5600000
3300.0,4,5,1,Metro City,Semi-Furnished,1,Good,31800000
965.0,2,2,2,Tier-2 City,Unfurnished,1,Excellent,1900000
3520.0,3,5,22,Metro City,Semi-Furnished,1,Good,32000000
1143.0,2,2,8,Metro City,Semi-Furnished,3,Excellent,3850000
1100.0,5,5,18,Metro City,Unfurnished,1,Good,13500000
1003.5,2,2,7,Metro City,Unfurnished,0,Good,2800000
1255.0,2,2,6,Metro City,Semi-Furnished,1,Good,5800000
1615.0,3,3,13,Metro City,Semi-Furnished,2,Good,6000000
1856.0,3,4,1,Metro City,Unfurnished,2,Good,18000000
1760.0,3,3,11,Tier-1 City,Fully Furnished,1,Good,10200000
1500.0,2,2,21,Tier-1 City,Fully Furnished,1,Excellent,5800000
1243.0,2,2,13,Metro City,Semi-Furnished,0,Good,4600000
1586.0,3,3,14,Metro City,Fully Furnished,0,Good,9400000
1185.0,2,2,18,Metro City,Semi-Furnished,1,Good,5500000
1573.0,3,3,6,Metro City,Fully Furnished,1,Good,9500000
1155.0,2,2,12,Metro City,Unfurnished,1,Good,3900000
1200.0,2,2,3,Tier-2 City,Unfurnished,2,Good,1950000
2275.0,3,4,8,Metro City,Semi-Furnished,0,Good,18000000
1105.0,2,2,4,Metro City,Unfurnished,0,Excellent,4000000
1350.0,3,2,0,Metro City,Unfurnished,1,Good,4700000
935.0,2,2,14,Metro City,Semi-Furnished,2,Good,4500000
1200.0,5,3,1,Rural Area,Semi-Furnished,2,Good,2200000
1019.0,2,2,4,Metro City,Semi-Furnished,2,Excellent,4600000
1855.0,3,3,2,Metro City,Unfurnished,1,Good,14000000
1760.0,3,2,10,Rural Area,Unfurnished,2,Poor,1400000
1942.0,3,3,7,Metro City,Semi-Furnished,3,Good,15500000
2585.5,4,4,21,Metro City,Unfurnished,1,Good,11500000
2100.0,4,4,4,Metro City,Unfurnished,0,Good,8500000
1800.0,3,3,1,Metro City,Semi-Furnished,1,Excellent,17500000
901.0,2,2,23,Metro City,Unfurnished,1,Excellent,4950000
1611.0,3,2,0,Metro City,Unfurnished,1,Good,6600000
1475.0,2,2,18,Metro City,Semi-Furnished,3,Excellent,8000000
600.0,1,1,3,Metro City,Fully Furnished,2,Excellent,5200000
1320.0,3,2,4,Metro City,Semi-Furnished,2,Good,5550000
1689.0,3,3,3,Metro City,Fully Furnished,0,Good,10300000
1058.0,2,2,4,Rural Area,Semi-Furnished,2,Excellent,1550000
1520.0,3,3,5,Rural Area,Semi-Furnished,3,Good,2100000
5515.0,5,6,11,Metro City,Unfurnished,2,Good,42500000
1680.0,3,2,20,Rural Area,Unfurnished,1,Poor,950000
1060.0,2,2,19,Metro City,Fully Furnished,1,Excellent,4200000
3362.0,4,5,13,Metro City,Fully Furnished,0,Excellent,24900000
1320.0,2,2,6,Metro City,Semi-Furnished,1,Good,11000000
1640.0,3,3,2,Metro City,Fully Furnished,1,Excellent,23000000
1200.0,2,2,10,Metro City,Fully Furnished,3,Good,10000000
1395.0,3,3,3,Tier-2 City,Semi-Furnished,0,Good,2350000
1398.0,3,3,19,Metro City,Unfurnished,3,Good,5100000
1200.0,2,2,3,Metro City,Semi-Furnished,1,Good,5800000
1800.0,6,4,25,Tier-1 City,Semi-Furnished,1,Good,22700000
1823.0,3,3,9,Rural Area,Unfurnished,3,Good,1000000
2367.0,3,4,1,Metro City,Semi-Furnished,0,Poor,34000000
1200.0,2,2,9,Tier-1 City,Unfurnished,1,Good,10800000
1115.0,2,2,5,Metro City,Semi-Furnished,1,Poor,11500000
440.0,3,3,11,Metro City,Fully Furnished,2,Excellent,5000000
1150.0,3,3,5,Tier-1 City,Unfurnished,1,Good,5500000
1130.0,2,2,3,Metro City,Fully Furnished,1,Good,4500000
1563.0,3,3,21,Metro City,Fully Furnished,1,Good,6300000
2505.0,3,3,17,Metro City,Semi-Furnished,2,Excellent,16500000
1020.0,2,2,16,Metro City,Semi-Furnished,1,Poor,5500000
1847.0,3,3,21,Metro City,Unfurnished,1,Excellent,12300000
1094.0,2,2,0,Metro City,Semi-Furnished,0,Good,4200000
7000.0,6,6,20,Metro City,Semi-Furnished,1,Good,56000000
990.0,2,2,0,Metro City,Unfurnished,1,Excellent,4000000
1801.0,3,3,13,Metro City,Fully Furnished,3,Excellent,11500000
2150.0,3,3,8,Metro City,Fully Furnished,1,Good,17000000
1555.0,3,3,4,Metro City,Semi-Furnished,2,Good,12500000
777.0,1,1,14,Metro City,Semi-Furnished,0,Excellent,3850000
940.0,2,2,0,Metro City,Semi-Furnished,2,Excellent,2550000
1145.0,2,2,11,Metro City,Fully Furnished,1,Good,5500000
1220.0,2,2,21,Metro City,Unfurnished,3,Excellent,6200000
1175.0,2,2,8,Metro City,Semi-Furnished,0,Good,6900000
1410.0,3,2,7,Metro City,Unfurnished,2,Excellent,5400000
1120.0,2,2,0,Metro City,Semi-Furnished,3,Poor,3600000
1360.0,3,2,3,Metro City,Semi-Furnished,1,Excellent,5800000
1077.0,2,2,19,Tier-2 City,Unfurnished,0,Good,3650000
1260.0,3,2,7,Metro City,Semi-Furnished,1,Good,7500000
1075.0,2,2,21,Metro City,Semi-Furnished,1,Good,5500000
1976.0,3,3,18,Metro City,Semi-Furnished,0,Good,9200000
1900.0,4,3,15,Metro City,Semi-Furnished,1,Good,40000000
765.0,1,2,15,Metro City,Unfurnished,1,Good,3000000
1224.0,3,2,1,Metro City,Fully Furnished,1,Good,4900000
1225.0,2,2,20,Tier-1 City,Unfurnished,1,Good,5500000
674.0,1,1,1,Tier-1 City,Unfurnished,0,Excellent,1500000
1300.0,3,2,5,Metro City,Semi-Furnished,0,Excellent,5200000
1141.0,2,2,7,Metro City,Semi-Furnished,1,Good,5000000
883.0,2,2,16,Metro City,Fully Furnished,2,Poor,4100000
1200.0,8,8,10,Metro City,Unfurnished,1,Excellent,22000000
900.0,2,2,4,Metro City,Semi-Furnished,1,Good,2250000
1320.0,3,2,1,Metro City,Unfurnished,1,Good,9500000
1510.0,3,3,3,Metro City,Semi-Furnished,1,Good,4750000
825.0,1,1,19,Metro City,Semi-Furnished,1,Good,3650000
1235.0,2,2,1,Tier-1 City,Semi-Furnished,1,Good,5400000
760.0,6,6,12,Metro City,Unfurnished,2,Good,9800000
2940.0,4,6,25,Metro City,Semi-Furnished,1,Good,28000000
1305.0,3,2,13,Tier-2 City,Fully Furnished,1,Good,2700000
940.0,2,2,7,Metro City,Unfurnished,3,Excellent,4000000
1630.0,3,3,16,Metro City,Fully Furnished,0,Good,6850000
1750.0,4,3,3,Metro City,Fully Furnished,2,Good,18500000
3860.0,3,3,1,Metro City,Unfurnished,2,Good,40200000
3044.0,3,3,1,Rural Area,Unfurnished,2,Excellent,2400000
1256.0,2,2,8,Metro City,Semi-Furnished,1,Good,6500000
1830.5,3,3,1,Metro City,Semi-Furnished,1,Good,8400000
1270.0,3,2,4,Tier-2 City,Fully Furnished,0,Excellent,1600000
2400.0,3,2,21,Metro City,Semi-Furnished,2,Good,36000000
1200.0,3,2,20,Metro City,Unfurnished,1,Good,6650000
1150.0,2,2,4,Tier-1 City,Semi-Furnished,0,Poor,2600000
1455.0,3,3,15,Metro City,Fully Furnished,1,Poor,6150000
1225.0,3,2,7,Metro City,Fully Furnished,1,Good,6900000
1460.0,2,2,22,Metro City,Semi-Furnished,1,Good,3850000
1240.0,3,3,13,Metro City,Fully Furnished,2,Poor,16500000
1350.0,2,2,5,Metro City,Semi-Furnished,2,Good,7200000
1300.0,2,2,10,Metro City,Unfurnished,1,Good,5500000
1460.0,3,2,8,Metro City,Unfurnished,1,Good,8700000
3293.0,4,5,0,Metro City,Fully Furnished,1,Good,42500000
1625.0,3,3,14,Rural Area,Semi-Furnished,0,Good,800000
2540.0,4,4,7,Metro City,Unfurnished,2,Excellent,16000000
1700.0,3,3,12,Tier-1 City,Semi-Furnished,1,Good,10250000
883.0,2,2,5,Metro City,Semi-Furnished,1,Excellent,3900000
750.0,1,1,12,Metro City,Fully Furnished,1,Good,10500000
1125.0,2,2,24,Tier-2 City,Semi-Furnished,0,Good,1550000
2008.0,3,3,7,Tier-1 City,Unfurnished,1,Good,13200000
3210.0,4,4,1,Metro City,Fully Furnished,0,Good,19200000
1480.0,2,2,22,Metro City,Semi-Furnished,2,Good,12000000
1650.0,3,3,14,Metro City,Unfurnished,0,Good,8500000
2400.0,3,4,12,Metro City,Semi-Furnished,1,Excellent,32500000
1700.0,3,3,7,Tier-1 City,Semi-Furnished,1,Excellent,4100000
1862.0,3,3,0,Metro City,Semi-Furnished,1,Good,11900000
1700.0,3,3,18,Metro City,Fully Furnished,0,Good,9500000
1614.0,3,3,0,Metro City,Unfurnished,1,Excellent,9300000
1080.0,2,2,5,Metro City,Unfurnished,2,Excellent,3200000
1200.0,4,4,1,Metro City,Fully Furnished,0,Excellent,8600000
1756.0,3,3,0,Tier-1 City,Unfurnished,1,Good,6100000
1700.0,3,3,8,Tier-1 City,Fully Furnished,2,Good,10600000
3978.0,4,4,19,Metro City,Semi-Furnished,0,Good,42800000
1080.0,2,2,7,Tier-2 City,Unfurnished,2,Good,1500000
550.0,1,1,6,Metro City,Semi-Furnished,1,Excellent,1150000
1000.0,2,1,5,Tier-1 City,Unfurnished,3,Good,4100000
1043.0,2,2,0,Metro City,Fully Furnished,2,Good,3950000
2100.0,3,4,4,Tier-2 City,Semi-Furnished,1,Good,4450000
1630.0,3,3,19,Metro City,Unfurnished,1,Good,9500000
1445.0,2,2,17,Metro City,Semi-Furnished,1,Poor,8200000
985.0,2,2,0,Metro City,Semi-Furnished,1,Good,4900000
1553.0,3,3,8,Metro City,Fully Furnished,0,Excellent,6800000
1301.0,2,2,6,Metro City,Fully Furnished,1,Good,12000000
1480.0,3,3,15,Metro City,Fully Furnished,1,Good,7500000
1680.0,3,3,23,Metro City,Semi-Furnished,1,Poor,12500000
1007.0,2,2,19,Metro City,Semi-Furnished,1,Good,4200000
2750.0,3,3,15,Metro City,Unfurnished,2,Good,26000000
1115.0,2,2,4,Metro City,Semi-Furnished,1,Excellent,3350000
1500.0,8,8,6,Metro City,Semi-Furnished,0,Good,15000000
1250.0,3,3,5,Metro City,Unfurnished,2,Excellent,5500000
2019.0,3,3,7,Metro City,Unfurnished,1,Good,7050000
1044.0,2,2,20,Metro City,Semi-Furnished,1,Excellent,6000000
1065.0,3,2,14,Metro City,Fully Furnished,0,Good,4250000
1500.0,4,4,3,Rural Area,Semi-Furnished,2,Excellent,3500000
1169.0,2,2,14,Metro City,Unfurnished,1,Good,5000000
1276.0,2,2,13,Tier-2 City,Unfurnished,0,Excellent,2800000
2720.0,3,5,7,Metro City,Semi-Furnished,2,Poor,21000000
1060.0,2,2,14,Metro City,Unfurnished,0,Good,5200000
5000.0,4,4,16,Metro City,Unfurnished,0,Poor,42500000
1155.0,2,2,7,Metro City,Unfurnished,3,Excellent,4250000
1670.0,3,3,20,Metro City,Unfurnished,1,Good,9200000
1225.0,3,3,9,Metro City,Semi-Furnished,2,Good,6000000
1200.0,3,2,1,Metro City,Fully Furnished,1,Excellent,5800000
1703.0,3,3,5,Metro City,Fully Furnished,1,Excellent,12000000
1545.0,3,3,8,Metro City,Unfurnished,1,Good,6900000
1200.0,4,4,2,Metro City,Semi-Furnished,0,Good,13500000
1600.0,3,2,0,Metro City,Semi-Furnished,0,Good,11000000
1200.0,4,6,10,Metro City,Unfurnished,1,Good,6000000
1900.0,3,3,19,Metro City,Fully Furnished,1,Good,11900000
1019.0,2,2,5,Metro City,Fully Furnished,1,Good,5000000
1124.0,2,2,12,Tier-1 City,Unfurnished,1,Poor,2450000
3500.0,3,3,20,Metro City,Semi-Furnished,2,Good,27500000
1170.0,2,2,12,Metro City,Semi-Furnished,1,Good,6500000
1355.0,2,2,24,Metro City,Semi-Furnished,0,Good,11500000
1478.0,2,2,8,Tier-1 City,Semi-Furnished,1,Good,8400000
1795.0,3,3,16,Metro City,Semi-Furnished,1,Good,6450000
600.0,2,2,7,Tier-2 City,Unfurnished,1,Poor,2300000
1420.0,3,2,5,Tier-1 City,Unfurnished,0,Excellent,7150000
675.0,1,1,13,Rural Area,Semi-Furnished,2,Poor,750000
1518.0,3,3,13,Metro City,Fully Furnished,2,Excellent,7500000
1075.0,2,2,8,Metro City,Semi-Furnished,0,Good,6000000
1922.0,3,3,3,Tier-2 City,Unfurnished,2,Good,4400000
845.0,2,2,4,Metro City,Unfurnished,3,Good,3700000
1400.0,3,2,11,Metro City,Semi-Furnished,1,Good,4050000
1290.0,3,2,5,Tier-2 City,Unfurnished,2,Good,2800000
1480.0,3,3,3,Metro City,Unfurnished,0,Good,9000000
871.0,2,2,5,Rural Area,Fully Furnished,1,Good,550000
1175.0,3,2,2,Metro City,Semi-Furnished,0,Good,4800000
933.0,2,2,3,Metro City,Unfurnished,1,Excellent,5500000
900.0,5,4,11,Metro City,Unfurnished,0,Good,14000000
1299.0,2,2,8,Metro City,Unfurnished,1,Poor,10000000
1145.0,2,2,2,Metro City,Semi-Furnished,1,Good,4400000
1200.0,3,2,12,Metro City,Semi-Furnished,0,Excellent,13000000
971.0,3,2,10,Metro City,Semi-Furnished,3,Excellent,3800000
861.0,2,2,19,Tier-2 City,Unfurnished,2,Good,1050000
1090.0,2,2,21,Metro City,Semi-Furnished,1,Good,4600000
1173.0,2,2,22,Rural Area,Unfurnished,0,Excellent,1150000
1050.0,2,2,25,Rural Area,Unfurnished,0,Good,900000
2450.0,4,3,9,Metro City,Semi-Furnished,0,Poor,11000000
1410.0,4,2,20,Metro City,Semi-Furnished,1,Excellent,28000000
1615.0,3,3,1,Metro City,Semi-Furnished,0,Good,17500000
1315.0,3,3,7,Metro City,Semi-Furnished,0,Good,6500000
1570.0,3,3,6,Metro City,Unfurnished,2,Excellent,8000000
1044.0,2,2,10,Metro City,Fully Furnished,1,Poor,5500000
1243.0,2,2,21,Metro City,Fully Furnished,3,Good,4850000
1100.0,2,2,5,Metro City,Semi-Furnished,1,Good,7200000
1039.0,2,2,7,Metro City,Semi-Furnished,0,Excellent,3950000
2000.0,4,4,0,Metro City,Semi-Furnished,1,Good,9900000
3300.0,3,3,2,Metro City,Unfurnished,2,Good,16500000
1000.0,2,2,13,Metro City,Unfurnished,1,Poor,2900000
1187.0,2,2,17,Metro City,Unfurnished,1,Good,5200000
1251.0,2,2,20,Metro City,Fully Furnished,1,Good,4700000
2849.0,5,5,16,Tier-2 City,Semi-Furnished,0,Poor,9550000
1517.0,3,3,8,Rural Area,Unfurnished,0,Good,750000
1763.0,2,3,10,Metro City,Unfurnished,1,Good,26200000
1466.0,3,3,5,Metro City,Semi-Furnished,2,Poor,6000000
1349.0,2,2,25,Metro City,Semi-Furnished,1,Excellent,9800000
2100.0,4,3,3,Rural Area,Semi-Furnished,2,Good,2750000
918.0,2,2,5,Rural Area,Unfurnished,1,Good,650000
3210.0,3,4,0,Metro City,Semi-Furnished,2,Excellent,38000000
1600.0,3,2,12,Metro City,Fully Furnished,1,Good,8000000
520.0,1,1,7,Tier-1 City,Semi-Furnished,2,Excellent,1000000
1896.0,4,3,15,Metro City,Fully Furnished,1,Good,12500000
1708.0,4,3,4,Metro City,Semi-Furnished,2,Good,6400000
999.0,2,2,3,Metro City,Semi-Furnished,0,Good,4500000
985.0,2,2,8,Metro City,Fully Furnished,1,Good,5000000
800.0,5,5,19,Metro City,Semi-Furnished,2,Good,9500000
1650.0,3,2,23,Metro City,Semi-Furnished,0,Excellent,5000000
2113.0,3,3,5,Metro City,Semi-Furnished,1,Good,15500000
1200.0,3,2,3,Metro City,Fully Furnished,1,Good,6600000
1230.0,3,2,21,Metro City,Semi-Furnished,0,Good,3150000
1600.0,3,2,17,Metro City,Semi-Furnished,2,Good,14000000
3951.0,4,4,11,Rural Area,Fully Furnished,2,Excellent,2850000
1788.0,3,3,7,Metro City,Fully Furnished,1,Good,9000000
760.0,1,1,11,Metro City,Semi-Furnished,1,Excellent,5050000
2093.0,4,4,3,Metro City,Fully Furnished,1,Good,13400000
1000.0,2,2,21,Metro City,Fully Furnished,2,Excellent,5800000
1450.0,3,2,15,Metro City,Unfurnished,1,Poor,5000000
500.0,1,1,14,Tier-1 City,Semi-Furnished,1,Poor,1650000
1200.0,3,2,13,Metro City,Unfurnished,0,Good,5500000
4200.0,4,4,11,Metro City,Semi-Furnished,0,Good,25500000
1300.0,2,2,3,Metro City,Unfurnished,1,Good,12900000
1522.5,3,3,13,Tier-2 City,Fully Furnished,1,Excellent,2750000
1800.0,4,4,3,Metro City,Semi-Furnished,1,Good,14500000
2968.0,3,3,1,Metro City,Semi-Furnished,0,Excellent,22500000
1700.0,4,4,2,Metro City,Semi-Furnished,2,Good,10800000
1123.0,2,2,13,Metro City,Fully Furnished,2,Good,5600000
1500.0,3,2,2,Metro City,Semi-Furnished,1,Excellent,9000000
1185.0,2,2,6,Metro City,Unfurnished,1,Excellent,5100000
1175.0,2,2,12,Metro City,Unfurnished,1,Good,5400000
1252.0,2,2,2,Metro City,Unfurnished,2,Excellent,9200000
1194.0,2,2,16,Metro City,Unfurnished,1,Good,4700000
1790.0,3,3,6,Metro City,Semi-Furnished,1,Good,12700000
980.0,2,2,2,Tier-2 City,Semi-Furnished,1,Excellent,1200000
1280.0,2,2,5,Metro City,Fully Furnished,0,Poor,5800000
1570.0,3,3,21,Metro City,Fully Furnished,2,Excellent,6200000
1600.0,4,4,5,Metro City,Fully Furnished,1,Good,30000000
1072.0,2,2,3,Metro City,Unfurnished,2,Excellent,2500000
1216.0,2,2,11,Metro City,Semi-Furnished,1,Good,7250000
2733.0,4,5,15,Metro City,Semi-Furnished,1,Good,25900000
545.0,2,1,7,Tier-2 City,Unfurnished,0,Poor,950000
1655.0,3,3,17,Metro City,Unfurnished,2,Good,9500000
1200.0,5,4,22,Tier-1 City,Fully Furnished,2,Good,8150000
1050.0,2,2,4,Metro City,Fully Furnished,1,Excellent,3500000
1235.0,2,2,21,Tier-1 City,Unfurnished,1,Excellent,4100000
1416.0,3,3,9,Metro City,Semi-Furnished,0,Good,9400000
1330.0,3,4,1,Metro City,Unfurnished,1,Excellent,14000000
1411.0,3,3,23,Metro City,Semi-Furnished,1,Good,9300000
1000.0,2,2,2,Metro City,Unfurnished,1,Excellent,7050000
1200.0,3,3,1,Metro City,Fully Furnished,1,Excellent,26500000
1020.0,2,2,0,Metro City,Unfurnished,1,Poor,4450000
800.0,5,5,19,Tier-1 City,Semi-Furnished,2,Good,6350000
2087.01,3,4,11,Metro City,Semi-Furnished,0,Good,16000000
2900.0,4,3,23,Metro City,Semi-Furnished,1,Excellent,13500000
1100.0,2,2,22,Metro City,Semi-Furnished,1,Poor,3800000
1500.0,1,1,1,Metro City,Semi-Furnished,1,Good,30000000
1000.0,2,2,17,Metro City,Semi-Furnished,0,Excellent,2950000
2400.0,3,3,19,Metro City,Unfurnished,2,Good,27000000
1320.0,3,2,6,Metro City,Semi-Furnished,1,Excellent,3800000
1464.0,3,3,4,Metro City,Unfurnished,2,Good,5600000
1390.0,3,3,9,Metro City,Semi-Furnished,1,Excellent,12000000
1447.0,2,3,6,Metro City,Unfurnished,1,Excellent,7600000
3500.0,6,5,1,Metro City,Fully Furnished,2,Good,16000000
1200.0,2,2,18,Tier-1 City,Semi-Furnished,0,Poor,3000000
1140.0,2,2,6,Tier-1 City,Unfurnished,2,Good,2850000
1151.0,2,2,14,Metro City,Semi-Furnished,0,Excellent,4300000
675.0,6,6,14,Metro City,Semi-Furnished,1,Good,12500000
1925.0,3,3,23,Metro City,Unfurnished,3,Excellent,12500000
1400.0,3,3,2,Tier-1 City,Fully Furnished,2,Poor,3500000
2400.0,5,5,3,Metro City,Unfurnished,2,Excellent,10000000
1150.0,2,2,2,Metro City,Fully Furnished,1,Excellent,9000000
2776.0,3,4,10,Rural Area,Unfurnished,1,Good,2000000
1355.0,2,2,24,Tier-1 City,Semi-Furnished,0,Good,7200000
1680.0,3,3,3,Metro City,Unfurnished,2,Good,12500000
2200.0,2,2,4,Metro City,Semi-Furnished,1,Excellent,5500000
1583.0,3,3,5,Metro City,Semi-Furnished,1,Good,10500000
1035.0,2,2,4,Metro City,Fully Furnished,1,Excellent,3950000
1280.0,2,2,6,Metro City,Unfurnished,1,Excellent,6500000
1390.0,2,2,3,Metro City,Semi-Furnished,0,Good,6550000
1361.0,2,2,23,Metro City,Semi-Furnished,2,Excellent,7900000
1640.0,3,3,10,Metro City,Semi-Furnished,0,Good,22000000
1275.0,2,2,5,Metro City,Unfurnished,1,Good,10500000
1885.0,3,3,16,Tier-1 City,Unfurnished,1,Excellent,5850000
1200.0,3,3,1,Tier-2 City,Semi-Furnished,2,Excellent,5850000
1101.0,2,2,11,Metro City,Fully Furnished,3,Excellent,6600000
1850.0,3,3,3,Tier-1 City,Unfurnished,1,Good,8950000
1349.0,2,2,5,Metro City,Unfurnished,0,Excellent,9800000
1060.0,6,6,6,Metro City,Semi-Furnished,3,Good,11000000
1500.0,3,3,7,Metro City,Semi-Furnished,1,Good,5000000
1690.0,3,3,9,Metro City,Semi-Furnished,1,Good,5000000
2300.0,6,7,6,Tier-2 City,Semi-Furnished,1,Good,6650000
1306.0,3,2,4,Metro City,Unfurnished,0,Excellent,5800000
1590.0,3,3,9,Metro City,Semi-Furnished,1,Good,5700000
800.0,4,4,21,Tier-2 City,Semi-Furnished,2,Good,7650000
630.0,1,2,3,Metro City,Fully Furnished,1,Good,7000000
750.0,4,4,2,Metro City,Semi-Furnished,1,Excellent,9000000
663.0,1,1,5,Metro City,Semi-Furnished,1,Excellent,4600000
1250.0,3,2,5,Tier-1 City,Unfurnished,3,Excellent,5050000
2700.0,3,3,10,Metro City,Unfurnished,1,Good,45000000
1262.0,2,2,1,Metro City,Unfurnished,1,Poor,6300000
1200.0,4,4,22,Metro City,Fully Furnished,1,Good,19500000
1200.0,2,2,9,Metro City,Semi-Furnished,1,Excellent,5400000
1450.0,3,3,19,Tier-2 City,Unfurnished,1,Good,2050000
4500.0,4,5,10,Tier-2 City,Unfurnished,0,Good,4950000
1565.0,3,2,7,Tier-2 City,Fully Furnished,1,Good,1900000
2500.0,3,4,14,Metro City,Unfurnished,3,Good,26000000
1520.0,3,3,3,Metro City,Unfurnished,1,Excellent,12500000
907.0,2,2,5,Metro City,Unfurnished,1,Good,5550000
1140.0,2,2,13,Metro City,Unfurnished,0,Excellent,5050000
600.0,2,1,8,Tier-2 City,Unfurnished,1,Excellent,1550000
2875.0,7,7,3,Metro City,Fully Furnished,1,Good,8500000
1232.0,2,2,4,Metro City,Fully Furnished,1,Good,6950000
1187.0,2,2,5,Metro City,Semi-Furnished,1,Good,4500000
3027.0,3,4,6,Metro City,Unfurnished,2,Poor,26000000
925.0,2,2,8,Metro City,Unfurnished,1,Excellent,4600000
1200.0,2,2,1,Metro City,Unfurnished,1,Good,4600000
1430.0,3,2,5,Metro City,Semi-Furnished,0,Good,7850000
3200.0,3,3,7,Rural Area,Unfurnished,2,Excellent,3350000
850.0,2,1,19,Metro City,Semi-Furnished,2,Good,3550000
1805.0,3,3,21,Rural Area,Unfurnished,2,Good,1550000
3252.0,4,5,21,Metro City,Semi-Furnished,1,Excellent,33500000
1200.0,2,2,4,Metro City,Semi-Furnished,2,Good,6050000
1310.0,3,3,22,Metro City,Fully Furnished,1,Good,6300000
552.5,1,1,18,Tier-2 City,Unfurnished,1,Excellent,500000
1000.0,2,2,18,Metro City,Unfurnished,3,Good,5800000
1758.0,3,3,4,Metro City,Semi-Furnished,1,Good,9500000
1240.0,3,3,10,Metro City,Semi-Furnished,1,Good,4350000
1830.0,3,3,12,Metro City,Fully Furnished,0,Good,8800000
1866.0,3,2,13,Metro City,Unfurnished,1,Good,6150000
1139.0,2,2,1,Metro City,Unfurnished,2,Poor,5650000
581.91,1,2,1,Metro City,Semi-Furnished,1,Excellent,2500000
1204.0,2,2,15,Tier-1 City,Fully Furnished,0,Good,3900000
1780.0,3,3,1,Tier-2 City,Semi-Furnished,1,Good,3200000
1738.0,3,3,12,Metro City,Semi-Furnished,1,Good,11000000
1752.12,3,3,19,Metro City,Unfurnished,1,Good,11600000
1473.0,2,2,3,Metro City,Semi-Furnished,1,Good,8500000
5400.0,4,5,15,Metro City,Semi-Furnished,2,Excellent,47500000
1823.0,3,3,9,Metro City,Fully Furnished,3,Good,10300000
1450.0,2,2,25,Rural Area,Unfurnished,1,Poor,1050000
984.0,2,2,0,Metro City,Semi-Furnished,2,Good,4600000
1223.0,2,2,5,Metro City,Semi-Furnished,1,Excellent,4300000
800.0,1,1,1,Metro City,Unfurnished,2,Excellent,7200000
2507.0,4,4,4,Metro City,Semi-Furnished,1,Good,15500000
2651.0,3,2,9,Tier-2 City,Unfurnished,1,Excellent,8450000
1000.0,6,6,10,Metro City,Fully Furnished,2,Good,6900000
3850.0,4,6,1,Metro City,Semi-Furnished,2,Excellent,20500000
975.0,2,2,1,Metro City,Unfurnished,2,Excellent,6300000
1100.0,2,2,1,Metro City,Semi-Furnished,2,Excellent,8500000
1425.0,3,2,5,Tier-2 City,Semi-Furnished,0,Good,3150000
1221.0,3,3,4,Metro City,Semi-Furnished,2,Good,6500000
1157.0,3,2,1,Metro City,Fully Furnished,1,Good,7500000
1500.0,6,7,7,Metro City,Semi-Furnished,2,Poor,22000000
784.0,4,2,2,Metro City,Semi-Furnished,1,Good,16500000
2215.0,3,3,16,Metro City,Unfurnished,1,Good,27500000
1300.0,3,3,3,Metro City,Unfurnished,0,Good,6000000
1200.0,2,2,15,Metro City,Fully Furnished,1,Good,13600000
1318.0,3,2,16,Metro City,Fully Furnished,1,Good,6800000
1731.0,3,3,5,Tier-2 City,Unfurnished,1,Good,2650000
1275.0,3,3,0,Metro City,Unfurnished,0,Good,4400000
1640.0,3,3,1,Metro City,Semi-Furnished,1,Good,24100000
1000.0,2,3,10,Tier-1 City,Fully Furnished,2,Good,3450000
975.0,2,2,2,Metro City,Semi-Furnished,1,Good,6500000
3450.0,3,5,9,Tier-2 City,Unfurnished,1,Excellent,6850000
902.0,2,2,12,Tier-1 City,Fully Furnished,1,Good,2800000
1015.0,2,2,7,Metro City,Unfurnished,2,Good,4000000
896.0,2,2,1,Metro City,Unfurnished,0,Good,4400000
5500.0,4,5,0,Metro City,Semi-Furnished,1,Good,150000000
1668.0,3,2,21,Metro City,Unfurnished,1,Excellent,12000000
1530.0,3,3,11,Metro City,Semi-Furnished,1,Good,6400000
1050.0,1,2,0,Tier-1 City,Semi-Furnished,0,Excellent,2300000
4000.0,4,4,16,Metro City,Semi-Furnished,0,Excellent,67500000
2880.0,4,3,7,Metro City,Fully Furnished,1,Good,21100000
1250.0,4,4,19,Tier-1 City,Fully Furnished,2,Good,8500000
1100.0,4,5,23,Rural Area,Unfurnished,1,Good,1900000
2257.0,3,3,5,Metro City,Unfurnished,2,Good,15500000
1400.0,2,2,5,Metro City,Unfurnished,1,Good,10500000
2658.0,4,5,7,Metro City,Fully Furnished,2,Good,18900000
1190.0,2,2,16,Metro City,Fully Furnished,2,Good,4200000
1900.0,3,4,6,Metro City,Semi-Furnished,1,Good,18000000
1427.0,3,2,16,Metro City,Semi-Furnished,1,Excellent,8050000
900.0,2,2,3,Metro City,Semi-Furnished,2,Poor,4600000
1250.0,2,2,3,Metro City,Fully Furnished,1,Good,5500000
1685.0,3,3,22,Metro City,Fully Furnished,3,Good,13500000
1530.0,4,3,7,Metro City,Unfurnished,2,Good,8700000
1245.0,3,2,5,Metro City,Semi-Furnished,0,Good,6800000
1893.0,3,3,11,Metro City,Unfurnished,3,Good,10000000
1100.0,2,2,4,Metro City,Semi-Furnished,0,Excellent,5000000
1560.0,3,2,0,Metro City,Semi-Furnished,1,Good,9800000
1100.0,2,2,2,Tier-2 City,Semi-Furnished,1,Good,1600000
1200.0,4,4,5,Metro City,Unfurnished,1,Excellent,21000000
1200.0,2,2,3,Metro City,Semi-Furnished,1,Excellent,8500000
1325.0,2,2,1,Metro City,Semi-Furnished,1,Excellent,6500000
1450.0,3,3,9,Tier-1 City,Semi-Furnished,2,Excellent,4150000
1200.0,2,2,16,Metro City,Fully Furnished,1,Good,5500000
1400.0,3,3,2,Metro City,Unfurnished,2,Good,6900000
5500.0,4,4,2,Metro City,Fully Furnished,2,Good,60000000
2093.0,4,4,8,Metro City,Fully Furnished,2,Good,10400000
1050.0,2,2,21,Metro City,Unfurnished,1,Good,3200000
1000.0,2,2,13,Tier-2 City,Semi-Furnished,1,Poor,1350000
1724.0,3,3,16,Metro City,Unfurnished,1,Excellent,14600000
655.0,1,1,6,Metro City,Unfurnished,0,Excellent,2700000
700.0,2,2,8,Metro City,Fully Furnished,1,Good,3500000
1100.0,2,2,5,Rural Area,Unfurnished,0,Excellent,600000
1139.0,2,2,15,Metro City,Unfurnished,0,Good,6000000
1060.0,2,2,12,Metro City,Unfurnished,0,Good,5500000
1082.0,3,2,4,Metro City,Unfurnished,1,Poor,5500000
1060.0,2,2,14,Metro City,Semi-Furnished,1,Good,5100000
1320.0,3,2,11,Metro City,Unfurnished,1,Good,4600000
929.0,2,1,9,Tier-2 City,Unfurnished,0,Excellent,1550000
1105.0,2,2,7,Tier-2 City,Unfurnished,1,Good,1200000
995.0,2,1,14,Tier-2 City,Unfurnished,0,Good,1150000
1508.0,3,3,4,Metro City,Unfurnished,3,Excellent,7500000
2300.0,3,3,1,Metro City,Fully Furnished,0,Excellent,8000000
1080.0,2,2,23,Metro City,Semi-Furnished,1,Good,7200000
420.0,2,2,17,Metro City,Semi-Furnished,1,Good,3500000
1400.0,3,3,9,Tier-1 City,Unfurnished,1,Good,4850000
923.0,1,1,3,Metro City,Semi-Furnished,0,Excellent,6100000
1550.0,3,2,0,Tier-1 City,Semi-Furnished,0,Good,9250000
1280.0,3,2,8,Tier-2 City,Unfurnished,1,Poor,4150000
1785.0,3,3,8,Metro City,Semi-Furnished,0,Good,11800000
1085.0,2,2,15,Tier-1 City,Fully Furnished,3,Excellent,3950000
1180.0,5,5,7,Metro City,Unfurnished,1,Good,9850000
1200.0,4,4,17,Metro City,Unfurnished,1,Excellent,17500000
2464.5,4,6,2,Metro City,Fully Furnished,1,Excellent,11800000
1056.0,2,2,3,Metro City,Semi-Furnished,1,Excellent,5500000
1295.0,2,2,4,Metro City,Semi-Furnished,2,Good,9500000
645.0,1,1,9,Metro City,Unfurnished,3,Excellent,4250000
1273.0,2,2,1,Metro City,Semi-Furnished,1,Good,6000000
850.0,1,1,5,Metro City,Semi-Furnished,1,Good,3750000
1490.0,3,3,1,Metro City,Unfurnished,1,Good,14000000
2215.0,3,4,14,Metro City,Unfurnished,0,Excellent,15600000
600.0,6,6,21,Metro City,Unfurnished,1,Good,7500000
660.0,2,1,5,Metro City,Semi-Furnished,2,Excellent,1600000
535.0,2,1,5,Metro City,Semi-Furnished,2,Good,2000000
1584.0,4,3,12,Metro City,Unfurnished,0,Excellent,14500000
3100.0,4,5,8,Metro City,Semi-Furnished,2,Good,38500000
1650.0,3,2,12,Metro City,Fully Furnished,0,Excellent,5200000
2400.0,4,5,3,Tier-1 City,Semi-Furnished,2,Good,49350000
1400.0,2,2,0,Rural Area,Semi-Furnished,0,Excellent,500000
1200.0,2,2,16,Metro City,Semi-Furnished,0,Good,6700000
863.0,1,1,10,Metro City,Fully Furnished,1,Good,4050000
1790.0,3,3,10,Metro City,Unfurnished,2,Good,12000000
1730.0,3,3,5,Metro City,Fully Furnished,2,Good,11500000
1200.0,4,5,14,Metro City,Semi-Furnished,2,Good,11000000
1420.0,2,2,2,Tier-2 City,Unfurnished,1,Good,4400000
1200.0,2,2,8,Metro City,Unfurnished,1,Excellent,7000000
1135.0,2,2,1,Metro City,Semi-Furnished,0,Good,5500000
600.0,2,1,9,Metro City,Semi-Furnished,0,Good,6800000
1470.0,3,3,7,Metro City,Semi-Furnished,1,Excellent,5000000
850.0,2,2,6,Tier-2 City,Fully Furnished,0,Excellent,2300000
1756.0,3,3,4,Metro City,Fully Furnished,1,Poor,11000000
1108.0,2,2,7,Rural Area,Semi-Furnished,1,Good,700000
1868.0,3,3,22,Metro City,Fully Furnished,2,Good,12100000
1280.0,2,2,2,Metro City,Semi-Furnished,0,Good,6900000
1560.0,3,3,22,Metro City,Semi-Furnished,2,Good,8350000
1015.0,2,2,6,Metro City,Unfurnished,2,Good,3900000
1360.0,2,2,18,Metro City,Semi-Furnished,1,Good,7800000
682.0,1,1,9,Metro City,Semi-Furnished,1,Good,3600000
610.0,1,1,9,Metro City,Semi-Furnished,1,Good,1850000
1250.0,2,2,7,Tier-1 City,Fully Furnished,0,Good,3200000
1240.0,3,3,13,Tier-1 City,Fully Furnished,2,Poor,12250000
4000.0,4,5,23,Tier-2 City,Fully Furnished,1,Good,19750000
2396.0,4,4,14,Metro City,Fully Furnished,0,Good,32500000
1040.0,2,2,10,Metro City,Unfurnished,1,Good,3700000
1100.0,2,2,3,Metro City,Semi-Furnished,1,Good,4950000
1780.0,3,3,0,Metro City,Semi-Furnished,0,Good,8500000
1200.0,5,6,22,Tier-1 City,Unfurnished,1,Good,6700000
1500.0,3,3,15,Metro City,Fully Furnished,1,Good,12500000
1270.0,3,2,16,Metro City,Fully Furnished,1,Good,5400000
1756.0,3,3,0,Metro City,Unfurnished,1,Good,9200000
2400.0,6,4,4,Metro City,Fully Furnished,1,Poor,17000000
1200.0,3,3,2,Metro City,Semi-Furnished,1,Good,14500000
2051.0,3,3,12,Rural Area,Unfurnished,0,Excellent,1500000
1571.0,3,3,0,Tier-1 City,Semi-Furnished,1,Excellent,3950000
1060.0,2,2,18,Metro City,Fully Furnished,0,Poor,3500000
1115.0,2,2,9,Metro City,Unfurnished,2,Good,3350000
1132.0,2,2,0,Metro City,Fully Furnished,1,Good,8950000
1595.0,3,3,0,Metro City,Semi-Furnished,1,Excellent,8800000
900.0,2,2,12,Metro City,Unfurnished,1,Excellent,12800000
1200.0,2,2,4,Metro City,Semi-Furnished,2,Excellent,8000000
1453.0,3,2,3,Metro City,Unfurnished,1,Excellent,4350000
1500.0,3,3,2,Tier-2 City,Unfurnished,0,Excellent,4500000
1650.0,3,3,22,Metro City,Unfurnished,0,Poor,12500000
1350.0,3,3,12,Metro City,Semi-Furnished,2,Good,6500000
1197.0,2,2,16,Rural Area,Semi-Furnished,3,Good,800000
2406.0,3,5,16,Tier-2 City,Unfurnished,1,Good,9800000
1703.0,3,3,7,Metro City,Unfurnished,2,Good,13000000
1863.0,4,3,6,Tier-1 City,Fully Furnished,1,Poor,5700000
1275.0,2,2,24,Tier-1 City,Fully Furnished,1,Excellent,2950000
1372.0,3,2,0,Metro City,Unfurnished,1,Excellent,9000000
1289.0,2,2,1,Rural Area,Unfurnished,2,Good,700000
950.0,2,2,1,Metro City,Fully Furnished,0,Good,6500000
1200.0,3,3,14,Metro City,Unfurnished,1,Excellent,11000000
1270.0,2,2,2,Metro City,Semi-Furnished,0,Good,4200000
1200.0,2,2,11,Metro City,Semi-Furnished,0,Good,7300000
861.0,2,2,0,Metro City,Fully Furnished,2,Good,3650000
1457.0,2,2,8,Metro City,Unfurnished,2,Good,6000000
900.0,2,2,1,Metro City,Semi-Furnished,1,Poor,3500000
450.0,3,3,1,Metro City,Fully Furnished,1,Good,7000000
1200.0,8,8,5,Metro City,Semi-Furnished,2,Poor,9000000
1208.0,3,2,13,Metro City,Semi-Furnished,1,Good,4350000
375.0,1,1,8,Metro City,Fully Furnished,1,Good,4000000
1180.0,3,2,9,Metro City,Semi-Furnished,0,Good,7850000
1126.0,2,2,5,Rural Area,Unfurnished,0,Good,500000
1685.0,3,3,4,Tier-2 City,Fully Furnished,0,Good,3050000
1367.0,2,2,9,Tier-2 City,Semi-Furnished,1,Good,2450000
1644.0,3,3,5,Tier-2 City,Semi-Furnished,0,Good,2500000
1418.0,2,2,7,Metro City,Semi-Furnished,1,Good,9500000
2282.0,4,4,12,Metro City,Semi-Furnished,2,Poor,11500000
1518.0,3,3,5,Metro City,Fully Furnished,1,Excellent,7600000
2500.0,4,5,1,Metro City,Unfurnished,1,Good,18100000
1125.0,2,2,12,Metro City,Semi-Furnished,0,Good,7500000
1985.0,3,4,13,Metro City,Unfurnished,1,Good,18900000
1070.0,2,2,3,Metro City,Semi-Furnished,2,Good,5400000
2225.0,4,4,5,Metro City,Fully Furnished,2,Good,9900000
984.0,2,2,5,Metro City,Fully Furnished,0,Good,4450000
1279.0,2,2,7,Metro City,Fully Furnished,1,Good,10000000
1532.0,3,3,12,Metro City,Fully Furnished,1,Good,8300000
1600.0,3,2,8,Metro City,Semi-Furnished,0,Good,5500000
1293.0,3,2,5,Metro City,Unfurnished,1,Good,8000000
469.0,1,1,9,Metro City,Fully Furnished,0,Good,2500000
2100.0,3,3,23,Metro City,Fully Furnished,0,Good,22000000
985.0,2,2,0,Metro City,Semi-Furnished,1,Excellent,2500000
1010.0,2,2,9,Tier-1 City,Fully Furnished,0,Good,2650000
1200.0,2,2,0,Metro City,Fully Furnished,2,Good,7500000
1153.0,2,2,1,Metro City,Semi-Furnished,1,Good,5600000
1485.0,3,2,18,Tier-1 City,Semi-Furnished,0,Good,5400000
1200.0,2,2,11,Metro City,Fully Furnished,2,Excellent,6500000
1006.0,2,2,4,Metro City,Unfurnished,1,Excellent,5700000
940.0,2,2,8,Metro City,Fully Furnished,2,Good,6950000
2500.0,3,4,3,Metro City,Semi-Furnished,2,Poor,14000000
4100.0,7,7,20,Metro City,Semi-Furnished,2,Poor,14000000
1100.0,2,2,8,Metro City,Semi-Furnished,1,Good,4900000
1340.0,3,2,8,Metro City,Fully Furnished,1,Good,5350000
850.0,2,2,14,Metro City,Semi-Furnished,1,Good,3000000
1700.0,3,3,24,Tier-1 City,Semi-Furnished,2,Good,9800000
550.0,1,1,24,Metro City,Semi-Furnished,0,Good,2700000
1405.0,2,2,10,Metro City,Semi-Furnished,1,Excellent,8450000
945.0,2,2,16,Metro City,Semi-Furnished,1,Poor,5000000
582.5,1,1,12,Metro City,Semi-Furnished,1,Excellent,1500000
1512.0,3,3,0,Metro City,Fully Furnished,3,Good,8000000
1035.0,2,2,8,Tier-2 City,Unfurnished,1,Good,1250000
1375.0,3,3,14,Tier-2 City,Semi-Furnished,1,Good,2750000
1350.0,3,2,8,Tier-2 City,Unfurnished,1,Poor,1700000
1280.0,3,2,16,Metro City,Semi-Furnished,2,Excellent,6900000
1800.0,4,3,6,Metro City,Unfurnished,2,Poor,9000000
1475.0,3,2,15,Metro City,Fully Furnished,0,Good,20000000
1205.0,2,2,24,Metro City,Semi-Furnished,1,Good,4000000
1400.0,2,2,18,Metro City,Semi-Furnished,1,Good,7000000
1350.0,3,2,0,Metro City,Fully Furnished,2,Good,6300000
950.0,4,3,10,Rural Area,Unfurnished,1,Poor,1950000
1242.0,2,2,11,Metro City,Unfurnished,1,Excellent,3950000
1976.0,3,3,3,Metro City,Fully Furnished,0,Good,18400000
1800.0,3,3,8,Tier-2 City,Fully Furnished,2,Good,4850000
1100.0,2,2,4,Tier-1 City,Semi-Furnished,1,Good,4650000
1623.29,3,2,2,Metro City,Semi-Furnished,2,Good,10500000
1700.0,3,3,6,Metro City,Unfurnished,0,Poor,9500000
1200.0,2,2,6,Metro City,Fully Furnished,1,Good,7800000
890.0,1,1,4,Metro City,Semi-Furnished,3,Good,7500000
1291.0,2,2,11,Metro City,Semi-Furnished,0,Good,7500000
3500.0,4,4,16,Tier-1 City,Semi-Furnished,0,Good,22300000
1850.0,3,3,4,Metro City,Semi-Furnished,1,Poor,15000000
588.0,1,1,1,Metro City,Fully Furnished,0,Good,8800000
850.0,2,2,18,Metro City,Semi-Furnished,1,Excellent,3250000
650.0,2,1,11,Metro City,Unfurnished,0,Excellent,2000000
1305.0,3,2,0,Metro City,Unfurnished,1,Excellent,6000000
1556.0,3,2,2,Metro City,Fully Furnished,1,Good,5900000
1352.0,3,3,7,Metro City,Semi-Furnished,0,Good,13500000
2515.0,3,4,18,Metro City,Semi-Furnished,1,Poor,15500000
2560.0,3,3,3,Tier-2 City,Unfurnished,1,Excellent,13950000
1680.0,3,3,6,Metro City,Semi-Furnished,0,Excellent,11200000
1170.0,2,2,1,Metro City,Unfurnished,2,Good,4000000
1805.0,3,2,1,Metro City,Semi-Furnished,1,Good,7500000
875.0,2,2,13,Metro City,Semi-Furnished,0,Good,3300000
856.0,2,2,4,Rural Area,Fully Furnished,2,Good,550000
2400.0,4,5,10,Metro City,Semi-Furnished,0,Good,14000000
1881.0,3,3,18,Metro City,Unfurnished,1,Good,14500000
2150.0,4,4,15,Tier-2 City,Unfurnished,1,Excellent,4350000
1087.0,2,2,7,Metro City,Semi-Furnished,1,Good,5450000
945.0,2,2,19,Metro City,Semi-Furnished,0,Good,4500000
2250.0,3,3,11,Tier-1 City,Unfurnished,1,Good,16350000
1140.0,2,2,16,Metro City,Semi-Furnished,1,Excellent,4000000
750.0,9,8,3,Metro City,Unfurnished,1,Good,15000000
6613.0,5,7,17,Metro City,Semi-Furnished,2,Excellent,95000000
2801.25,5,4,4,Metro City,Fully Furnished,0,Poor,46200000
2700.0,5,4,0,Metro City,Semi-Furnished,2,Poor,17000000
400.0,5,5,1,Rural Area,Fully Furnished,0,Poor,2850000
1240.0,2,2,2,Metro City,Semi-Furnished,1,Good,6000000
1569.0,3,3,19,Metro City,Semi-Furnished,1,Good,7000000
1090.0,2,2,15,Metro City,Semi-Furnished,2,Good,3150000
1333.0,2,2,8,Metro City,Unfurnished,1,Good,7850000
1550.0,4,4,4,Tier-2 City,Semi-Furnished,0,Excellent,3650000
2483.0,4,5,1,Metro City,Semi-Furnished,0,Poor,21200000
1125.0,3,4,1,Tier-1 City,Unfurnished,3,Excellent,4400000
4428.0,4,4,21,Metro City,Unfurnished,1,Good,25500000
930.0,2,2,4,Metro City,Semi-Furnished,0,Excellent,4500000
1470.0,3,2,0,Rural Area,Unfurnished,1,Excellent,900000
1215.0,2,2,0,Metro City,Semi-Furnished,0,Excellent,4500000
1650.0,3,3,0,Metro City,Semi-Furnished,2,Good,9500000
4320.0,9,7,15,Metro City,Semi-Furnished,1,Excellent,82100000
3000.0,8,8,4,Metro City,Semi-Furnished,0,Good,14000000
1492.0,2,2,8,Tier-1 City,Semi-Furnished,1,Excellent,4100000
1306.0,2,2,16,Metro City,Unfurnished,1,Poor,6500000
3000.0,4,4,25,Metro City,Unfurnished,2,Good,14000000
525.0,1,1,3,Metro City,Fully Furnished,1,Good,2600000
1100.0,2,2,4,Metro City,Fully Furnished,0,Good,7000000
700.0,7,6,6,Tier-1 City,Fully Furnished,1,Good,5450000
1506.0,3,3,4,Metro City,Semi-Furnished,1,Excellent,9500000
2028.0,4,4,8,Metro City,Semi-Furnished,1,Excellent,16200000
2400.0,3,3,9,Metro City,Semi-Furnished,2,Good,36000000
1216.0,2,2,10,Metro City,Fully Furnished,2,Poor,7300000
5800.0,5,5,12,Metro City,Unfurnished,2,Poor,8000000
1650.0,3,3,22,Metro City,Unfurnished,1,Excellent,10500000
3596.0,4,5,9,Rural Area,Fully Furnished,0,Poor,4350000
1260.0,2,2,16,Metro City,Unfurnished,1,Good,5800000
1614.0,3,3,20,Metro City,Unfurnished,1,Good,9500000
1205.0,2,2,4,Metro City,Unfurnished,3,Good,6700000
2100.0,4,4,16,Tier-1 City,Fully Furnished,1,Excellent,5350000
1010.0,2,2,7,Metro City,Fully Furnished,0,Excellent,5100000
1210.0,2,2,14,Tier-1 City,Fully Furnished,2,Good,4200000
1600.0,3,3,6,Rural Area,Fully Furnished,1,Excellent,850000
910.0,2,2,0,Metro City,Semi-Furnished,1,Good,3600000
1058.0,2,2,14,Metro City,Semi-Furnished,1,Poor,6000000
1082.0,3,2,7,Metro City,Unfurnished,2,Good,5500000
1320.0,4,2,7,Metro City,Unfurnished,1,Good,11000000
2289.0,3,3,4,Tier-2 City,Unfurnished,1,Good,7450000
1150.0,2,2,1,Metro City,Unfurnished,1,Excellent,4200000
950.0,2,2,8,Metro City,Unfurnished,1,Excellent,3300000
8000.0,5,5,13,Metro City,Unfurnished,1,Good,50000000
1200.0,2,2,17,Metro City,Semi-Furnished,0,Good,15000000
1800.0,3,3,5,Metro City,Fully Furnished,2,Excellent,15000000
3024.0,4,5,4,Metro City,Semi-Furnished,0,Good,24800000
1286.0,3,2,11,Metro City,Fully Furnished,0,Poor,6800000
1655.0,3,3,10,Rural Area,Unfurnished,1,Good,800000
1720.0,3,3,21,Metro City,Fully Furnished,2,Good,12800000
1246.0,2,2,5,Metro City,Semi-Furnished,2,Good,6750000
1186.0,2,2,7,Metro City,Fully Furnished,2,Excellent,5500000
1105.0,3,2,6,Metro City,Semi-Furnished,0,Excellent,3500000
1230.0,3,2,6,Metro City,Semi-Furnished,2,Good,3150000
410.0,1,1,5,Tier-1 City,Semi-Furnished,1,Good,2900000
1570.0,3,3,5,Tier-2 City,Unfurnished,1,Good,2600000
1655.0,3,3,0,Tier-1 City,Semi-Furnished,0,Excellent,6450000
1240.0,2,2,1,Metro City,Semi-Furnished,1,Excellent,4400000
1415.0,3,2,0,Metro City,Unfurnished,1,Good,6500000
1300.0,3,3,0,Metro City,Unfurnished,0,Good,6400000
625.0,2,1,5,Metro City,Semi-Furnished,1,Excellent,2500000
1400.0,3,2,3,Metro City,Unfurnished,2,Good,9500000
2750.0,4,4,9,Rural Area,Unfurnished,1,Good,5100000
1879.0,3,3,4,Metro City,Semi-Furnished,1,Excellent,15500000
1367.0,2,2,3,Metro City,Fully Furnished,2,Good,6200000
540.0,4,4,15,Tier-2 City,Fully Furnished,1,Good,2850000
1200.0,9,9,7,Tier-2 City,Unfurnished,0,Good,9750000
1850.0,3,3,0,Rural Area,Semi-Furnished,0,Good,950000
1790.0,3,3,9,Metro City,Fully Furnished,2,Good,10500000
1310.0,3,2,2,Tier-2 City,Semi-Furnished,1,Good,1650000
1198.0,2,2,18,Metro City,Semi-Furnished,1,Excellent,8650000
1150.0,2,2,15,Metro City,Semi-Furnished,2,Good,4900000
950.0,2,2,4,Metro City,Semi-Furnished,1,Good,3900000
3800.0,3,3,8,Metro City,Semi-Furnished,2,Good,58000000
700.0,1,1,1,Metro City,Semi-Furnished,2,Excellent,3800000
1200.0,2,2,0,Metro City,Semi-Furnished,2,Excellent,5350000
1314.0,2,2,6,Tier-1 City,Fully Furnished,0,Good,5200000
1400.0,3,2,10,Metro City,Semi-Furnished,1,Excellent,6000000
890.0,2,2,4,Metro City,Semi-Furnished,1,Excellent,2700000
1135.0,2,2,7,Metro City,Unfurnished,2,Good,3300000
1100.0,2,2,14,Metro City,Fully Furnished,0,Good,6500000
1929.0,3,4,5,Metro City,Unfurnished,2,Good,10100000
1700.0,3,3,19,Tier-1 City,Semi-Furnished,2,Excellent,7550000
1600.0,4,4,0,Metro City,Semi-Furnished,2,Excellent,8000000
550.0,2,2,1,Metro City,Unfurnished,1,Good,1600000
620.0,2,2,2,Tier-1 City,Semi-Furnished,0,Good,1300000
708.0,2,2,8,Metro City,Fully Furnished,1,Poor,3200000
1590.0,3,3,0,Metro City,Semi-Furnished,1,Good,13100000
1250.0,2,2,3,Metro City,Semi-Furnished,2,Good,5800000
1052.0,2,2,15,Metro City,Semi-Furnished,1,Good,5200000
1653.0,3,3,12,Metro City,Fully Furnished,1,Good,12000000
1300.0,2,2,19,Metro City,Semi-Furnished,1,Good,3600000
1564.0,3,3,13,Metro City,Semi-Furnished,0,Excellent,10500000
1200.0,1,1,10,Metro City,Fully Furnished,2,Good,12500000
1565.0,3,3,8,Metro City,Fully Furnished,0,Good,8850000
1390.0,2,2,18,Metro City,Semi-Furnished,1,Excellent,7000000
705.0,1,1,18,Metro City,Semi-Furnished,0,Good,5700000
1150.0,2,2,19,Metro City,Semi-Furnished,1,Good,6300000
1198.0,2,2,23,Tier-2 City,Unfurnished,1,Poor,3000000
654.0,1,1,9,Metro City,Unfurnished,1,Good,3600000
1823.0,3,3,2,Metro City,Unfurnished,0,Good,10000000
644.0,1,1,21,Tier-2 City,Unfurnished,2,Excellent,1400000
2400.0,4,5,10,Tier-2 City,Unfurnished,0,Good,6400000
1780.0,3,3,9,Metro City,Semi-Furnished,3,Good,10700000
708.0,2,1,8,Metro City,Semi-Furnished,1,Good,5500000
2000.0,4,4,18,Metro City,Unfurnished,1,Good,9000000
860.0,2,1,7,Tier-2 City,Unfurnished,0,Good,1650000
1750.0,3,3,2,Metro City,Semi-Furnished,1,Good,18000000
1255.0,2,2,2,Metro City,Unfurnished,1,Poor,7900000
1530.0,3,3,3,Metro City,Semi-Furnished,1,Excellent,6650000
1200.0,3,2,19,Metro City,Fully Furnished,1,Excellent,6500000
1360.0,2,2,4,Metro City,Semi-Furnished,2,Good,7750000
2750.0,3,3,15,Tier-1 City,Unfurnished,2,Good,18800000
1225.0,2,2,0,Metro City,Unfurnished,1,Poor,4800000
1850.0,3,3,7,Metro City,Unfurnished,1,Poor,14000000
1075.0,3,2,7,Metro City,Semi-Furnished,1,Excellent,4300000
1244.0,2,2,20,Metro City,Fully Furnished,2,Good,9500000
1200.0,2,2,8,Tier-2 City,Fully Furnished,2,Good,2100000
1245.0,2,2,9,Metro City,Unfurnished,1,Good,8300000
1125.0,2,2,2,Metro City,Semi-Furnished,2,Good,3250000
1120.0,2,2,2,Metro City,Semi-Furnished,1,Good,3800000
4510.0,3,4,19,Metro City,Semi-Furnished,1,Poor,20000000
1160.0,2,2,4,Metro City,Fully Furnished,2,Good,9500000
1336.0,2,2,0,Metro City,Unfurnished,0,Good,8600000
1200.0,2,2,20,Metro City,Fully Furnished,1,Excellent,5000000
1276.0,2,2,4,Metro City,Semi-Furnished,1,Good,14600000
1200.0,5,4,3,Metro City,Semi-Furnished,1,Poor,28500000
1121.0,2,2,13,Tier-2 City,Fully Furnished,2,Poor,3150000
1290.0,2,2,22,Rural Area,Unfurnished,1,Good,1050000
950.0,2,2,0,Metro City,Semi-Furnished,1,Excellent,4500000
1200.0,2,2,3,Metro City,Semi-Furnished,0,Poor,9000000
1400.0,2,2,1,Metro City,Semi-Furnished,0,Excellent,8000000
3200.0,5,5,9,Metro City,Semi-Furnished,1,Good,14000000
1380.0,2,2,20,Metro City,Fully Furnished,1,Poor,4200000
1200.0,2,2,3,Metro City,Semi-Furnished,1,Good,12000000
1495.0,2,2,13,Metro City,Unfurnished,1,Good,9000000
1475.0,3,3,3,Metro City,Semi-Furnished,1,Good,7850000
1495.0,3,3,7,Metro City,Unfurnished,1,Poor,6000000
1187.0,2,2,5,Metro City,Fully Furnished,1,Excellent,3800000
1275.0,2,2,22,Metro City,Fully Furnished,1,Good,4700000
2283.0,4,4,10,Tier-1 City,Semi-Furnished,1,Good,8450000
2400.0,4,4,1,Metro City,Unfurnished,3,Good,14700000
770.0,2,2,4,Rural Area,Semi-Furnished,1,Good,500000
1110.0,2,2,13,Metro City,Unfurnished,2,Excellent,5800000
1350.0,9,8,8,Metro City,Semi-Furnished,1,Poor,20000000
1200.0,8,7,10,Metro City,Semi-Furnished,1,Good,23500000
1173.0,2,2,0,Metro City,Fully Furnished,2,Poor,5800000
900.0,2,2,7,Metro City,Unfurnished,1,Good,4200000
1652.0,3,3,7,Metro City,Unfurnished,1,Excellent,7000000
1430.0,3,2,3,Metro City,Fully Furnished,1,Good,10200000
1125.0,2,2,9,Tier-1 City,Semi-Furnished,0,Good,2250000
1455.0,3,2,4,Metro City,Fully Furnished,1,Poor,6000000
1700.0,4,3,13,Metro City,Fully Furnished,1,Good,5500000
1100.0,2,2,10,Metro City,Semi-Furnished,1,Excellent,4600000
1290.0,2,2,2,Metro City,Fully Furnished,0,Excellent,11000000
1200.0,2,2,0,Metro City,Semi-Furnished,2,Good,10500000
1265.0,3,2,2,Metro City,Semi-Furnished,1,Excellent,6500000
1470.0,3,2,1,Metro City,Semi-Furnished,1,Excellent,8850000
2850.0,4,4,9,Metro City,Fully Furnished,1,Poor,42800000
2200.0,3,3,21,Tier-1 City,Unfurnished,1,Good,7500000
1590.0,7,9,5,Metro City,Semi-Furnished,1,Good,13200000
1160.0,2,2,8,Metro City,Semi-Furnished,1,Good,4050000
2312.0,3,3,7,Metro City,Unfurnished,0,Excellent,15600000
1200.0,4,4,16,Metro City,Unfurnished,1,Excellent,17500000
3200.0,5,5,9,Tier-1 City,Semi-Furnished,1,Good,8000000
640.0,1,1,7,Metro City,Unfurnished,1,Excellent,2000000
1075.0,3,2,4,Metro City,Unfurnished,1,Good,3600000
1030.0,2,2,14,Metro City,Fully Furnished,1,Excellent,30000000
800.0,1,1,12,Tier-2 City,Fully Furnished,1,Excellent,1300000
1165.0,2,2,10,Metro City,Semi-Furnished,0,Good,4950000
2856.0,4,5,1,Metro City,Semi-Furnished,2,Good,15450000
1565.0,3,2,7,Tier-1 City,Unfurnished,1,Good,3400000
1691.0,3,3,1,Metro City,Semi-Furnished,1,Excellent,11300000
1200.0,3,3,16,Metro City,Fully Furnished,0,Good,9500000
1080.0,2,2,1,Tier-2 City,Unfurnished,1,Poor,2600000
630.0,1,1,0,Metro City,Unfurnished,1,Excellent,3900000
1266.0,2,2,21,Metro City,Semi-Furnished,1,Excellent,5900000
3675.0,4,4,3,Tier-2 City,Semi-Furnished,2,Excellent,11800000
1460.0,3,3,11,Metro City,Fully Furnished,1,Excellent,7000000
1530.0,3,2,4,Metro City,Unfurnished,0,Good,8900000
1216.0,2,2,4,Metro City,Semi-Furnished,2,Good,7900000
1285.0,2,2,15,Metro City,Fully Furnished,1,Excellent,6000000
1300.0,2,2,13,Tier-2 City,Unfurnished,1,Good,1800000
654.0,1,1,3,Metro City,Unfurnished,3,Excellent,3700000
1384.0,3,3,18,Metro City,Semi-Furnished,1,Good,6250000
1500.0,3,3,3,Metro City,Semi-Furnished,2,Good,6300000
1697.0,3,3,14,Metro City,Semi-Furnished,1,Good,10800000
1021.0,2,2,17,Metro City,Semi-Furnished,1,Good,7600000
1555.0,3,3,1,Metro City,Unfurnished,0,Good,8200000
998.0,2,2,22,Metro City,Semi-Furnished,1,Good,6500000
600.0,4,4,12,Tier-2 City,Unfurnished,0,Good,2900000
4400.0,7,9,10,Metro City,Semi-Furnished,1,Good,12000000
1500.0,7,6,13,Metro City,Fully Furnished,1,Good,21000000
1140.0,2,2,5,Metro City,Fully Furnished,1,Good,4600000
1110.0,2,2,11,Metro City,Semi-Furnished,1,Good,6500000
1185.0,2,2,18,Metro City,Semi-Furnished,1,Good,4750000
1875.0,7,2,0,Tier-1 City,Unfurnished,0,Excellent,20350000
1180.0,2,2,10,Metro City,Semi-Furnished,2,Good,4800000
1850.0,3,3,4,Metro City,Unfurnished,1,Good,15000000
1650.0,3,3,9,Metro City,Unfurnished,2,Excellent,16500000
2328.0,4,4,22,Metro City,Semi-Furnished,2,Excellent,52800000
4500.0,4,4,5,Metro City,Unfurnished,1,Good,34500000
1070.0,2,2,13,Metro City,Semi-Furnished,2,Good,3300000
1180.0,2,2,0,Metro City,Unfurnished,0,Excellent,7000000
1200.0,2,2,16,Tier-2 City,Unfurnished,2,Excellent,1700000
1550.0,3,2,5,Metro City,Unfurnished,0,Good,8000000
4772.0,4,6,0,Metro City,Semi-Furnished,1,Poor,51000000
965.0,2,2,7,Metro City,Semi-Furnished,1,Good,6700000
2200.0,3,3,6,Metro City,Fully Furnished,0,Poor,22000000
1500.0,3,3,6,Metro City,Unfurnished,2,Excellent,6150000
2000.0,4,4,5,Metro City,Semi-Furnished,0,Good,12000000
1500.0,3,2,16,Metro City,Semi-Furnished,1,Excellent,7800000
1003.0,2,2,1,Metro City,Fully Furnished,1,Excellent,4300000
1350.0,3,3,4,Tier-2 City,Unfurnished,2,Poor,1650000
1517.0,2,2,12,Tier-1 City,Semi-Furnished,2,Good,6950000
2000.0,3,2,2,Metro City,Unfurnished,1,Excellent,8500000
1058.0,2,2,0,Metro City,Semi-Furnished,1,Good,4700000
3033.0,4,4,11,Metro City,Fully Furnished,1,Good,32600000
950.0,2,2,5,Tier-2 City,Unfurnished,1,Good,950000
1140.0,2,2,19,Metro City,Semi-Furnished,1,Good,5600000
3600.0,5,5,5,Metro City,Unfurnished,2,Good,18000000
1475.0,2,2,0,Metro City,Fully Furnished,0,Poor,17100000
1800.0,5,6,5,Metro City,Unfurnished,1,Excellent,27000000
1400.0,2,2,14,Metro City,Semi-Furnished,1,Excellent,5750000
900.0,2,2,19,Metro City,Fully Furnished,1,Good,4100000
1125.0,2,2,7,Metro City,Unfurnished,0,Good,6300000
1720.0,3,3,5,Metro City,Fully Furnished,0,Poor,10000000
1310.0,3,3,10,Rural Area,Semi-Furnished,1,Good,950000
1282.0,3,2,23,Metro City,Semi-Furnished,2,Good,5250000
3600.0,4,4,7,Metro City,Semi-Furnished,3,Good,22500000
1984.0,3,4,3,Tier-1 City,Fully Furnished,1,Poor,8800000
1907.0,3,2,4,Metro City,Fully Furnished,2,Excellent,20000000
830.0,2,2,1,Metro City,Fully Furnished,2,Good,2600000
1420.0,2,2,25,Metro City,Semi-Furnished,0,Good,6200000
1485.0,3,2,8,Rural Area,Fully Furnished,0,Excellent,1300000
1524.0,3,2,3,Tier-1 City,Fully Furnished,0,Good,4400000
1525.0,3,3,9,Metro City,Semi-Furnished,1,Excellent,10000000
1000.0,2,2,19,Metro City,Unfurnished,2,Good,6000000
1500.0,6,9,1,Metro City,Semi-Furnished,1,Poor,23000000
1546.0,3,3,21,Metro City,Unfurnished,2,Good,9500000
615.0,1,1,8,Rural Area,Unfurnished,1,Good,600000
1139.0,2,2,10,Metro City,Semi-Furnished,3,Good,6200000
1350.0,2,2,5,Metro City,Semi-Furnished,2,Excellent,9000000
2820.0,4,4,5,Metro City,Semi-Furnished,1,Good,15350000
1165.0,2,2,2,Rural Area,Semi-Furnished,0,Poor,500000
1205.0,2,2,12,Metro City,Fully Furnished,2,Good,4200000
1343.0,2,2,18,Metro City,Fully Furnished,0,Good,7500000
1610.0,3,4,15,Tier-2 City,Semi-Furnished,1,Good,3650000
1750.0,3,3,7,Tier-1 City,Unfurnished,2,Poor,8900000
1339.0,2,2,0,Metro City,Fully Furnished,1,Good,6300000
1027.0,2,2,10,Metro City,Semi-Furnished,1,Good,4400000
1560.0,3,2,2,Metro City,Fully Furnished,0,Excellent,12500000
1234.0,2,2,18,Metro City,Semi-Furnished,0,Good,5100000
3960.0,4,5,3,Metro City,Unfurnished,1,Excellent,38600000
2916.0,4,5,0,Metro City,Semi-Furnished,0,Good,23000000
1100.0,2,2,16,Metro City,Fully Furnished,1,Good,6000000
1232.0,2,2,4,Rural Area,Fully Furnished,1,Good,950000
1260.0,3,2,1,Metro City,Semi-Furnished,1,Excellent,8500000
1650.0,3,3,0,Metro City,Unfurnished,2,Good,8200000
1485.0,3,3,25,Metro City,Semi-Furnished,2,Good,6500000
1800.0,5,5,5,Metro City,Semi-Furnished,1,Poor,35000000
2400.0,5,4,7,Metro City,Semi-Furnished,2,Excellent,31000000
1100.0,2,2,16,Metro City,Semi-Furnished,1,Excellent,5500000
1700.0,3,3,1,Metro City,Semi-Furnished,1,Excellent,12600000
1005.0,2,2,10,Metro City,Fully Furnished,1,Good,3950000
2325.0,3,3,1,Metro City,Semi-Furnished,1,Good,9500000
1200.0,2,2,10,Metro City,Unfurnished,1,Excellent,4000000
1035.0,2,2,16,Metro City,Fully Furnished,1,Good,4150000
1267.0,2,3,2,Metro City,Semi-Furnished,1,Good,7800000
2500.0,3,3,5,Rural Area,Fully Furnished,0,Excellent,4150000
950.0,2,2,2,Tier-1 City,Fully Furnished,3,Good,1600000
1385.0,2,2,22,Metro City,Semi-Furnished,1,Good,8300000
1060.0,2,2,11,Tier-1 City,Unfurnished,1,Excellent,2900000
1280.0,2,2,8,Metro City,Unfurnished,2,Excellent,4800000
1186.0,2,2,0,Rural Area,Unfurnished,1,Good,1150000
1485.0,3,2,9,Metro City,Fully Furnished,2,Good,6600000
3600.0,6,6,20,Metro City,Unfurnished,0,Good,17000000
750.0,2,2,19,Metro City,Unfurnished,1,Poor,1950000
1865.0,3,3,16,Metro City,Semi-Furnished,0,Good,35000000
1050.0,2,2,8,Metro City,Fully Furnished,2,Good,4000000
1200.0,5,5,1,Tier-2 City,Unfurnished,2,Good,10500000
497.0,2,1,14,Metro City,Semi-Furnished,1,Poor,2500000
1776.0,3,3,24,Metro City,Semi-Furnished,1,Good,12400000
1600.0,5,5,10,Metro City,Unfurnished,1,Excellent,14000000
1892.0,3,3,11,Metro City,Semi-Furnished,1,Good,20000000
1352.0,2,2,8,Tier-1 City,Semi-Furnished,0,Good,5150000
1719.0,3,3,7,Metro City,Fully Furnished,1,Poor,7100000
800.0,1,1,9,Metro City,Semi-Furnished,1,Good,2950000
1000.0,6,6,5,Metro City,Unfurnished,1,Poor,15000000
1220.0,3,3,18,Metro City,Fully Furnished,2,Excellent,5600000
1660.0,3,3,13,Tier-2 City,Semi-Furnished,1,Excellent,4200000
1470.0,3,2,8,Metro City,Fully Furnished,1,Poor,9000000
1675.0,3,3,13,Metro City,Unfurnished,1,Good,6500000
2940.0,4,3,7,Metro City,Semi-Furnished,1,Poor,225000000
3040.0,2,1,15,Metro City,Semi-Furnished,0,Good,18000000
3000.0,7,6,5,Metro City,Unfurnished,0,Good,14500000
1300.0,3,2,0,Metro City,Semi-Furnished,1,Excellent,6900000
1550.0,3,2,15,Metro City,Semi-Furnished,1,Good,7500000
3252.0,4,4,6,Tier-1 City,Unfurnished,0,Good,19650000
2400.0,6,6,6,Metro City,Semi-Furnished,0,Poor,40800000
970.0,2,2,0,Metro City,Fully Furnished,1,Good,4500000
3418.0,4,3,8,Metro City,Fully Furnished,1,Excellent,23500000
1484.0,3,2,3,Metro City,Semi-Furnished,0,Good,6500000
567.0,1,1,9,Metro City,Unfurnished,1,Good,2500000
700.0,2,2,16,Metro City,Semi-Furnished,1,Good,3500000
765.0,2,2,3,Metro City,Semi-Furnished,1,Good,3750000
1760.0,3,3,5,Metro City,Semi-Furnished,1,Good,16000000
1639.0,3,2,11,Metro City,Semi-Furnished,1,Good,4100000
1109.0,2,2,9,Metro City,Fully Furnished,2,Excellent,3550000
1200.0,1,2,6,Metro City,Semi-Furnished,2,Poor,8500000
1893.0,3,4,19,Metro City,Unfurnished,1,Good,9500000
1200.0,2,2,1,Metro City,Semi-Furnished,2,Good,7500000
1250.0,3,3,24,Tier-1 City,Unfurnished,1,Excellent,2150000
4400.0,5,5,2,Metro City,Unfurnished,0,Excellent,24000000
1639.0,3,3,16,Metro City,Fully Furnished,0,Excellent,11000000
1345.0,3,2,3,Tier-1 City,Fully Furnished,0,Excellent,3250000
1480.0,3,3,3,Metro City,Semi-Furnished,1,Excellent,10000000
7500.0,5,7,14,Metro City,Semi-Furnished,2,Good,170000000
1234.6,3,3,20,Tier-2 City,Semi-Furnished,2,Good,4750000
600.0,5,4,0,Metro City,Semi-Furnished,2,Good,7600000
5520.0,5,5,4,Rural Area,Unfurnished,2,Excellent,5150000
1107.0,3,2,3,Metro City,Fully Furnished,1,Good,4300000
1650.0,3,3,10,Metro City,Fully Furnished,0,Good,11000000
1128.0,2,2,5,Metro City,Semi-Furnished,0,Good,10500000
1404.0,2,2,10,Metro City,Fully Furnished,1,Good,6900000
1350.0,4,4,7,Metro City,Semi-Furnished,1,Excellent,24000000
1560.0,3,3,25,Metro City,Fully Furnished,1,Good,7500000
2800.0,5,5,18,Metro City,Semi-Furnished,2,Excellent,12500000
600.0,1,1,11,Metro City,Fully Furnished,3,Good,1500000
1068.0,2,2,9,Tier-2 City,Fully Furnished,1,Good,1400000
520.0,1,1,7,Metro City,Semi-Furnished,2,Excellent,1400000
1465.0,3,2,7,Metro City,Fully Furnished,1,Excellent,7600000
1200.0,2,2,4,Metro City,Fully Furnished,1,Poor,7500000
1160.0,2,2,17,Metro City,Fully Furnished,1,Poor,3350000
3260.0,4,4,19,Metro City,Fully Furnished,2,Good,24000000
1563.0,3,2,5,Metro City,Unfurnished,1,Good,5200000
734.0,2,2,1,Metro City,Unfurnished,0,Excellent,2200000
1305.0,3,3,15,Rural Area,Unfurnished,2,Excellent,500000
861.0,2,2,13,Rural Area,Unfurnished,0,Good,550000
1875.0,3,2,9,Metro City,Fully Furnished,1,Good,15000000
1200.0,2,2,11,Metro City,Semi-Furnished,1,Good,7500000
3181.0,4,4,0,Tier-2 City,Unfurnished,1,Good,7500000
1314.0,2,2,6,Metro City,Unfurnished,2,Excellent,8400000
1500.0,3,3,17,Metro City,Semi-Furnished,1,Excellent,16000000
1216.0,2,2,21,Metro City,Semi-Furnished,0,Excellent,7200000
1320.0,3,2,11,Metro City,Semi-Furnished,1,Good,3800000
1550.0,3,3,7,Metro City,Unfurnished,0,Good,10000000
1100.0,2,3,6,Tier-1 City,Unfurnished,1,Excellent,4450000
1250.0,2,2,9,Metro City,Unfurnished,1,Good,6500000
1110.0,3,3,3,Tier-2 City,Unfurnished,2,Good,2150000
2283.0,4,4,22,Tier-1 City,Semi-Furnished,1,Excellent,7800000
910.0,2,2,5,Metro City,Fully Furnished,1,Excellent,3050000
600.0,1,1,4,Metro City,Semi-Furnished,1,Good,3500000
1640.0,3,3,15,Tier-1 City,Fully Furnished,3,Good,14300000
570.0,5,5,4,Metro City,Semi-Furnished,0,Good,8000000
1800.0,6,3,8,Metro City,Semi-Furnished,1,Good,10500000
1195.0,2,2,0,Metro City,Unfurnished,1,Good,4200000
1070.0,2,2,10,Metro City,Semi-Furnished,2,Excellent,5500000
1330.0,2,2,25,Metro City,Semi-Furnished,3,Excellent,5600000
1610.0,3,3,22,Metro City,Unfurnished,1,Good,9200000
1200.0,2,2,12,Metro City,Fully Furnished,1,Excellent,5300000
1407.0,6,4,0,Metro City,Semi-Furnished,0,Poor,15000000
1175.0,2,2,15,Metro City,Fully Furnished,1,Good,4150000
600.0,3,3,6,Metro City,Semi-Furnished,1,Poor,7900000
610.0,3,2,7,Metro City,Fully Furnished,1,Excellent,7500000
900.0,2,2,2,Tier-1 City,Fully Furnished,1,Good,2550000
1418.0,2,2,4,Metro City,Semi-Furnished,1,Good,7800000
1028.0,2,2,4,Metro City,Unfurnished,2,Poor,3200000
1100.0,2,2,3,Metro City,Semi-Furnished,1,Excellent,5000000
1197.0,2,2,8,Tier-1 City,Unfurnished,1,Good,3400000
1650.0,3,3,7,Metro City,Semi-Furnished,1,Poor,9400000
1250.0,2,2,3,Metro City,Unfurnished,1,Good,4800000
1130.0,2,2,1,Metro City,Semi-Furnished,2,Excellent,5600000
2111.0,3,3,3,Metro City,Semi-Furnished,0,Poor,10300000
1616.0,3,3,6,Metro City,Fully Furnished,0,Good,7500000
2000.0,9,9,4,Metro City,Semi-Furnished,0,Excellent,15000000
530.0,1,1,9,Metro City,Fully Furnished,1,Good,1350000
1991.0,3,4,0,Metro City,Unfurnished,1,Poor,10000000
720.0,1,1,0,Metro City,Fully Furnished,1,Good,3300000
1500.0,3,2,2,Metro City,Unfurnished,1,Good,9500000
705.0,1,1,12,Metro City,Unfurnished,2,Good,5250000
615.0,1,1,15,Tier-1 City,Semi-Furnished,1,Good,2800000
1000.0,3,4,7,Rural Area,Unfurnished,1,Good,800000
1678.0,3,3,11,Rural Area,Unfurnished,2,Good,950000
800.0,6,6,0,Metro City,Fully Furnished,2,Good,11000000
600.0,4,3,20,Metro City,Semi-Furnished,0,Good,9500000
1450.0,3,3,0,Tier-1 City,Fully Furnished,2,Good,5750000
1256.0,2,2,22,Metro City,Unfurnished,1,Good,6300000
1275.0,2,2,24,Metro City,Fully Furnished,1,Excellent,4950000
1350.0,4,4,4,Metro City,Semi-Furnished,1,Good,8500000
1355.0,3,3,23,Metro City,Fully Furnished,0,Good,8400000
1054.0,2,2,0,Metro City,Unfurnished,2,Excellent,5300000
1385.0,2,2,7,Metro City,Unfurnished,2,Good,6500000
1200.0,2,2,18,Rural Area,Unfurnished,2,Good,500000
1110.0,2,2,1,Metro City,Fully Furnished,2,Poor,5100000
1200.0,2,1,15,Metro City,Semi-Furnished,1,Poor,5000000
1370.0,2,2,7,Metro City,Fully Furnished,2,Good,5600000
1315.0,3,2,8,Metro City,Unfurnished,2,Good,8550000
1232.0,2,2,19,Tier-2 City,Fully Furnished,1,Excellent,3750000
1800.0,3,2,18,Metro City,Semi-Furnished,1,Good,25000000
1339.0,2,2,12,Rural Area,Unfurnished,0,Good,1100000
4239.0,5,5,11,Metro City,Semi-Furnished,1,Good,42300000
1360.0,3,3,3,Tier-2 City,Unfurnished,0,Excellent,2650000
1730.0,3,3,25,Metro City,Semi-Furnished,1,Excellent,10000000
1365.0,3,3,15,Tier-1 City,Semi-Furnished,1,Excellent,5250000
900.0,2,2,0,Metro City,Semi-Furnished,2,Good,4450000
1261.0,3,2,5,Metro City,Unfurnished,1,Excellent,8000000
1185.0,2,2,22,Metro City,Unfurnished,2,Good,4750000
1515.0,3,2,12,Metro City,Unfurnished,2,Poor,8100000
1347.0,3,2,18,Metro City,Fully Furnished,1,Good,5500000
2770.0,3,4,0,Metro City,Semi-Furnished,1,Good,31500000
1600.0,3,3,8,Metro City,Unfurnished,1,Good,6400000
1650.0,3,3,6,Metro City,Fully Furnished,1,Excellent,20000000
1220.0,3,3,5,Metro City,Fully Furnished,1,Good,5800000
1200.0,2,2,1,Metro City,Semi-Furnished,2,Poor,13500000
1250.0,2,2,2,Metro City,Unfurnished,1,Good,6000000
1200.0,2,2,1,Tier-2 City,Fully Furnished,2,Poor,2850000
600.0,1,1,9,Tier-2 City,Fully Furnished,1,Excellent,2350000
1270.0,3,2,11,Metro City,Semi-Furnished,0,Excellent,5500000
1377.0,2,2,11,Metro City,Unfurnished,0,Good,8000000
1410.0,3,2,3,Metro City,Fully Furnished,1,Good,5350000
1000.0,1,1,0,Rural Area,Fully Furnished,1,Excellent,800000
2500.0,3,3,11,Metro City,Semi-Furnished,2,Good,42500000
1186.0,3,2,3,Metro City,Semi-Furnished,2,Good,6300000
1151.0,2,2,6,Metro City,Semi-Furnished,1,Good,4600000
1594.0,3,3,4,Metro City,Semi-Furnished,2,Good,9900000
1880.0,3,3,22,Metro City,Unfurnished,1,Excellent,11000000
1375.0,3,2,5,Tier-2 City,Unfurnished,2,Good,3200000
1305.0,3,2,10,Metro City,Semi-Furnished,2,Good,4550000
1720.0,3,3,12,Metro City,Unfurnished,1,Poor,9500000
1105.0,2,2,14,Metro City,Semi-Furnished,1,Excellent,5000000
1475.0,3,2,9,Tier-1 City,Semi-Furnished,2,Good,4600000
991.0,2,2,8,Metro City,Semi-Furnished,2,Good,6400000
1694.0,2,2,14,Metro City,Fully Furnished,1,Good,15000000
772.0,8,5,24,Metro City,Semi-Furnished,2,Excellent,6000000
1027.0,2,2,1,Metro City,Semi-Furnished,2,Excellent,4300000
1595.0,3,3,13,Tier-2 City,Unfurnished,1,Excellent,4150000
1590.0,3,2,3,Metro City,Fully Furnished,1,Poor,8500000
1625.0,2,2,14,Metro City,Semi-Furnished,1,Good,7500000
1430.0,3,2,0,Tier-1 City,Fully Furnished,3,Good,3100000
1190.0,2,2,10,Tier-2 City,Semi-Furnished,1,Excellent,1500000
4000.0,4,4,11,Metro City,Unfurnished,0,Excellent,17000000
1086.0,2,2,15,Tier-2 City,Unfurnished,1,Good,1050000
1155.0,2,2,21,Metro City,Semi-Furnished,1,Good,6000000
977.0,2,2,7,Metro City,Fully Furnished,2,Good,3600000
1408.0,2,2,15,Metro City,Unfurnished,1,Good,8500000
1186.0,2,2,14,Tier-1 City,Semi-Furnished,0,Excellent,3800000
750.0,9,6,9,Metro City,Semi-Furnished,0,Good,11200000
2900.0,4,4,4,Metro City,Fully Furnished,2,Good,20000000
615.0,1,1,21,Metro City,Semi-Furnished,1,Excellent,2400000
1350.0,3,3,23,Tier-1 City,Semi-Furnished,0,Good,4250000
900.0,2,2,19,Rural Area,Unfurnished,1,Good,750000
2400.0,6,4,23,Metro City,Fully Furnished,1,Good,28000000
1350.0,3,2,16,Metro City,Semi-Furnished,1,Excellent,6500000
1200.0,2,2,15,Metro City,Semi-Furnished,0,Poor,5200000
1004.0,2,2,7,Metro City,Semi-Furnished,0,Good,4900000
3000.0,4,5,11,Metro City,Semi-Furnished,1,Good,15000000
2400.0,4,4,8,Tier-2 City,Semi-Furnished,2,Good,5950000
1200.0,3,3,2,Metro City,Semi-Furnished,0,Good,12500000
1300.0,3,3,6,Rural Area,Semi-Furnished,1,Poor,600000
1650.0,5,6,1,Tier-2 City,Semi-Furnished,0,Good,5450000
1269.0,2,2,15,Metro City,Fully Furnished,2,Good,9700000
795.0,2,1,13,Metro City,Semi-Furnished,3,Poor,3250000
1645.0,3,3,11,Metro City,Fully Furnished,1,Good,11700000
1250.0,3,2,10,Metro City,Fully Furnished,2,Good,6900000
1000.0,2,2,8,Metro City,Semi-Furnished,1,Good,6000000
600.0,3,3,6,Metro City,Semi-Furnished,0,Excellent,12500000
3606.0,4,4,12,Metro City,Semi-Furnished,0,Excellent,31200000
1255.0,3,3,5,Metro City,Unfurnished,1,Good,9000000
3122.0,4,6,1,Metro City,Semi-Furnished,1,Excellent,24500000
1801.0,3,3,4,Metro City,Semi-Furnished,1,Excellent,13900000
1200.0,5,5,16,Metro City,Fully Furnished,0,Good,29000000
1890.0,3,3,1,Metro City,Unfurnished,1,Excellent,8400000
1340.0,3,2,7,Metro City,Semi-Furnished,1,Good,5450000
1070.0,2,2,6,Metro City,Fully Furnished,1,Good,3850000
1150.0,2,2,18,Metro City,Semi-Furnished,0,Excellent,8000000
1294.0,2,2,2,Metro City,Semi-Furnished,1,Good,11500000
2214.0,3,3,22,Metro City,Semi-Furnished,2,Good,35000000
1250.0,4,3,2,Metro City,Semi-Furnished,1,Good,17500000
1464.0,3,3,23,Tier-2 City,Fully Furnished,2,Excellent,1550000
710.0,2,2,11,Metro City,Unfurnished,1,Excellent,1600000
1713.0,3,3,2,Tier-2 City,Fully Furnished,0,Good,4950000
1257.0,2,2,1,Metro City,Semi-Furnished,1,Excellent,6900000
3876.0,3,3,5,Metro City,Semi-Furnished,2,Good,30000000
656.0,2,2,1,Metro City,Unfurnished,1,Excellent,2500000
1591.0,3,3,3,Metro City,Semi-Furnished,2,Good,12000000
1814.0,3,3,1,Metro City,Semi-Furnished,0,Good,12900000
1650.0,3,3,1,Metro City,Unfurnished,2,Good,7800000
1170.0,2,2,20,Metro City,Unfurnished,2,Excellent,3400000
1680.0,3,3,1,Metro City,Semi-Furnished,2,Good,11700000
1345.0,2,2,5,Metro City,Semi-Furnished,1,Good,6700000
1847.0,3,3,21,Metro City,Unfurnished,1,Excellent,12300000
1125.0,2,2,2,Rural Area,Unfurnished,2,Good,800000
1200.0,2,2,0,Metro City,Unfurnished,1,Good,3500000
1062.0,2,2,15,Metro City,Semi-Furnished,1,Excellent,4700000
1142.0,2,2,20,Metro City,Fully Furnished,1,Good,7000000
1000.0,2,2,4,Tier-1 City,Unfurnished,1,Good,2850000
1830.0,3,3,12,Metro City,Semi-Furnished,1,Excellent,11900000
834.0,1,1,2,Metro City,Unfurnished,0,Good,6000000
1611.0,3,3,12,Tier-2 City,Unfurnished,1,Good,2750000
1353.0,2,2,22,Metro City,Unfurnished,0,Good,11000000
1410.0,3,2,7,Metro City,Semi-Furnished,2,Excellent,4500000
2400.0,2,2,3,Metro City,Unfurnished,1,Excellent,8200000
1250.0,2,2,25,Metro City,Unfurnished,1,Excellent,6250000
2400.0,3,3,0,Tier-1 City,Semi-Furnished,0,Good,8750000
925.0,7,7,1,Metro City,Unfurnished,1,Good,8800000
1750.0,3,3,7,Metro City,Unfurnished,1,Good,5800000
1146.0,2,2,3,Metro City,Fully Furnished,1,Excellent,3850000
3600.0,4,5,2,Tier-2 City,Semi-Furnished,2,Good,13250000
1117.0,2,2,16,Metro City,Semi-Furnished,1,Good,3000000
1470.0,3,2,5,Rural Area,Semi-Furnished,1,Poor,1100000
1110.0,2,2,10,Metro City,Fully Furnished,1,Good,3600000
1250.0,2,2,3,Metro City,Unfurnished,1,Good,5550000
1400.0,2,2,20,Metro City,Fully Furnished,0,Good,8500000
2200.0,2,2,14,Metro City,Semi-Furnished,0,Good,18000000
940.0,2,2,1,Metro City,Unfurnished,1,Good,4350000
1020.0,2,2,3,Tier-1 City,Unfurnished,3,Good,3250000
1020.0,2,2,10,Metro City,Semi-Furnished,3,Good,3050000
2367.0,3,3,1,Tier-2 City,Semi-Furnished,0,Excellent,15900000
1945.0,3,3,1,Metro City,Fully Furnished,1,Good,12000000
1586.0,3,3,7,Tier-2 City,Semi-Furnished,2,Good,3700000
1152.0,2,2,17,Metro City,Fully Furnished,2,Good,3450000
3071.0,3,4,13,Rural Area,Semi-Furnished,2,Good,3150000
1328.0,2,2,11,Rural Area,Fully Furnished,2,Good,700000
1070.0,2,2,4,Metro City,Unfurnished,0,Excellent,4800000
625.0,2,2,10,Metro City,Semi-Furnished,3,Good,2400000
1151.0,2,2,19,Metro City,Fully Furnished,2,Good,3900000
1025.0,2,2,6,Metro City,Semi-Furnished,2,Excellent,5000000
1200.0,2,2,16,Metro City,Fully Furnished,1,Poor,4950000
1464.0,3,3,7,Metro City,Semi-Furnished,1,Excellent,5600000
1500.0,3,2,10,Metro City,Semi-Furnished,0,Good,12500000
1275.0,3,2,4,Rural Area,Fully Furnished,2,Good,500000
1517.0,3,3,7,Metro City,Unfurnished,0,Excellent,7150000
1200.0,2,2,8,Metro City,Unfurnished,1,Good,6500000
967.0,2,2,7,Tier-2 City,Unfurnished,1,Good,1800000
1200.0,1,1,19,Metro City,Unfurnished,2,Good,2800000
1450.0,3,2,3,Metro City,Fully Furnished,1,Excellent,8500000
1450.0,3,3,1,Metro City,Semi-Furnished,1,Good,5500000
660.0,2,2,8,Metro City,Semi-Furnished,1,Excellent,2700000
2340.0,4,5,20,Metro City,Semi-Furnished,2,Good,12900000
1035.0,2,2,15,Tier-1 City,Semi-Furnished,1,Poor,3450000
760.0,1,1,9,Tier-1 City,Unfurnished,1,Excellent,1750000
3626.0,4,5,0,Metro City,Unfurnished,1,Excellent,78800000
2035.0,3,3,9,Rural Area,Unfurnished,2,Good,2400000
1215.0,4,4,4,Metro City,Fully Furnished,1,Poor,20500000
3900.0,3,3,12,Metro City,Unfurnished,1,Good,30000000
1170.0,3,2,9,Metro City,Unfurnished,2,Poor,6600000
1243.0,2,2,4,Tier-2 City,Unfurnished,1,Excellent,1550000
1000.0,3,2,1,Tier-2 City,Semi-Furnished,2,Good,2300000
800.0,6,3,11,Metro City,Unfurnished,0,Good,12000000
1115.0,2,2,2,Metro City,Unfurnished,0,Good,5000000
1257.0,2,2,1,Metro City,Fully Furnished,0,Good,10500000
1265.0,2,2,11,Metro City,Unfurnished,1,Good,4650000
1512.0,3,3,10,Metro City,Semi-Furnished,1,Good,12300000
1194.0,2,2,4,Metro City,Fully Furnished,1,Poor,7150000
957.0,2,2,0,Metro City,Fully Furnished,1,Good,4700000
1100.0,2,2,11,Metro City,Fully Furnished,1,Good,5500000
1143.0,2,2,25,Metro City,Semi-Furnished,1,Excellent,6500000
527.0,1,1,8,Metro City,Fully Furnished,3,Excellent,3500000
3589.0,4,5,4,Metro City,Semi-Furnished,3,Excellent,40000000
1200.0,4,4,3,Metro City,Semi-Furnished,2,Good,13000000
1085.0,2,2,5,Metro City,Fully Furnished,1,Excellent,3350000
1220.0,2,2,10,Metro City,Unfurnished,0,Good,6500000
2100.0,7,7,12,Metro City,Unfurnished,1,Excellent,41000000
1025.0,2,2,9,Metro City,Semi-Furnished,2,Excellent,2750000
900.0,2,2,2,Metro City,Semi-Furnished,0,Good,4600000
1460.0,2,2,8,Metro City,Unfurnished,1,Excellent,8050000
1400.0,3,3,16,Metro City,Fully Furnished,1,Good,5500000
936.0,2,2,15,Metro City,Unfurnished,1,Good,4000000
1685.0,3,3,9,Rural Area,Fully Furnished,1,Good,550000
1290.0,2,2,17,Metro City,Semi-Furnished,1,Good,7000000
1132.0,2,2,16,Metro City,Semi-Furnished,0,Poor,4200000
1620.0,3,3,8,Metro City,Fully Furnished,0,Excellent,9000000
1200.0,1,1,3,Metro City,Semi-Furnished,1,Excellent,29500000
1142.0,2,2,0,Metro City,Semi-Furnished,1,Good,6500000
1123.0,2,2,12,Metro City,Semi-Furnished,1,Good,4800000
1641.0,3,3,5,Metro City,Semi-Furnished,1,Excellent,6600000
936.0,4,2,19,Metro City,Fully Furnished,0,Excellent,6100000
600.0,3,3,1,Metro City,Fully Furnished,1,Good,8300000
1445.0,3,2,4,Metro City,Fully Furnished,1,Excellent,10500000
1200.0,5,2,4,Metro City,Fully Furnished,0,Good,10000000
1650.0,3,3,9,Metro City,Fully Furnished,1,Good,8550000
2400.0,6,6,7,Tier-1 City,Semi-Furnished,0,Excellent,7000000
1300.0,3,2,16,Metro City,Semi-Furnished,1,Good,5500000
1065.0,2,2,7,Metro City,Semi-Furnished,3,Poor,3100000
1179.0,2,2,6,Tier-2 City,Fully Furnished,0,Good,1850000
950.0,2,2,1,Metro City,Semi-Furnished,2,Excellent,4000000
1290.0,3,3,4,Metro City,Fully Furnished,1,Good,4550000
1260.0,3,2,5,Metro City,Fully Furnished,2,Poor,7600000
1047.0,2,2,7,Metro City,Unfurnished,1,Excellent,7500000
1200.0,2,3,16,Tier-2 City,Semi-Furnished,1,Good,2750000
970.0,2,2,0,Metro City,Unfurnished,1,Good,5500000
1023.0,2,2,11,Metro City,Semi-Furnished,0,Good,5250000
1160.0,2,2,0,Metro City,Semi-Furnished,0,Good,3900000
1798.0,3,3,12,Metro City,Semi-Furnished,1,Poor,8900000
1430.0,3,2,5,Tier-1 City,Semi-Furnished,0,Good,5450000
2880.0,4,3,7,Tier-1 City,Fully Furnished,1,Good,14500000
1186.0,2,2,4,Metro City,Unfurnished,1,Excellent,6500000
1196.0,2,2,10,Metro City,Semi-Furnished,1,Good,5700000
2160.0,3,4,2,Metro City,Semi-Furnished,2,Poor,17200000
1755.0,3,3,1,Tier-2 City,Semi-Furnished,0,Poor,4900000
1090.0,2,2,5,Metro City,Fully Furnished,1,Poor,2800000
2475.0,3,4,4,Metro City,Unfurnished,1,Excellent,34000000
2280.0,5,5,12,Metro City,Fully Furnished,1,Poor,20000000
1255.0,2,2,6,Metro City,Fully Furnished,1,Good,9200000
1463.0,2,1,23,Metro City,Unfurnished,1,Excellent,14200000
1194.0,2,2,22,Metro City,Unfurnished,1,Excellent,4700000
924.0,2,2,6,Metro City,Unfurnished,1,Good,4500000
1282.0,3,3,17,Metro City,Unfurnished,3,Good,17800000
1153.0,2,2,3,Metro City,Unfurnished,1,Good,4500000
900.0,2,2,22,Metro City,Semi-Furnished,1,Excellent,4500000
1832.0,3,3,7,Metro City,Fully Furnished,0,Good,16000000
1372.0,3,2,0,Metro City,Semi-Furnished,0,Excellent,4400000
1050.0,2,2,3,Tier-1 City,Semi-Furnished,0,Good,3700000
3000.0,4,4,4,Metro City,Semi-Furnished,1,Excellent,23500000
1220.0,2,2,12,Tier-1 City,Semi-Furnished,1,Excellent,5900000
1360.0,3,3,24,Metro City,Semi-Furnished,1,Excellent,4750000
945.0,2,2,16,Metro City,Fully Furnished,1,Good,4500000
1500.0,3,3,23,Metro City,Semi-Furnished,1,Excellent,13000000
4800.0,3,4,9,Metro City,Unfurnished,3,Poor,60000000
2392.0,3,3,9,Metro City,Semi-Furnished,2,Good,24900000
600.0,1,1,9,Metro City,Fully Furnished,0,Poor,3700000
1550.0,5,3,0,Metro City,Fully Furnished,0,Good,25000000
1350.0,2,2,17,Metro City,Unfurnished,2,Poor,8600000
3600.0,6,6,7,Metro City,Fully Furnished,1,Good,20000000
1000.0,2,2,17,Metro City,Semi-Furnished,1,Good,3800000
1075.0,3,2,7,Metro City,Semi-Furnished,1,Good,3100000
1447.0,2,2,3,Metro City,Semi-Furnished,2,Good,8300000
1245.0,3,2,4,Tier-1 City,Fully Furnished,1,Poor,4800000
1300.0,3,2,21,Metro City,Semi-Furnished,1,Excellent,7000000
1314.0,2,2,3,Metro City,Fully Furnished,1,Good,8000000
1304.0,2,2,7,Tier-2 City,Unfurnished,0,Good,2800000
950.0,2,2,0,Metro City,Fully Furnished,2,Good,4700000
3900.0,4,4,14,Metro City,Fully Furnished,1,Good,41000000
1200.0,5,4,1,Rural Area,Fully Furnished,2,Good,1600000
1370.0,2,2,6,Metro City,Unfurnished,1,Excellent,5600000
1584.01,3,3,14,Metro City,Fully Furnished,1,Good,10300000
1125.0,2,2,10,Metro City,Fully Furnished,3,Excellent,4150000
1300.0,2,2,8,Tier-2 City,Semi-Furnished,1,Good,2100000
925.0,2,2,14,Tier-1 City,Semi-Furnished,0,Good,2800000
1251.0,2,2,16,Tier-2 City,Semi-Furnished,1,Good,1900000
1170.0,2,2,1,Metro City,Fully Furnished,2,Excellent,5000000
1020.0,2,2,0,Metro City,Fully Furnished,3,Excellent,4500000
4400.0,5,4,5,Metro City,Semi-Furnished,0,Good,35000000
1300.0,2,2,8,Metro City,Fully Furnished,1,Good,5400000
1073.5,2,2,13,Tier-1 City,Unfurnished,2,Poor,4100000
1540.0,3,3,6,Metro City,Unfurnished,2,Good,5000000
1120.0,2,2,15,Tier-2 City,Semi-Furnished,0,Good,1150000
1163.0,2,2,15,Metro City,Semi-Furnished,2,Good,6800000
1295.0,2,2,4,Metro City,Fully Furnished,3,Excellent,5550000
1200.0,3,3,20,Tier-1 City,Unfurnished,0,Good,8150000
1200.0,2,2,0,Tier-2 City,Semi-Furnished,1,Excellent,2600000
980.0,3,2,4,Metro City,Semi-Furnished,0,Good,6000000
4382.0,4,4,0,Metro City,Fully Furnished,0,Good,40000000
1515.0,3,2,18,Metro City,Semi-Furnished,0,Good,13500000
2700.0,3,5,3,Metro City,Semi-Furnished,0,Good,17500000
1130.0,2,2,7,Metro City,Semi-Furnished,1,Excellent,6300000
1080.0,2,2,6,Metro City,Semi-Furnished,3,Good,4500000
1660.0,3,2,10,Metro City,Unfurnished,2,Good,10000000
620.0,2,2,8,Metro City,Semi-Furnished,0,Good,2200000
1665.0,3,3,20,Metro City,Semi-Furnished,1,Good,7500000
1010.0,2,2,13,Metro City,Unfurnished,1,Good,4850000
2475.0,4,4,10,Metro City,Fully Furnished,0,Good,18600000
2700.0,3,4,3,Tier-1 City,Semi-Furnished,0,Good,20600000
820.0,2,2,4,Metro City,Fully Furnished,1,Excellent,4500000
1410.0,3,2,8,Metro City,Fully Furnished,2,Poor,8000000
1100.0,2,2,18,Tier-2 City,Semi-Furnished,1,Good,1400000
2023.0,3,4,1,Metro City,Unfurnished,2,Poor,13000000
1915.0,3,3,5,Metro City,Semi-Furnished,2,Good,8000000
2100.0,4,3,8,Tier-1 City,Unfurnished,3,Poor,6850000
1019.0,2,2,2,Metro City,Semi-Furnished,2,Good,5000000
600.0,1,1,7,Metro City,Semi-Furnished,1,Good,4500000
2100.0,3,3,24,Metro City,Unfurnished,1,Good,7000000
1075.0,3,2,24,Tier-2 City,Semi-Furnished,0,Excellent,1450000
2274.24,3,4,1,Rural Area,Semi-Furnished,1,Excellent,1850000
1525.84,3,3,10,Metro City,Fully Furnished,1,Good,11700000
1420.0,2,2,2,Tier-1 City,Unfurnished,1,Good,6450000
1175.0,2,2,24,Rural Area,Unfurnished,2,Good,1700000
1300.0,3,3,4,Metro City,Fully Furnished,1,Good,7800000
1070.0,2,2,6,Metro City,Semi-Furnished,1,Poor,4500000
1340.0,2,2,5,Metro City,Semi-Furnished,1,Good,7500000
1130.0,2,2,15,Rural Area,Fully Furnished,0,Excellent,500000
750.0,2,2,13,Metro City,Semi-Furnished,1,Poor,3600000
697.0,1,1,6,Metro City,Semi-Furnished,1,Good,3500000
1189.0,2,2,0,Metro City,Semi-Furnished,3,Good,4500000
2400.0,4,3,20,Metro City,Semi-Furnished,3,Excellent,75000000
1230.0,2,2,16,Metro City,Fully Furnished,1,Good,7800000
825.0,2,2,3,Tier-2 City,Semi-Furnished,1,Excellent,1300000
1680.0,3,3,7,Metro City,Semi-Furnished,2,Excellent,13500000
3730.0,4,6,6,Metro City,Semi-Furnished,1,Good,45000000
4235.0,4,5,9,Metro City,Semi-Furnished,0,Excellent,36400000
935.0,2,2,6,Rural Area,Unfurnished,1,Good,500000
1035.0,2,2,1,Metro City,Fully Furnished,1,Good,3950000
1360.0,3,3,15,Metro City,Fully Furnished,1,Good,5500000
3290.0,3,4,7,Tier-2 City,Unfurnished,0,Excellent,17450000
1512.0,3,3,24,Metro City,Semi-Furnished,1,Good,7600000
595.0,1,1,3,Metro City,Semi-Furnished,0,Good,3350000
1541.0,3,3,11,Metro City,Unfurnished,2,Good,7000000
1050.0,2,2,10,Metro City,Unfurnished,1,Excellent,7500000
1728.0,3,3,5,Metro City,Unfurnished,2,Good,12500000
1608.0,3,3,2,Metro City,Fully Furnished,0,Good,5450000
1525.0,3,2,8,Tier-1 City,Unfurnished,0,Good,4950000
2030.0,3,2,16,Metro City,Fully Furnished,2,Excellent,18200000
1650.0,3,2,13,Metro City,Semi-Furnished,1,Good,8000000
1200.0,3,3,22,Metro City,Semi-Furnished,1,Good,5000000
1404.0,3,2,2,Metro City,Semi-Furnished,1,Poor,5900000
1932.0,3,4,19,Metro City,Semi-Furnished,1,Excellent,13500000
1340.0,3,2,3,Tier-1 City,Semi-Furnished,1,Excellent,2750000
1034.0,6,6,12,Metro City,Fully Furnished,2,Excellent,10100000
1050.0,2,2,1,Tier-2 City,Semi-Furnished,1,Excellent,2750000
1636.0,3,3,11,Metro City,Semi-Furnished,1,Good,8800000
1154.0,2,2,10,Metro City,Unfurnished,0,Excellent,5700000
360.0,2,2,2,Metro City,Semi-Furnished,0,Good,4000000
2500.0,3,3,22,Tier-1 City,Fully Furnished,1,Good,23900000
1314.0,6,5,7,Metro City,Semi-Furnished,1,Good,12000000
1080.0,2,2,2,Rural Area,Semi-Furnished,0,Poor,550000
1500.0,8,6,0,Tier-1 City,Fully Furnished,0,Good,17200000
1151.0,2,2,10,Metro City,Semi-Furnished,1,Excellent,4900000
950.0,2,2,10,Metro City,Fully Furnished,2,Good,5000000
1850.0,3,4,2,Metro City,Unfurnished,1,Good,12100000
2955.0,3,3,8,Metro City,Semi-Furnished,1,Poor,23500000
1100.0,2,2,1,Metro City,Fully Furnished,2,Good,3600000
3270.0,4,4,5,Tier-1 City,Fully Furnished,1,Good,15700000
3000.0,6,4,5,Metro City,Fully Furnished,2,Excellent,37500000
1877.0,3,4,8,Metro City,Semi-Furnished,1,Good,15000000
1100.0,2,2,10,Tier-2 City,Semi-Furnished,2,Excellent,1650000
1485.0,3,2,9,Rural Area,Fully Furnished,1,Poor,1250000
1200.0,4,4,6,Tier-2 City,Unfurnished,0,Excellent,2800000
1150.0,4,3,12,Metro City,Unfurnished,0,Good,11000000
650.0,2,2,8,Metro City,Semi-Furnished,0,Excellent,4200000
1125.0,2,2,13,Metro City,Semi-Furnished,0,Excellent,3250000
2061.0,3,3,20,Metro City,Semi-Furnished,1,Good,20000000
1450.0,3,3,9,Metro City,Semi-Furnished,2,Excellent,7200000
1100.0,2,2,10,Metro City,Fully Furnished,1,Good,4300000
1360.0,3,2,10,Metro City,Semi-Furnished,1,Good,5450000
1150.0,3,2,3,Metro City,Semi-Furnished,1,Excellent,5500000
715.0,1,1,7,Metro City,Unfurnished,0,Excellent,2900000
1000.0,2,2,15,Metro City,Fully Furnished,0,Excellent,2500000
1089.0,2,2,6,Metro City,Fully Furnished,1,Excellent,4350000
3250.0,8,8,20,Metro City,Unfurnished,2,Good,60000000
1030.0,2,2,10,Metro City,Fully Furnished,1,Excellent,6100000
700.0,1,1,13,Tier-2 City,Unfurnished,2,Good,1200000
3526.0,4,4,4,Metro City,Semi-Furnished,1,Excellent,49200000
1350.0,3,3,16,Metro City,Unfurnished,1,Good,5800000
1200.0,8,7,24,Metro City,Semi-Furnished,1,Good,10000000
2000.0,3,3,24,Metro City,Semi-Furnished,1,Good,8500000
1800.0,4,3,2,Tier-2 City,Unfurnished,1,Good,3900000
1665.0,3,3,4,Metro City,Unfurnished,0,Good,7000000
1304.0,2,2,11,Tier-1 City,Unfurnished,1,Poor,6150000
1350.0,3,3,3,Tier-2 City,Semi-Furnished,0,Excellent,1100000
2019.0,3,3,7,Rural Area,Unfurnished,1,Good,650000
1153.0,2,2,5,Metro City,Fully Furnished,0,Good,5650000
900.0,2,2,1,Metro City,Unfurnished,1,Good,4200000
1150.0,2,3,2,Tier-2 City,Semi-Furnished,1,Poor,2150000
1115.0,2,2,3,Metro City,Fully Furnished,1,Good,6000000
1200.0,3,2,15,Tier-2 City,Semi-Furnished,1,Good,2100000
1240.0,2,2,5,Tier-1 City,Semi-Furnished,1,Poor,3100000
1169.0,2,2,8,Metro City,Semi-Furnished,1,Good,7500000
2404.0,3,3,4,Metro City,Semi-Furnished,1,Good,13800000
708.0,1,1,7,Metro City,Fully Furnished,1,Poor,4100000
1537.0,3,3,10,Metro City,Unfurnished,1,Excellent,12000000
1100.0,3,3,11,Tier-1 City,Semi-Furnished,1,Good,3450000
2856.0,4,5,12,Metro City,Semi-Furnished,1,Excellent,15450000
1797.0,3,4,22,Metro City,Unfurnished,1,Good,9500000
1260.0,2,2,12,Metro City,Semi-Furnished,2,Good,5300000
1296.0,2,2,2,Metro City,Fully Furnished,1,Excellent,7500000
1360.0,2,2,9,Metro City,Semi-Furnished,1,Poor,4500000
1243.0,2,2,9,Metro City,Fully Furnished,2,Good,4600000
1410.0,2,2,4,Metro City,Semi-Furnished,1,Good,4500000
1590.0,3,3,16,Metro City,Unfurnished,2,Good,5700000
1075.0,3,2,15,Metro City,Fully Furnished,2,Poor,4800000
2882.0,4,5,5,Tier-1 City,Unfurnished,1,Good,15600000
1683.0,3,3,4,Metro City,Semi-Furnished,2,Excellent,10900000
1950.0,3,3,2,Rural Area,Unfurnished,1,Good,2500000
1213.0,3,2,0,Metro City,Semi-Furnished,1,Good,4150000
775.0,2,2,3,Metro City,Fully Furnished,1,Excellent,5500000
975.0,2,2,6,Metro City,Fully Furnished,2,Good,5500000
1220.0,3,2,11,Metro City,Semi-Furnished,1,Good,3500000
850.0,6,6,16,Metro City,Unfurnished,1,Excellent,7800000
1200.0,2,2,2,Metro City,Fully Furnished,2,Excellent,5000000
1488.0,3,3,13,Metro City,Semi-Furnished,0,Good,5700000
1216.0,2,2,9,Tier-2 City,Fully Furnished,2,Good,3200000
900.0,2,2,8,Metro City,Semi-Furnished,2,Good,4100000
883.0,2,2,4,Metro City,Unfurnished,1,Good,4500000
416.0,1,1,5,Tier-2 City,Unfurnished,0,Good,500000
1310.0,3,2,5,Metro City,Semi-Furnished,1,Good,6000000
1027.0,2,2,1,Metro City,Semi-Furnished,1,Good,6850000
1460.0,3,3,8,Metro City,Unfurnished,0,Excellent,7000000
1440.0,5,5,1,Metro City,Semi-Furnished,1,Poor,10000000
1875.0,7,5,0,Metro City,Fully Furnished,2,Good,19200000
1885.0,3,3,3,Metro City,Unfurnished,2,Excellent,12500000
1310.0,3,2,10,Metro City,Semi-Furnished,1,Good,3800000
1185.0,2,2,16,Metro City,Semi-Furnished,2,Excellent,6700000
1175.0,2,2,22,Metro City,Unfurnished,1,Good,5000000
1267.0,2,2,21,Metro City,Semi-Furnished,1,Excellent,4300000
1170.0,2,2,2,Metro City,Semi-Furnished,1,Good,5000000
980.0,2,2,20,Metro City,Semi-Furnished,2,Poor,3800000
1424.0,3,2,0,Metro City,Fully Furnished,2,Poor,7500000
1200.0,2,2,10,Metro City,Fully Furnished,1,Good,3200000
1200.0,5,5,20,Metro City,Unfurnished,2,Good,9900000
1745.0,3,3,20,Metro City,Unfurnished,1,Good,9800000
1200.0,2,2,12,Metro City,Semi-Furnished,2,Good,5200000
1012.0,2,2,18,Metro City,Fully Furnished,1,Excellent,4200000
875.0,6,3,20,Metro City,Fully Furnished,1,Good,9800000
1180.0,2,2,7,Metro City,Fully Furnished,2,Good,5600000
1195.0,3,2,9,Tier-2 City,Semi-Furnished,1,Good,2650000
1225.0,2,2,5,Metro City,Unfurnished,0,Good,6000000
1045.0,2,2,14,Metro City,Fully Furnished,1,Good,3650000
1500.0,3,3,3,Metro City,Semi-Furnished,2,Poor,13500000
1418.0,2,2,18,Metro City,Unfurnished,2,Poor,10400000
1450.0,3,3,18,Metro City,Unfurnished,1,Good,7900000
1200.0,5,4,1,Metro City,Fully Furnished,2,Good,20000000
1250.0,2,2,2,Tier-1 City,Fully Furnished,0,Poor,3700000
1200.0,2,2,1,Metro City,Semi-Furnished,1,Good,4800000
1185.0,2,2,10,Metro City,Unfurnished,3,Good,4350000
1600.0,3,3,20,Metro City,Unfurnished,0,Good,7600000
1670.0,3,3,1,Metro City,Unfurnished,1,Good,12000000
1123.0,2,2,8,Metro City,Semi-Furnished,1,Good,6000000
2600.0,5,5,7,Metro City,Fully Furnished,1,Excellent,37000000
2403.0,4,5,11,Metro City,Semi-Furnished,1,Excellent,36000000
1733.5,3,3,24,Tier-1 City,Fully Furnished,1,Good,6300000
1125.0,2,2,8,Metro City,Semi-Furnished,3,Poor,3250000
1200.0,8,8,11,Metro City,Unfurnished,1,Poor,19000000
871.0,2,2,5,Metro City,Semi-Furnished,1,Good,5500000
3453.0,4,4,13,Metro City,Semi-Furnished,2,Excellent,24700000
1248.52,3,3,22,Metro City,Fully Furnished,1,Good,11500000
2400.0,4,4,8,Rural Area,Unfurnished,1,Excellent,6550000
1091.0,2,2,5,Metro City,Semi-Furnished,1,Good,3500000
500.0,1,1,2,Metro City,Semi-Furnished,2,Excellent,3100000
1160.0,2,2,20,Metro City,Fully Furnished,1,Good,3350000
1550.0,3,3,22,Metro City,Semi-Furnished,1,Good,6700000
1700.0,4,4,13,Metro City,Semi-Furnished,2,Good,15200000
1100.0,2,2,8,Metro City,Fully Furnished,1,Good,8500000
2400.0,4,4,14,Metro City,Semi-Furnished,2,Excellent,50000000
1375.0,2,2,8,Metro City,Unfurnished,1,Excellent,6000000
1000.0,1,1,0,Metro City,Unfurnished,1,Excellent,7000000
1429.0,3,3,4,Metro City,Unfurnished,0,Excellent,8600000
1100.0,3,3,22,Metro City,Unfurnished,2,Good,5800000
1200.0,2,2,18,Metro City,Semi-Furnished,2,Poor,5000000
1418.0,2,2,6,Metro City,Fully Furnished,2,Good,10300000
1303.0,2,2,0,Tier-1 City,Fully Furnished,1,Good,3800000
1200.0,2,2,23,Metro City,Semi-Furnished,1,Good,5500000
4694.0,4,5,25,Metro City,Semi-Furnished,1,Good,37500000
1652.0,3,3,8,Metro City,Unfurnished,1,Good,11000000
2388.0,3,3,20,Tier-2 City,Unfurnished,1,Excellent,8400000
1800.0,3,3,1,Metro City,Unfurnished,0,Good,8500000
1040.0,2,2,14,Metro City,Fully Furnished,0,Good,3650000
5000.0,4,5,13,Metro City,Semi-Furnished,2,Excellent,30000000
1140.0,2,2,3,Metro City,Unfurnished,1,Good,4000000
1765.0,3,3,0,Metro City,Fully Furnished,0,Poor,7750000
1756.0,3,3,7,Metro City,Fully Furnished,1,Good,10000000
1200.0,2,2,1,Metro City,Fully Furnished,2,Poor,6200000
880.0,2,2,19,Metro City,Unfurnished,0,Good,3500000
1010.0,2,2,0,Metro City,Unfurnished,2,Good,3500000
662.0,1,1,0,Metro City,Fully Furnished,1,Excellent,4500000
1452.0,3,3,7,Tier-1 City,Fully Furnished,0,Poor,3500000
1108.0,2,2,8,Tier-1 City,Fully Furnished,2,Good,5300000
7000.0,4,4,5,Metro City,Fully Furnished,2,Good,21000000
2010.0,3,3,1,Rural Area,Semi-Furnished,2,Good,1150000
1075.0,3,2,8,Tier-2 City,Semi-Furnished,1,Good,1200000
1047.0,2,2,12,Metro City,Fully Furnished,2,Good,8900000
1210.0,2,2,15,Metro City,Semi-Furnished,1,Good,6900000
1208.0,2,2,4,Tier-1 City,Unfurnished,1,Poor,3750000
950.0,2,2,3,Metro City,Semi-Furnished,1,Excellent,6000000
1052.0,3,2,17,Metro City,Fully Furnished,0,Excellent,6000000
1830.0,3,3,12,Metro City,Fully Furnished,0,Good,9500000
1100.0,2,2,16,Metro City,Unfurnished,1,Good,4000000
1290.0,2,1,10,Metro City,Semi-Furnished,0,Good,7750000
3117.0,3,3,9,Metro City,Unfurnished,0,Good,26100000
1190.0,2,2,4,Metro City,Unfurnished,2,Good,5500000
3150.0,4,4,6,Tier-2 City,Unfurnished,1,Good,14750000
1315.0,2,2,8,Metro City,Unfurnished,0,Good,8500000
1329.0,3,2,17,Metro City,Semi-Furnished,1,Good,4100000
2000.0,3,3,0,Tier-2 City,Unfurnished,0,Excellent,3600000
4500.0,4,5,8,Metro City,Unfurnished,1,Good,30000000
1200.0,2,2,4,Metro City,Unfurnished,1,Good,4300000
1200.0,6,5,8,Metro City,Fully Furnished,1,Good,24000000
1125.0,2,2,8,Metro City,Semi-Furnished,1,Excellent,4500000
1680.0,6,4,6,Tier-2 City,Semi-Furnished,2,Excellent,9400000
1089.0,2,2,5,Metro City,Fully Furnished,1,Good,3250000
2180.0,3,3,4,Metro City,Semi-Furnished,1,Good,21000000
1297.0,2,2,1,Tier-1 City,Semi-Furnished,2,Poor,6800000
3467.86,4,6,9,Tier-2 City,Unfurnished,1,Excellent,11100000
575.0,1,1,6,Metro City,Unfurnished,1,Good,3800000
770.0,1,1,4,Metro City,Unfurnished,0,Good,4400000
1200.0,2,2,4,Metro City,Fully Furnished,1,Good,7100000
999.0,2,2,13,Metro City,Semi-Furnished,0,Poor,3300000
1355.0,3,3,2,Tier-1 City,Unfurnished,1,Good,6400000
1142.0,2,2,17,Metro City,Semi-Furnished,1,Excellent,5100000
1235.0,2,2,2,Metro City,Semi-Furnished,2,Good,14800000
2360.0,4,4,1,Metro City,Unfurnished,1,Good,60100000
1500.0,6,6,0,Metro City,Semi-Furnished,1,Good,24000000
1140.0,2,2,23,Metro City,Unfurnished,1,Good,2850000
1777.0,3,3,8,Metro City,Unfurnished,0,Good,10000000
1654.0,3,3,2,Metro City,Fully Furnished,0,Poor,7000000
960.0,9,5,9,Metro City,Semi-Furnished,1,Good,13000000
1174.0,2,2,17,Metro City,Semi-Furnished,0,Good,2950000
4304.0,4,4,2,Tier-1 City,Unfurnished,2,Good,49500000
1286.0,2,2,1,Metro City,Fully Furnished,1,Good,6300000
2400.0,3,3,14,Metro City,Semi-Furnished,2,Good,16500000
1475.0,2,2,4,Metro City,Semi-Furnished,0,Good,5500000
3150.0,4,4,6,Metro City,Semi-Furnished,1,Excellent,15000000
1215.0,2,2,5,Tier-1 City,Fully Furnished,2,Excellent,2900000
1070.0,2,2,0,Metro City,Unfurnished,1,Excellent,5500000
1555.0,3,3,4,Rural Area,Unfurnished,2,Good,1400000
2856.0,4,5,11,Metro City,Semi-Furnished,0,Excellent,14550000
1255.0,2,2,0,Metro City,Semi-Furnished,2,Good,5550000
1220.0,3,3,9,Metro City,Semi-Furnished,1,Good,5600000
1127.0,2,2,4,Metro City,Unfurnished,1,Good,5500000
1752.12,3,3,11,Tier-1 City,Semi-Furnished,1,Good,7650000
1350.0,2,2,1,Tier-1 City,Unfurnished,0,Good,6050000
3500.0,5,5,11,Metro City,Unfurnished,1,Good,15000000
2000.0,4,5,6,Metro City,Semi-Furnished,1,Poor,8000000
875.0,5,5,6,Metro City,Unfurnished,0,Excellent,12000000
3463.0,4,6,1,Metro City,Unfurnished,2,Good,31000000
2502.0,3,3,0,Metro City,Fully Furnished,1,Good,13800000
2110.0,3,4,4,Metro City,Semi-Furnished,1,Poor,12000000
1194.0,2,2,0,Metro City,Semi-Furnished,0,Good,4600000
900.0,2,2,13,Metro City,Unfurnished,1,Good,16000000
1585.0,3,3,20,Metro City,Fully Furnished,0,Good,8400000
600.0,4,4,6,Metro City,Fully Furnished,1,Good,12200000
1550.0,3,3,15,Metro City,Semi-Furnished,1,Good,7500000
1050.0,6,4,6,Metro City,Unfurnished,2,Good,15500000
3715.0,4,6,5,Metro City,Fully Furnished,1,Good,21250000
1060.0,2,2,12,Metro City,Semi-Furnished,0,Poor,5200000
1595.0,3,3,3,Tier-2 City,Semi-Furnished,2,Good,3450000
1063.0,2,2,5,Metro City,Semi-Furnished,1,Good,3200000
1040.0,2,2,11,Tier-1 City,Fully Furnished,1,Good,3050000
605.0,1,1,10,Metro City,Semi-Furnished,1,Good,2900000
1234.0,2,2,19,Metro City,Fully Furnished,1,Good,8000000
1213.0,3,2,17,Tier-1 City,Semi-Furnished,0,Good,2950000
1730.0,3,3,21,Metro City,Unfurnished,0,Excellent,11000000
1252.0,2,2,2,Tier-1 City,Unfurnished,2,Excellent,6100000
1100.0,2,2,10,Metro City,Semi-Furnished,0,Good,3150000
1195.0,2,2,7,Metro City,Unfurnished,0,Good,7300000
1200.0,2,2,6,Metro City,Unfurnished,0,Excellent,5400000
900.0,2,2,0,Metro City,Fully Furnished,2,Good,5500000
1323.0,3,2,9,Metro City,Unfurnished,1,Good,4200000
1400.0,3,3,7,Metro City,Unfurnished,1,Excellent,6000000
1263.0,2,2,8,Metro City,Semi-Furnished,2,Good,7800000
8000.0,6,6,0,Metro City,Unfurnished,1,Good,280000000
1200.0,2,2,0,Metro City,Unfurnished,0,Good,5300000
1555.0,3,3,25,Metro City,Fully Furnished,0,Good,7300000
1475.0,3,2,8,Metro City,Semi-Furnished,1,Good,5500000
914.0,2,2,3,Metro City,Semi-Furnished,1,Poor,4700000
1715.0,3,2,18,Metro City,Fully Furnished,1,Good,10000000
1322.0,3,2,15,Metro City,Unfurnished,2,Excellent,5900000
2519.0,4,5,19,Metro City,Semi-Furnished,1,Good,18500000
1655.0,3,2,1,Metro City,Unfurnished,0,Good,6300000
2800.0,5,5,2,Metro City,Fully Furnished,2,Good,22000000
1350.0,2,2,9,Metro City,Semi-Furnished,2,Good,5400000
1073.0,2,2,1,Metro City,Semi-Furnished,1,Good,6000000
1200.0,5,5,0,Metro City,Unfurnished,0,Good,23500000
1107.0,2,2,12,Metro City,Semi-Furnished,1,Excellent,5700000
1500.0,3,3,7,Metro City,Semi-Furnished,1,Good,8500000
1104.0,2,2,6,Metro City,Unfurnished,2,Good,3550000
1157.0,2,2,5,Metro City,Semi-Furnished,0,Good,7300000
2400.0,3,3,0,Tier-1 City,Fully Furnished,0,Good,19450000
1200.0,4,4,0,Metro City,Semi-Furnished,1,Good,16000000
959.0,2,2,9,Metro City,Fully Furnished,0,Excellent,4250000
600.0,5,3,13,Metro City,Fully Furnished,1,Good,8500000
1113.27,2,2,15,Rural Area,Unfurnished,1,Excellent,500000
2475.0,3,4,1,Metro City,Fully Furnished,1,Excellent,32000000
1257.0,2,2,14,Tier-1 City,Semi-Furnished,1,Good,4750000
703.0,1,1,6,Metro City,Semi-Furnished,1,Good,5200000
1600.0,2,2,0,Rural Area,Unfurnished,0,Good,1150000
3734.0,4,5,3,Metro City,Fully Furnished,0,Good,43000000
1625.0,3,3,14,Metro City,Fully Furnished,0,Good,5500000
1280.0,3,2,13,Metro City,Unfurnished,2,Good,5500000
1840.0,3,3,18,Metro City,Semi-Furnished,2,Excellent,6900000
600.0,6,4,2,Metro City,Unfurnished,2,Good,6000000
2008.0,3,3,7,Metro City,Unfurnished,1,Good,17000000
4000.0,4,4,9,Metro City,Fully Furnished,0,Excellent,22000000
840.0,8,7,7,Metro City,Semi-Furnished,2,Excellent,19500000
2400.0,4,5,7,Rural Area,Fully Furnished,0,Good,5700000
1012.0,2,2,16,Metro City,Unfurnished,1,Excellent,6800000
2200.0,3,3,9,Metro City,Semi-Furnished,1,Good,18000000
1291.0,2,2,16,Metro City,Semi-Furnished,2,Poor,4900000
700.0,2,2,17,Metro City,Unfurnished,2,Good,4000000
1200.0,4,4,3,Metro City,Unfurnished,1,Poor,7200000
1800.0,3,3,6,Tier-1 City,Semi-Furnished,1,Good,5450000
1199.0,2,2,2,Metro City,Unfurnished,1,Good,8600000
2000.0,4,4,2,Metro City,Fully Furnished,0,Excellent,8500000
1115.0,2,2,0,Metro City,Semi-Furnished,1,Good,3600000
1475.0,3,3,14,Metro City,Unfurnished,2,Good,7800000
1195.0,2,2,8,Metro City,Fully Furnished,1,Good,6150000
1477.0,3,2,23,Metro City,Fully Furnished,1,Good,8000000
2160.0,6,5,21,Rural Area,Unfurnished,2,Poor,4400000
2400.0,4,4,10,Metro City,Semi-Furnished,2,Excellent,55000000
1740.0,3,2,12,Tier-2 City,Semi-Furnished,2,Good,3550000
1127.0,2,2,20,Tier-2 City,Unfurnished,2,Excellent,1500000
1052.0,3,2,17,Tier-2 City,Fully Furnished,0,Excellent,1700000
1334.0,2,2,15,Metro City,Fully Furnished,1,Good,6700000
600.0,3,4,17,Metro City,Fully Furnished,0,Excellent,9900000
4800.0,4,4,7,Metro City,Semi-Furnished,0,Good,52500000
1330.0,2,2,7,Tier-2 City,Unfurnished,1,Good,3050000
1751.0,3,3,2,Tier-2 City,Unfurnished,1,Poor,2950000
3025.0,3,3,8,Metro City,Semi-Furnished,1,Excellent,50000000
870.0,2,2,0,Tier-1 City,Unfurnished,0,Excellent,3900000
2095.0,4,3,6,Tier-2 City,Unfurnished,3,Good,4750000
2430.0,3,5,0,Metro City,Semi-Furnished,2,Poor,18000000
1567.0,3,2,7,Tier-1 City,Unfurnished,2,Good,4750000
600.0,3,4,10,Metro City,Semi-Furnished,0,Good,9500000
500.0,1,1,7,Tier-1 City,Semi-Furnished,2,Good,2500000
1352.0,2,2,12,Metro City,Semi-Furnished,1,Good,6800000
1365.0,3,3,7,Metro City,Fully Furnished,2,Good,6600000
1100.0,2,2,1,Metro City,Fully Furnished,2,Good,3800000
1500.0,7,6,13,Rural Area,Fully Furnished,1,Good,1900000
2200.0,4,3,5,Metro City,Unfurnished,2,Excellent,8000000
505.0,1,1,3,Metro City,Unfurnished,3,Excellent,8500000
600.0,4,4,4,Metro City,Fully Furnished,1,Excellent,7800000
3900.0,6,6,21,Metro City,Fully Furnished,0,Good,19500000
1100.0,2,2,12,Metro City,Fully Furnished,1,Poor,5000000
2100.0,4,2,2,Metro City,Semi-Furnished,0,Excellent,5000000
900.0,2,2,1,Metro City,Fully Furnished,1,Excellent,5500000
1650.0,5,5,5,Metro City,Unfurnished,1,Excellent,45000000
1280.0,2,2,2,Tier-2 City,Unfurnished,1,Good,2950000
1235.0,2,2,2,Metro City,Unfurnished,3,Good,6500000
1080.0,3,2,4,Metro City,Semi-Furnished,1,Poor,7500000
946.0,2,2,20,Metro City,Semi-Furnished,3,Poor,5800000
1100.0,2,2,1,Rural Area,Unfurnished,2,Good,500000
1165.0,2,2,4,Metro City,Semi-Furnished,1,Poor,7500000
1489.0,3,2,4,Metro City,Unfurnished,0,Good,8200000
1450.0,3,2,12,Metro City,Unfurnished,2,Poor,7800000
1180.0,3,2,15,Metro City,Semi-Furnished,0,Good,6000000
1090.0,2,2,0,Metro City,Unfurnished,2,Good,2700000
1860.0,3,3,7,Metro City,Semi-Furnished,2,Excellent,13000000
1122.5,2,2,0,Metro City,Fully Furnished,1,Good,5900000
900.0,4,2,2,Metro City,Semi-Furnished,2,Good,11500000
1320.0,3,2,10,Metro City,Unfurnished,0,Good,6000000
1200.0,2,3,13,Metro City,Semi-Furnished,2,Good,8500000
850.0,6,7,19,Metro City,Fully Furnished,0,Excellent,10000000
1140.0,2,2,14,Rural Area,Fully Furnished,1,Good,500000
1075.0,2,2,11,Metro City,Unfurnished,0,Poor,4600000
1040.0,2,2,1,Metro City,Semi-Furnished,1,Excellent,4500000
1310.0,2,2,5,Metro City,Semi-Furnished,0,Good,8000000
1249.0,2,2,23,Rural Area,Unfurnished,0,Good,1750000
1765.0,3,3,20,Metro City,Semi-Furnished,1,Good,10500000
1077.0,2,2,22,Metro City,Semi-Furnished,0,Excellent,5000000
1275.0,3,3,16,Metro City,Unfurnished,1,Good,5900000
1036.0,2,2,2,Metro City,Unfurnished,0,Good,10500000
1900.0,3,3,6,Metro City,Unfurnished,0,Good,15000000
1001.0,2,2,10,Metro City,Fully Furnished,2,Good,3000000
1550.0,3,3,10,Metro City,Fully Furnished,0,Good,7450000
300.0,1,1,5,Tier-2 City,Semi-Furnished,0,Good,650000
1420.0,2,2,10,Metro City,Semi-Furnished,0,Good,10700000
551.0,1,1,6,Metro City,Semi-Furnished,1,Good,3000000
1200.0,2,2,12,Metro City,Fully Furnished,1,Good,4900000
750.0,2,2,20,Tier-1 City,Semi-Furnished,1,Good,2450000
4000.0,4,4,20,Tier-2 City,Unfurnished,1,Good,5900000
1251.0,2,2,16,Metro City,Unfurnished,1,Good,4700000
3500.0,4,4,9,Metro City,Unfurnished,1,Excellent,55000000
1550.0,3,3,8,Metro City,Semi-Furnished,1,Excellent,6500000
963.0,2,2,21,Tier-1 City,Semi-Furnished,0,Excellent,2250000
2400.0,3,2,12,Metro City,Semi-Furnished,3,Poor,19500000
2650.0,4,4,1,Metro City,Fully Furnished,2,Good,15000000
3596.0,4,5,11,Metro City,Semi-Furnished,1,Good,25200000
1166.0,6,6,2,Tier-1 City,Semi-Furnished,2,Good,9700000
1025.0,2,2,1,Metro City,Semi-Furnished,0,Good,5700000
654.0,1,1,3,Tier-1 City,Fully Furnished,1,Good,3100000
625.0,6,3,0,Metro City,Semi-Furnished,1,Good,7800000
1665.0,3,3,8,Metro City,Unfurnished,1,Good,8650000
1000.0,2,2,13,Metro City,Fully Furnished,3,Good,5100000
1691.0,3,3,19,Metro City,Semi-Furnished,1,Good,11900000
1149.0,2,2,17,Metro City,Fully Furnished,0,Poor,7500000
596.0,1,1,21,Metro City,Unfurnished,0,Excellent,4200000
800.0,2,1,9,Metro City,Fully Furnished,1,Good,13000000
1000.0,2,2,16,Metro City,Unfurnished,1,Good,3500000
905.0,1,1,2,Metro City,Semi-Furnished,3,Poor,5500000
450.0,1,1,6,Metro City,Fully Furnished,1,Good,2000000
1153.0,2,2,16,Metro City,Semi-Furnished,1,Good,5650000
1000.0,2,2,5,Metro City,Fully Furnished,3,Good,2500000
1045.0,2,2,1,Tier-2 City,Fully Furnished,1,Poor,3500000
1700.0,3,2,21,Metro City,Semi-Furnished,1,Good,8600000
2400.0,5,5,13,Metro City,Semi-Furnished,0,Excellent,23500000
1400.0,2,2,6,Metro City,Semi-Furnished,2,Good,8000000
1500.0,3,3,10,Metro City,Semi-Furnished,2,Excellent,11500000
1303.0,2,2,2,Metro City,Semi-Furnished,3,Excellent,5600000
909.0,3,2,1,Metro City,Semi-Furnished,0,Good,4300000
1215.0,2,2,8,Metro City,Semi-Furnished,1,Excellent,4600000
1493.0,3,3,13,Metro City,Semi-Furnished,0,Excellent,8200000
1226.0,3,2,2,Metro City,Fully Furnished,2,Good,6000000
3025.0,3,3,8,Rural Area,Unfurnished,1,Excellent,5750000
1272.0,2,2,2,Metro City,Fully Furnished,3,Good,4800000
610.0,3,3,5,Metro City,Fully Furnished,1,Good,6000000
3900.0,4,5,9,Metro City,Fully Furnished,0,Poor,36000000
1350.0,3,3,9,Tier-1 City,Fully Furnished,0,Excellent,4150000
2000.0,3,2,5,Metro City,Unfurnished,1,Good,36000000
1232.0,2,2,0,Metro City,Semi-Furnished,0,Good,7400000
1427.0,3,2,1,Tier-2 City,Unfurnished,1,Excellent,3300000
805.5,2,2,8,Metro City,Semi-Furnished,2,Good,1950000
1200.0,2,2,16,Metro City,Semi-Furnished,0,Good,4400000
780.0,2,2,3,Metro City,Semi-Furnished,0,Poor,3100000
1010.0,2,2,8,Tier-2 City,Unfurnished,2,Good,2050000
2000.0,3,3,2,Tier-2 City,Fully Furnished,1,Good,7150000
2650.0,4,4,1,Metro City,Unfurnished,1,Excellent,22300000
1200.0,2,2,14,Tier-1 City,Unfurnished,0,Excellent,4550000
1342.0,2,2,4,Metro City,Semi-Furnished,2,Good,9000000
1500.0,6,5,1,Metro City,Semi-Furnished,1,Good,13000000
700.0,2,1,4,Metro City,Semi-Furnished,1,Excellent,4100000
1872.0,3,3,13,Metro City,Semi-Furnished,1,Good,15200000
6000.0,1,1,7,Metro City,Semi-Furnished,2,Good,27600000
1200.0,2,2,6,Metro City,Semi-Furnished,1,Good,5350000
1360.0,3,2,0,Tier-2 City,Unfurnished,1,Excellent,1850000
1592.0,3,3,12,Metro City,Unfurnished,2,Good,7500000
3640.0,4,4,7,Tier-1 City,Fully Furnished,3,Good,20850000
1630.0,3,3,4,Metro City,Unfurnished,2,Good,7500000
1605.0,3,3,15,Metro City,Unfurnished,1,Excellent,10500000
850.0,3,3,7,Rural Area,Unfurnished,1,Good,900000
1420.0,2,2,25,Tier-2 City,Semi-Furnished,0,Good,2350000
1200.0,2,2,9,Metro City,Unfurnished,2,Good,12000000
1175.0,2,2,0,Metro City,Fully Furnished,2,Good,4850000
3596.0,4,5,9,Rural Area,Unfurnished,0,Poor,4950000
4144.0,4,4,8,Metro City,Fully Furnished,0,Good,31500000
1140.0,2,2,0,Rural Area,Unfurnished,1,Good,500000
1468.0,2,2,20,Rural Area,Semi-Furnished,1,Good,2550000
1520.0,3,3,8,Metro City,Semi-Furnished,1,Good,8500000
1650.0,4,4,11,Metro City,Unfurnished,1,Good,9900000
2360.0,4,4,9,Metro City,Fully Furnished,1,Good,60000000
1200.0,2,2,13,Metro City,Unfurnished,0,Good,4500000
1550.0,3,3,2,Metro City,Unfurnished,2,Poor,7350000
6200.0,9,9,14,Metro City,Fully Furnished,0,Good,20000000
1500.0,3,2,0,Metro City,Semi-Furnished,2,Good,5500000
1200.0,2,2,20,Metro City,Semi-Furnished,1,Good,8300000
420.0,1,1,8,Metro City,Semi-Furnished,0,Good,1700000
1656.0,3,2,0,Metro City,Fully Furnished,1,Excellent,6300000
3550.0,4,4,11,Rural Area,Semi-Furnished,1,Good,2500000
600.0,3,4,4,Tier-1 City,Fully Furnished,0,Good,7000000
2100.0,3,3,20,Metro City,Semi-Furnished,1,Excellent,20000000
460.0,2,1,2,Metro City,Unfurnished,1,Good,1500000
1900.0,3,3,8,Tier-1 City,Semi-Furnished,1,Poor,10750000
1553.0,3,2,7,Metro City,Unfurnished,2,Excellent,5800000
1510.0,3,3,1,Metro City,Fully Furnished,0,Good,8300000
1255.0,3,2,6,Tier-1 City,Unfurnished,2,Excellent,6900000
1495.0,2,2,2,Tier-2 City,Unfurnished,2,Good,3550000
1007.0,2,2,1,Metro City,Fully Furnished,1,Good,6600000
900.0,2,2,6,Tier-2 City,Semi-Furnished,3,Good,1500000
1165.0,2,2,19,Metro City,Semi-Furnished,2,Good,7500000
920.0,2,2,8,Metro City,Unfurnished,1,Good,6000000
1752.0,3,3,5,Tier-2 City,Semi-Furnished,2,Excellent,3200000
1459.0,2,2,9,Tier-2 City,Semi-Furnished,1,Good,3600000
1309.0,2,2,18,Metro City,Fully Furnished,2,Good,8000000
3000.0,4,4,9,Metro City,Unfurnished,1,Poor,13400000
1260.0,3,2,0,Metro City,Fully Furnished,1,Poor,4900000
750.0,4,6,0,Metro City,Semi-Furnished,1,Excellent,7500000
1180.0,2,2,0,Metro City,Unfurnished,2,Good,5500000
1000.0,2,2,1,Metro City,Unfurnished,2,Excellent,3600000
1035.0,2,2,6,Metro City,Semi-Furnished,0,Excellent,4050000
1390.0,3,2,4,Metro City,Fully Furnished,2,Good,6050000
1449.0,3,3,3,Metro City,Semi-Furnished,3,Good,10000000
1974.0,4,4,17,Metro City,Semi-Furnished,0,Excellent,10600000
3436.0,4,6,2,Metro City,Unfurnished,1,Excellent,50000000
1250.0,2,2,0,Metro City,Fully Furnished,1,Excellent,11000000
1250.0,2,2,13,Metro City,Fully Furnished,1,Good,5550000
1604.0,3,3,5,Metro City,Unfurnished,1,Good,6800000
2500.0,3,3,5,Metro City,Semi-Furnished,0,Good,34000000
940.0,4,4,12,Metro City,Fully Furnished,1,Good,4500000
1730.0,3,3,21,Metro City,Semi-Furnished,3,Excellent,12500000
1400.0,3,2,4,Metro City,Unfurnished,0,Excellent,5600000
1104.0,2,2,25,Metro City,Semi-Furnished,1,Good,3900000
1440.0,5,5,3,Metro City,Unfurnished,1,Good,9700000
1270.0,3,2,5,Metro City,Semi-Furnished,0,Poor,5100000
1700.0,3,3,22,Metro City,Semi-Furnished,3,Good,11100000
1950.0,3,3,2,Metro City,Semi-Furnished,1,Good,16500000
1251.0,2,2,5,Metro City,Semi-Furnished,1,Excellent,4600000
1843.0,3,3,12,Tier-2 City,Semi-Furnished,3,Poor,2950000
1634.0,3,3,5,Metro City,Fully Furnished,2,Excellent,11100000
1100.0,2,2,24,Metro City,Fully Furnished,2,Good,6200000
1904.0,3,3,19,Metro City,Unfurnished,1,Good,15500000
1775.0,3,3,1,Metro City,Semi-Furnished,1,Excellent,11000000
1200.0,4,4,5,Metro City,Semi-Furnished,2,Good,12000000
1145.0,2,2,22,Tier-1 City,Semi-Furnished,2,Good,2700000
1320.0,3,2,8,Metro City,Semi-Furnished,2,Poor,3950000
1235.0,2,2,11,Metro City,Unfurnished,1,Excellent,6500000
1350.0,3,2,3,Metro City,Semi-Furnished,0,Excellent,5600000
1160.0,2,2,12,Metro City,Fully Furnished,1,Good,5200000
960.0,2,2,7,Metro City,Unfurnished,1,Good,4500000
1310.0,3,2,24,Metro City,Semi-Furnished,1,Good,5300000
1800.0,3,3,3,Tier-2 City,Fully Furnished,0,Excellent,2900000
1570.0,3,3,21,Metro City,Semi-Furnished,1,Excellent,6600000
1145.0,2,2,7,Metro City,Semi-Furnished,2,Excellent,7500000
1154.0,2,2,17,Metro City,Semi-Furnished,1,Good,5200000
1200.0,2,2,0,Metro City,Fully Furnished,2,Good,5600000
1600.0,3,3,4,Metro City,Unfurnished,0,Excellent,10000000
2300.0,3,4,25,Tier-2 City,Unfurnished,1,Good,3650000
1200.0,5,5,1,Tier-2 City,Fully Furnished,0,Good,7100000
1081.0,2,2,24,Metro City,Fully Furnished,1,Good,5200000
2700.0,5,7,14,Metro City,Fully Furnished,1,Good,12500000
1800.0,3,3,0,Metro City,Fully Furnished,2,Excellent,6500000
1267.0,2,2,15,Metro City,Fully Furnished,1,Good,9050000
1755.0,3,3,15,Metro City,Semi-Furnished,0,Good,11700000
1140.0,2,2,20,Tier-2 City,Unfurnished,1,Excellent,900000
1420.0,3,2,18,Metro City,Unfurnished,1,Excellent,7500000
993.0,2,2,9,Metro City,Fully Furnished,1,Poor,3950000
1762.0,3,3,0,Metro City,Semi-Furnished,1,Good,12500000
1125.0,2,2,0,Metro City,Fully Furnished,1,Poor,4700000
1200.0,7,5,3,Metro City,Fully Furnished,1,Excellent,18500000
1000.0,2,2,21,Metro City,Semi-Furnished,2,Good,4650000
1718.0,3,3,0,Tier-1 City,Semi-Furnished,1,Excellent,5400000
600.0,6,7,10,Metro City,Fully Furnished,1,Good,6300000
1035.0,2,2,4,Metro City,Semi-Furnished,2,Excellent,4000000
1012.0,2,2,21,Metro City,Fully Furnished,2,Good,7500000
1325.0,3,2,3,Metro City,Semi-Furnished,2,Good,5800000
1389.0,2,2,15,Metro City,Semi-Furnished,1,Poor,9400000
1151.0,2,2,11,Metro City,Semi-Furnished,1,Good,4250000
1790.0,3,3,9,Metro City,Semi-Furnished,1,Good,10500000
1635.0,3,3,1,Metro City,Semi-Furnished,1,Poor,5700000
1150.0,2,2,16,Metro City,Semi-Furnished,1,Good,5500000
3126.0,4,4,14,Metro City,Fully Furnished,1,Poor,12000000
1200.0,3,2,5,Metro City,Semi-Furnished,1,Good,6600000
2400.0,4,4,14,Metro City,Semi-Furnished,1,Good,40000000
1290.0,2,2,20,Metro City,Unfurnished,1,Good,9000000
1500.0,3,2,2,Metro City,Semi-Furnished,1,Good,7800000
3160.0,4,4,20,Metro City,Unfurnished,0,Excellent,20600000
600.0,9,9,16,Metro City,Semi-Furnished,2,Good,9000000
1382.0,3,3,10,Metro City,Unfurnished,1,Poor,6500000
1875.0,3,3,11,Metro City,Unfurnished,1,Excellent,18000000
1200.0,2,2,5,Tier-1 City,Unfurnished,2,Good,2650000
1200.0,2,2,1,Metro City,Fully Furnished,0,Good,4600000
850.0,2,2,1,Metro City,Fully Furnished,1,Good,2800000
1270.0,2,2,7,Metro City,Fully Furnished,1,Excellent,8000000
1192.0,3,2,10,Metro City,Fully Furnished,1,Good,4700000
1180.0,2,2,23,Metro City,Unfurnished,0,Good,4200000
1600.0,3,3,22,Metro City,Semi-Furnished,1,Good,7000000
1160.0,2,2,0,Tier-1 City,Fully Furnished,1,Excellent,2450000
1255.0,2,2,0,Metro City,Semi-Furnished,2,Good,5550000
1400.0,3,2,20,Tier-1 City,Semi-Furnished,1,Excellent,2950000
1150.0,2,2,22,Metro City,Unfurnished,1,Good,4900000
1265.0,2,2,1,Metro City,Semi-Furnished,1,Excellent,5700000
1210.0,2,2,0,Metro City,Semi-Furnished,2,Good,7700000
1730.0,3,3,21,Tier-2 City,Unfurnished,0,Excellent,3000000
1480.0,5,4,4,Metro City,Unfurnished,0,Excellent,16900000
2043.0,5,6,19,Metro City,Semi-Furnished,3,Excellent,37500000
970.0,2,2,12,Metro City,Fully Furnished,0,Good,4000000
1855.0,3,3,14,Metro City,Unfurnished,1,Poor,22500000
1100.0,2,2,19,Metro City,Fully Furnished,2,Poor,7500000
1080.0,2,2,14,Metro City,Fully Furnished,2,Good,7300000
1100.0,2,2,3,Metro City,Unfurnished,2,Good,5500000
1008.0,2,2,6,Rural Area,Unfurnished,0,Poor,600000
1020.0,2,2,11,Metro City,Unfurnished,1,Excellent,4100000
1700.0,3,3,12,Metro City,Unfurnished,1,Good,11800000
1500.0,4,4,13,Tier-2 City,Semi-Furnished,3,Good,8950000
2448.0,3,3,5,Metro City,Unfurnished,2,Good,40000000
1115.0,2,2,12,Tier-1 City,Unfurnished,1,Good,3600000
2500.0,5,6,18,Metro City,Fully Furnished,1,Good,50000000
900.0,2,2,1,Tier-2 City,Semi-Furnished,1,Excellent,1450000
1036.0,2,2,7,Metro City,Unfurnished,0,Good,5950000
1862.0,3,3,7,Metro City,Semi-Furnished,0,Good,12000000
550.0,1,1,10,Metro City,Unfurnished,2,Good,2100000
1253.0,2,2,22,Metro City,Semi-Furnished,3,Good,5700000
1500.0,3,2,9,Tier-1 City,Semi-Furnished,2,Poor,8250000
1160.0,2,2,0,Metro City,Fully Furnished,1,Excellent,3350000
1500.0,3,3,3,Metro City,Fully Furnished,1,Good,12500000
708.0,2,2,11,Metro City,Fully Furnished,2,Good,3700000
1190.0,2,2,0,Metro City,Semi-Furnished,1,Good,4100000
1128.0,2,2,0,Metro City,Semi-Furnished,1,Good,4900000
1451.5,4,4,17,Metro City,Unfurnished,2,Good,12100000
1000.0,2,2,20,Metro City,Fully Furnished,2,Excellent,16500000
1554.0,2,3,3,Metro City,Unfurnished,0,Excellent,13000000
1607.0,3,2,12,Metro City,Unfurnished,2,Good,11200000
1200.0,3,3,0,Metro City,Unfurnished,0,Good,6850000
3245.0,4,4,8,Metro City,Semi-Furnished,1,Good,25000000
691.0,1,1,2,Metro City,Unfurnished,2,Good,3100000
1317.0,2,2,12,Metro City,Unfurnished,1,Poor,5200000
1322.5,3,3,2,Metro City,Semi-Furnished,2,Good,4100000
1600.0,3,3,3,Metro City,Semi-Furnished,1,Excellent,5800000
850.0,1,1,11,Metro City,Semi-Furnished,1,Good,5700000
600.0,4,4,8,Metro City,Semi-Furnished,1,Good,9500000
1200.0,4,4,5,Metro City,Semi-Furnished,0,Excellent,24000000
1205.0,2,2,10,Metro City,Unfurnished,1,Good,6000000
3626.0,4,5,6,Metro City,Fully Furnished,1,Good,78500000
1744.0,3,3,6,Metro City,Semi-Furnished,2,Excellent,20000000
1220.0,2,2,12,Tier-1 City,Unfurnished,2,Poor,4100000
1050.0,2,2,10,Metro City,Unfurnished,1,Good,4250000
650.0,1,1,13,Metro City,Semi-Furnished,0,Good,3800000
1388.0,3,3,8,Metro City,Fully Furnished,0,Good,7000000
1070.0,2,2,1,Metro City,Fully Furnished,0,Poor,3300000
1085.0,2,2,20,Tier-1 City,Semi-Furnished,1,Good,3350000
1500.0,2,2,1,Metro City,Semi-Furnished,1,Excellent,6000000
883.0,2,2,4,Tier-1 City,Fully Furnished,1,Good,3000000
1515.0,3,3,15,Metro City,Semi-Furnished,0,Good,8350000
1083.0,2,2,18,Metro City,Fully Furnished,2,Poor,10000000
1179.0,2,2,6,Metro City,Semi-Furnished,0,Good,4950000
967.0,2,2,5,Metro City,Semi-Furnished,1,Excellent,4100000
2400.0,2,2,13,Metro City,Semi-Furnished,2,Good,22800000
1721.0,3,3,4,Metro City,Unfurnished,0,Excellent,8100000
900.0,2,2,8,Metro City,Fully Furnished,1,Good,5500000
1145.0,2,2,16,Metro City,Fully Furnished,0,Good,5850000
1200.0,2,2,25,Metro City,Fully Furnished,0,Excellent,3500000
1075.0,3,2,23,Tier-1 City,Semi-Furnished,1,Good,2250000
2679.0,4,5,0,Metro City,Semi-Furnished,0,Good,28000000
1453.0,3,2,3,Tier-1 City,Unfurnished,1,Excellent,3200000
1336.0,2,2,13,Metro City,Semi-Furnished,1,Excellent,10000000
1637.0,3,3,19,Metro City,Semi-Furnished,0,Poor,7300000
1400.0,3,2,20,Tier-1 City,Semi-Furnished,1,Excellent,3050000
896.0,2,2,3,Tier-1 City,Fully Furnished,1,Good,2100000
1060.0,2,2,1,Metro City,Semi-Furnished,1,Good,2650000
3000.0,3,3,11,Metro City,Semi-Furnished,2,Poor,26500000
5000.0,4,4,7,Metro City,Semi-Furnished,1,Excellent,46500000
1145.0,2,2,1,Metro City,Semi-Furnished,1,Poor,6850000
1265.0,2,2,19,Metro City,Fully Furnished,3,Poor,6800000
1400.0,3,2,0,Rural Area,Unfurnished,2,Good,550000
1850.0,3,3,3,Metro City,Unfurnished,1,Excellent,9500000
1602.0,3,2,25,Metro City,Semi-Furnished,1,Good,7500000
1250.0,3,2,10,Tier-2 City,Semi-Furnished,2,Good,2400000
418.0,1,1,5,Metro City,Fully Furnished,2,Good,1200000
1350.0,3,2,6,Metro City,Unfurnished,2,Good,10500000
1688.0,3,3,12,Metro City,Semi-Furnished,0,Good,11800000
2425.0,7,7,19,Metro City,Semi-Furnished,1,Excellent,14000000
600.0,7,7,3,Metro City,Fully Furnished,0,Excellent,10600000
2182.0,3,3,12,Tier-1 City,Semi-Furnished,0,Excellent,4650000
1500.0,3,2,5,Rural Area,Unfurnished,2,Good,700000
1564.0,3,3,15,Metro City,Unfurnished,1,Good,10300000
1100.0,2,2,14,Tier-2 City,Unfurnished,0,Good,2000000
2045.0,3,4,21,Metro City,Unfurnished,2,Good,15400000
1011.0,2,2,14,Metro City,Unfurnished,0,Excellent,5900000
1449.0,3,3,21,Metro City,Unfurnished,1,Good,7200000
1530.0,3,3,6,Metro City,Semi-Furnished,2,Good,7300000
1135.0,2,2,15,Metro City,Semi-Furnished,0,Good,5800000
827.0,2,2,2,Metro City,Semi-Furnished,3,Good,4500000
1800.0,3,3,16,Metro City,Semi-Furnished,3,Good,7000000
1450.0,3,3,5,Metro City,Fully Furnished,2,Good,4400000
2274.24,3,4,1,Tier-2 City,Unfurnished,1,Excellent,6050000
1360.0,3,2,21,Metro City,Unfurnished,2,Poor,7300000
1300.0,2,2,14,Metro City,Fully Furnished,1,Good,6700000
1080.0,2,2,14,Tier-1 City,Fully Furnished,2,Good,4500000
1355.0,3,2,3,Metro City,Unfurnished,1,Good,5850000
1015.0,2,2,8,Metro City,Semi-Furnished,1,Good,4500000
1449.0,3,3,6,Tier-1 City,Semi-Furnished,0,Excellent,5650000
600.0,1,1,19,Metro City,Semi-Furnished,1,Good,5800000
1616.0,3,3,17,Metro City,Fully Furnished,1,Excellent,4000000
1320.0,2,2,3,Tier-1 City,Semi-Furnished,1,Good,3700000
1155.0,2,2,7,Metro City,Semi-Furnished,3,Poor,3900000
1500.0,3,3,0,Metro City,Fully Furnished,1,Good,7000000
1220.0,2,2,21,Tier-2 City,Unfurnished,3,Excellent,2600000
1080.0,3,2,8,Metro City,Unfurnished,1,Excellent,4500000
1731.0,3,3,5,Tier-1 City,Semi-Furnished,1,Good,4600000
1200.0,6,4,15,Metro City,Unfurnished,3,Poor,12500000
1020.0,2,2,1,Metro City,Unfurnished,1,Excellent,3700000
948.0,2,2,22,Metro City,Fully Furnished,0,Poor,7500000
1200.0,3,2,6,Tier-1 City,Fully Furnished,0,Good,4300000
1145.0,2,2,1,Tier-2 City,Fully Furnished,1,Poor,2200000
1740.0,3,3,9,Tier-1 City,Fully Furnished,1,Excellent,14350000
1160.0,2,2,12,Metro City,Semi-Furnished,1,Poor,7000000
1335.0,2,2,6,Metro City,Semi-Furnished,1,Excellent,6700000
1300.0,3,2,1,Metro City,Semi-Furnished,1,Good,6000000
650.0,6,6,21,Metro City,Unfurnished,1,Good,8000000
1250.0,2,2,15,Tier-1 City,Fully Furnished,2,Poor,3400000
1137.5,2,2,13,Metro City,Fully Furnished,2,Good,4900000
1225.0,2,2,24,Metro City,Unfurnished,0,Good,5300000
1200.0,8,7,8,Metro City,Fully Furnished,2,Excellent,13000000
525.0,1,1,0,Metro City,Semi-Furnished,0,Good,2700000
3870.0,4,4,0,Tier-1 City,Unfurnished,1,Poor,23700000
1891.0,3,3,2,Metro City,Semi-Furnished,1,Good,10900000
2400.0,1,1,0,Metro City,Unfurnished,1,Good,65000000
1183.0,2,2,20,Tier-1 City,Semi-Furnished,2,Good,6750000
1080.0,2,2,11,Tier-1 City,Semi-Furnished,1,Good,2500000
440.0,1,1,11,Metro City,Unfurnished,1,Excellent,1650000
1385.0,3,2,12,Tier-1 City,Semi-Furnished,0,Good,3900000
1350.0,3,2,12,Metro City,Fully Furnished,2,Excellent,8500000
1200.0,2,1,6,Metro City,Semi-Furnished,1,Good,4200000
1580.0,3,3,1,Metro City,Unfurnished,2,Good,7600000
1804.0,3,3,8,Metro City,Fully Furnished,1,Good,11500000
1080.0,2,2,10,Metro City,Fully Furnished,2,Excellent,4400000
1200.0,2,2,7,Rural Area,Fully Furnished,1,Good,600000
5000.0,4,4,16,Metro City,Semi-Furnished,0,Good,37500000
2400.0,4,4,7,Metro City,Semi-Furnished,0,Excellent,14300000
1100.0,2,2,2,Metro City,Unfurnished,3,Poor,4600000
2400.0,4,4,3,Tier-2 City,Unfurnished,1,Good,5150000
1295.0,2,2,1,Metro City,Unfurnished,1,Good,4400000
1220.0,3,3,6,Tier-2 City,Unfurnished,0,Good,2100000
850.0,2,2,10,Metro City,Unfurnished,1,Good,3500000
623.0,4,4,2,Metro City,Semi-Furnished,1,Good,7500000
2000.0,3,3,4,Metro City,Semi-Furnished,2,Good,18500000
2059.0,3,3,7,Metro City,Fully Furnished,1,Excellent,22500000
964.0,2,2,13,Metro City,Semi-Furnished,1,Good,6200000
1295.0,2,2,15,Metro City,Semi-Furnished,2,Good,5550000
1200.0,2,2,23,Metro City,Semi-Furnished,2,Good,9000000
1329.0,3,2,5,Metro City,Fully Furnished,1,Good,5600000
1310.0,3,2,9,Metro City,Semi-Furnished,1,Good,8500000
1200.0,2,2,9,Metro City,Semi-Furnished,3,Good,5800000
1740.0,3,3,0,Metro City,Semi-Furnished,2,Good,19900000
918.0,2,2,6,Metro City,Fully Furnished,1,Excellent,5600000
1870.0,3,3,8,Metro City,Unfurnished,2,Good,20000000
1732.0,3,3,22,Metro City,Unfurnished,1,Poor,8550000
1037.0,2,2,5,Metro City,Unfurnished,3,Excellent,3650000
971.5,2,2,0,Metro City,Semi-Furnished,1,Excellent,3650000
458.0,1,1,15,Metro City,Unfurnished,2,Good,1950000
985.0,2,2,2,Metro City,Unfurnished,1,Good,5700000
1000.0,2,2,8,Metro City,Unfurnished,2,Excellent,6300000
2100.0,3,3,17,Metro City,Unfurnished,2,Good,17000000
1050.0,2,2,6,Metro City,Fully Furnished,1,Good,3700000
1350.0,3,3,21,Metro City,Unfurnished,2,Poor,6000000
1550.0,3,2,2,Metro City,Semi-Furnished,1,Excellent,8200000
2145.0,3,3,12,Rural Area,Unfurnished,1,Excellent,2300000
1200.0,2,2,6,Metro City,Semi-Furnished,0,Good,4400000
1183.0,2,2,13,Metro City,Semi-Furnished,2,Good,7700000
985.0,2,2,6,Rural Area,Unfurnished,1,Excellent,500000
638.0,1,1,1,Metro City,Semi-Furnished,1,Good,3200000
1620.0,3,3,7,Metro City,Semi-Furnished,1,Good,9800000
2300.0,3,3,4,Metro City,Unfurnished,1,Poor,31700000
1800.0,4,4,1,Metro City,Fully Furnished,0,Good,11000000
1222.0,6,5,6,Tier-2 City,Unfurnished,1,Good,9050000
1000.0,5,4,13,Metro City,Semi-Furnished,1,Good,6500000
1681.0,3,3,4,Metro City,Semi-Furnished,2,Excellent,6900000
1635.0,3,3,3,Metro City,Fully Furnished,2,Good,8500000
1020.0,2,2,1,Metro City,Fully Furnished,1,Good,4000000
1600.0,3,3,15,Metro City,Semi-Furnished,1,Excellent,6900000
1300.0,3,2,0,Metro City,Unfurnished,2,Good,6700000
497.0,2,1,17,Metro City,Unfurnished,1,Good,2000000
1478.0,2,2,8,Metro City,Semi-Furnished,1,Good,12500000
1300.0,3,2,3,Tier-1 City,Fully Furnished,2,Excellent,4450000
3004.0,4,4,22,Metro City,Fully Furnished,0,Good,28500000
2108.0,3,3,6,Metro City,Semi-Furnished,1,Excellent,8500000
1246.0,2,2,0,Metro City,Semi-Furnished,0,Poor,4750000
2856.0,4,5,1,Tier-1 City,Semi-Furnished,2,Good,10350000
1175.0,2,2,5,Metro City,Fully Furnished,2,Excellent,8200000
1000.0,2,2,8,Metro City,Unfurnished,2,Excellent,7800000
1200.0,8,7,12,Metro City,Semi-Furnished,1,Excellent,11000000
1430.0,3,3,2,Metro City,Semi-Furnished,1,Good,5900000
1242.5,2,2,17,Metro City,Fully Furnished,3,Good,4350000
5100.0,6,5,7,Tier-1 City,Fully Furnished,2,Good,17550000
1665.0,3,2,16,Metro City,Unfurnished,1,Excellent,12500000
1128.0,2,2,21,Metro City,Fully Furnished,0,Good,6400000
1200.0,3,2,7,Metro City,Fully Furnished,2,Excellent,3500000
1713.0,3,3,0,Metro City,Fully Furnished,2,Good,11000000
1614.0,3,3,14,Metro City,Unfurnished,0,Excellent,11000000
840.0,1,2,5,Tier-1 City,Semi-Furnished,1,Good,3400000
1380.0,2,2,8,Metro City,Unfurnished,2,Good,8000000
2087.01,3,3,20,Metro City,Unfurnished,0,Good,11500000
929.0,2,2,0,Rural Area,Fully Furnished,1,Good,500000
1356.0,5,5,5,Metro City,Unfurnished,1,Good,13900000
1200.0,2,1,0,Tier-2 City,Semi-Furnished,1,Excellent,3250000
400.0,1,2,5,Metro City,Semi-Furnished,2,Good,2500000
1470.0,3,2,17,Metro City,Unfurnished,1,Good,8200000
1205.47,2,2,4,Metro City,Fully Furnished,1,Good,8100000
910.2,2,2,18,Metro City,Semi-Furnished,0,Excellent,8050000
1180.0,2,2,10,Tier-1 City,Unfurnished,2,Excellent,4350000
1600.0,3,3,21,Metro City,Semi-Furnished,2,Good,6900000
2990.0,5,5,4,Metro City,Unfurnished,1,Good,41600000
1230.0,3,3,17,Metro City,Fully Furnished,1,Good,5300000
1167.0,3,2,4,Metro City,Fully Furnished,1,Excellent,3800000
1104.0,2,2,4,Rural Area,Unfurnished,2,Good,600000
6500.0,4,4,6,Rural Area,Unfurnished,1,Good,19000000
2360.0,4,4,1,Metro City,Semi-Furnished,0,Good,15000000
800.0,5,5,15,Metro City,Unfurnished,1,Excellent,9500000
827.5,1,1,4,Metro City,Semi-Furnished,1,Excellent,4250000
3150.0,7,7,0,Metro City,Semi-Furnished,1,Good,37500000
1200.0,2,2,19,Metro City,Semi-Furnished,2,Good,6700000
1577.0,3,3,23,Metro City,Semi-Furnished,1,Excellent,7000000
1386.0,3,3,17,Metro City,Fully Furnished,1,Good,5750000
1242.0,2,2,0,Metro City,Unfurnished,0,Good,7500000
740.0,2,2,8,Metro City,Semi-Furnished,0,Good,3400000
1075.0,3,3,25,Metro City,Fully Furnished,2,Poor,3600000
1030.0,2,2,17,Metro City,Semi-Furnished,0,Good,3500000
1254.0,2,2,5,Metro City,Unfurnished,1,Good,4000000
1480.0,3,2,8,Metro City,Fully Furnished,1,Good,12500000
1640.0,3,3,1,Metro City,Fully Furnished,0,Excellent,25100000
940.0,2,2,12,Metro City,Unfurnished,1,Good,4400000
1850.0,3,3,10,Tier-1 City,Unfurnished,3,Excellent,11000000
1452.0,3,3,22,Metro City,Fully Furnished,1,Good,6000000
1063.0,2,2,4,Metro City,Fully Furnished,0,Good,3300000
745.0,2,2,2,Metro City,Semi-Furnished,1,Good,3600000
1060.0,2,2,6,Metro City,Unfurnished,2,Good,5500000
1280.0,2,2,16,Metro City,Semi-Furnished,1,Good,7500000
760.0,1,1,4,Metro City,Semi-Furnished,1,Poor,5000000
545.0,2,1,11,Rural Area,Semi-Furnished,1,Excellent,500000
1265.0,2,2,7,Metro City,Semi-Furnished,2,Good,8300000
912.0,2,2,0,Metro City,Fully Furnished,0,Excellent,5500000
800.0,3,3,6,Metro City,Fully Furnished,1,Poor,9500000
833.0,1,1,22,Tier-1 City,Unfurnished,1,Good,2900000
1500.0,3,2,0,Metro City,Semi-Furnished,1,Good,8000000
1499.0,3,3,9,Metro City,Semi-Furnished,1,Good,8900000
661.0,1,1,8,Metro City,Semi-Furnished,2,Excellent,3300000
1440.0,3,3,12,Metro City,Unfurnished,0,Excellent,7200000
1080.0,2,2,10,Metro City,Fully Furnished,1,Good,6400000
1346.0,2,2,3,Tier-2 City,Unfurnished,2,Good,2750000
3633.0,4,5,25,Metro City,Fully Furnished,2,Excellent,33500000
883.0,2,2,14,Metro City,Fully Furnished,1,Excellent,3900000
500.0,1,1,20,Metro City,Semi-Furnished,0,Poor,1700000
1260.0,2,2,5,Metro City,Semi-Furnished,2,Good,7000000
1245.0,2,1,5,Metro City,Semi-Furnished,2,Poor,6000000
1500.0,3,2,0,Metro City,Fully Furnished,1,Excellent,6300000
1057.0,2,2,0,Metro City,Unfurnished,1,Poor,3500000
2300.0,3,3,15,Metro City,Semi-Furnished,1,Poor,29000000
1200.0,2,2,5,Metro City,Unfurnished,1,Excellent,4900000
1500.0,3,2,1,Metro City,Semi-Furnished,1,Good,20000000
1200.0,5,3,11,Metro City,Unfurnished,1,Excellent,26000000
674.0,2,1,10,Metro City,Fully Furnished,1,Excellent,2000000
2439.0,4,4,2,Metro City,Semi-Furnished,2,Good,19000000
1304.0,3,3,5,Metro City,Unfurnished,1,Good,8000000
1225.0,2,2,20,Metro City,Unfurnished,1,Good,7200000
3000.0,4,4,14,Metro City,Unfurnished,2,Good,24000000
3626.0,4,5,0,Tier-2 City,Unfurnished,1,Excellent,21550000
1200.0,2,2,16,Metro City,Fully Furnished,0,Excellent,5500000
1790.0,3,3,22,Metro City,Semi-Furnished,1,Good,10000000
2119.0,4,4,7,Metro City,Unfurnished,0,Excellent,11100000
1096.0,2,2,16,Rural Area,Unfurnished,3,Good,800000
1139.0,2,2,1,Metro City,Unfurnished,0,Good,5700000
1194.0,2,2,20,Metro City,Unfurnished,1,Good,5500000
2500.0,4,4,8,Metro City,Fully Furnished,1,Good,42000000
925.0,1,1,0,Metro City,Semi-Furnished,2,Excellent,4050000
1160.0,2,2,17,Metro City,Unfurnished,2,Excellent,4500000
1532.5,3,3,16,Metro City,Unfurnished,1,Excellent,7950000
4800.0,7,7,12,Metro City,Semi-Furnished,1,Excellent,17000000
1410.0,3,2,17,Metro City,Fully Furnished,2,Poor,7500000
3450.0,3,5,9,Metro City,Fully Furnished,1,Excellent,26000000
1680.0,3,3,22,Metro City,Unfurnished,1,Excellent,12000000
1063.0,2,2,4,Tier-2 City,Fully Furnished,0,Good,950000
1500.0,3,3,4,Metro City,Unfurnished,1,Good,12000000
1255.0,3,3,7,Metro City,Fully Furnished,2,Good,11500000
1754.0,3,3,13,Metro City,Fully Furnished,1,Good,12400000
1400.0,2,2,0,Metro City,Unfurnished,0,Excellent,4500000
795.0,2,2,3,Metro City,Fully Furnished,1,Excellent,3250000
1639.0,3,3,9,Tier-1 City,Unfurnished,2,Good,7400000
1500.0,2,3,10,Rural Area,Unfurnished,1,Poor,1000000
1500.0,2,2,0,Tier-2 City,Unfurnished,1,Good,2800000
1356.0,3,2,14,Metro City,Unfurnished,1,Poor,6600000
1007.0,2,2,1,Metro City,Unfurnished,1,Excellent,7500000
1200.0,2,2,0,Metro City,Fully Furnished,1,Good,6500000
1125.0,2,2,3,Metro City,Fully Furnished,0,Good,7000000
1675.0,1,1,8,Metro City,Semi-Furnished,2,Good,24100000
1255.0,2,2,23,Metro City,Semi-Furnished,1,Good,7400000
1498.0,3,3,14,Metro City,Semi-Furnished,0,Good,7900000
1700.0,3,3,10,Metro City,Unfurnished,2,Excellent,10800000
1200.0,2,2,3,Tier-2 City,Semi-Furnished,2,Good,1800000
1280.0,2,2,5,Metro City,Fully Furnished,1,Excellent,6100000
1185.5,2,2,14,Rural Area,Unfurnished,2,Good,700000
1356.0,2,2,22,Metro City,Semi-Furnished,0,Excellent,9500000
1331.0,2,2,7,Metro City,Fully Furnished,1,Good,8800000
1760.0,3,3,1,Metro City,Semi-Furnished,3,Poor,14000000
1230.0,2,2,25,Metro City,Semi-Furnished,3,Good,9450000
1500.0,4,4,6,Metro City,Unfurnished,0,Good,8950000
1315.0,2,2,5,Metro City,Semi-Furnished,2,Excellent,6950000
1600.0,3,2,0,Tier-1 City,Semi-Furnished,0,Good,7050000
590.0,1,1,23,Metro City,Fully Furnished,0,Good,1350000
1007.0,2,2,13,Metro City,Unfurnished,2,Good,6400000
1405.0,3,2,15,Metro City,Fully Furnished,2,Good,7700000
1400.0,3,2,10,Metro City,Fully Furnished,0,Good,8500000
1200.0,6,6,13,Metro City,Semi-Furnished,1,Good,9500000
1975.0,3,3,5,Metro City,Fully Furnished,1,Good,9000000
2017.0,3,2,9,Metro City,Semi-Furnished,1,Good,12500000
1018.0,2,2,12,Metro City,Unfurnished,1,Excellent,5100000
1000.0,2,2,3,Metro City,Semi-Furnished,1,Good,2900000
923.0,1,1,10,Metro City,Unfurnished,2,Poor,4550000
1225.0,2,2,13,Metro City,Semi-Furnished,1,Good,5200000
4800.0,4,5,0,Metro City,Fully Furnished,1,Good,42000000
1184.0,2,2,6,Rural Area,Unfurnished,1,Good,1250000
1200.0,2,2,14,Metro City,Unfurnished,0,Excellent,6700000
1750.0,3,3,5,Metro City,Semi-Furnished,1,Poor,5800000
1440.0,2,2,22,Metro City,Semi-Furnished,2,Good,17000000
1165.0,2,2,9,Metro City,Semi-Furnished,1,Excellent,8850000
1340.0,2,2,22,Metro City,Unfurnished,2,Good,6000000
2336.5,3,3,6,Tier-1 City,Semi-Furnished,2,Good,6400000
1155.0,2,2,9,Metro City,Fully Furnished,0,Good,6900000
1215.0,2,2,16,Metro City,Semi-Furnished,1,Good,6700000
1200.0,3,3,2,Metro City,Unfurnished,2,Good,16000000
2200.0,4,4,3,Metro City,Unfurnished,1,Poor,20000000
997.0,3,3,3,Metro City,Fully Furnished,0,Good,5500000
1216.0,2,2,16,Metro City,Unfurnished,2,Good,7500000
1130.0,2,2,10,Metro City,Semi-Furnished,1,Good,4000000
1255.0,2,2,15,Metro City,Unfurnished,2,Excellent,12000000
1185.0,3,2,3,Metro City,Semi-Furnished,1,Poor,3000000
1407.0,2,2,19,Metro City,Unfurnished,1,Good,8400000
3205.0,4,5,12,Tier-1 City,Semi-Furnished,2,Poor,21900000
410.0,1,1,1,Metro City,Unfurnished,1,Good,1000000
1240.0,3,4,0,Metro City,Semi-Furnished,1,Good,18000000
1194.0,2,2,16,Metro City,Fully Furnished,2,Excellent,6500000
635.0,1,1,7,Metro City,Fully Furnished,0,Good,2800000
1507.0,3,2,3,Metro City,Semi-Furnished,1,Good,9500000
3080.0,4,2,15,Metro City,Unfurnished,0,Excellent,28500000
1081.0,2,2,22,Tier-2 City,Unfurnished,2,Good,1800000
1400.0,3,3,5,Metro City,Fully Furnished,0,Good,6600000
1035.0,2,2,13,Metro City,Fully Furnished,1,Poor,4100000
1374.0,3,2,4,Metro City,Semi-Furnished,1,Good,7000000
1196.0,2,2,9,Metro City,Semi-Furnished,0,Poor,4050000
1170.0,2,2,15,Metro City,Fully Furnished,2,Poor,7100000
2230.0,4,4,11,Tier-2 City,Semi-Furnished,2,Good,9150000
1165.0,2,2,1,Metro City,Semi-Furnished,1,Good,4700000
630.0,1,1,11,Metro City,Unfurnished,1,Good,6000000
1200.0,2,2,2,Metro City,Semi-Furnished,0,Excellent,5100000
650.0,4,2,3,Metro City,Fully Furnished,1,Good,5800000
975.0,2,2,7,Tier-1 City,Fully Furnished,1,Good,1600000
1140.0,2,2,0,Tier-1 City,Unfurnished,1,Good,2650000
884.0,2,2,10,Metro City,Unfurnished,0,Good,4800000
1350.0,2,2,6,Metro City,Semi-Furnished,2,Good,9100000
1414.0,3,3,22,Metro City,Semi-Furnished,3,Good,7750000
1430.0,3,3,0,Metro City,Fully Furnished,0,Good,7200000
1200.0,2,2,2,Metro City,Unfurnished,1,Good,20000000
1615.0,3,3,18,Metro City,Semi-Furnished,2,Good,15000000
1800.0,4,4,3,Metro City,Semi-Furnished,1,Good,18000000
1560.0,4,3,5,Metro City,Semi-Furnished,0,Good,14900000
700.0,4,4,9,Metro City,Unfurnished,0,Excellent,7200000
600.0,4,2,16,Metro City,Unfurnished,1,Good,9000000
1150.0,2,2,5,Metro City,Unfurnished,0,Good,5500000
1150.0,2,2,1,Tier-1 City,Unfurnished,1,Good,4150000
645.0,1,1,1,Metro City,Fully Furnished,1,Good,1650000
1881.0,3,3,11,Metro City,Fully Furnished,1,Poor,9500000
1170.0,2,2,19,Metro City,Semi-Furnished,2,Good,5900000
1800.0,4,3,2,Metro City,Unfurnished,1,Good,12000000
1850.0,3,3,4,Metro City,Fully Furnished,0,Good,15000000
1230.0,3,3,13,Metro City,Semi-Furnished,1,Good,5400000
1270.0,3,2,4,Metro City,Semi-Furnished,3,Excellent,5100000
3125.0,9,9,24,Metro City,Fully Furnished,1,Excellent,35000000
2040.0,3,3,9,Metro City,Unfurnished,0,Good,11400000
1200.0,2,2,4,Tier-2 City,Unfurnished,2,Good,2750000
2900.0,4,4,1,Metro City,Fully Furnished,1,Poor,32500000
1260.0,2,2,12,Tier-1 City,Semi-Furnished,2,Good,3700000
1092.0,3,3,14,Tier-1 City,Semi-Furnished,3,Good,6600000
1225.0,2,2,0,Metro City,Semi-Furnished,2,Good,5800000
1088.0,2,2,16,Metro City,Unfurnished,1,Good,4800000
1290.0,2,2,11,Metro City,Fully Furnished,1,Excellent,8500000
1717.0,3,3,14,Metro City,Unfurnished,2,Good,12000000
2990.0,3,3,8,Tier-1 City,Semi-Furnished,1,Good,12000000
3730.0,4,4,15,Tier-2 City,Unfurnished,2,Good,15350000
1175.0,2,2,3,Metro City,Unfurnished,1,Good,5200000
2700.0,6,7,5,Metro City,Semi-Furnished,1,Excellent,11000000
1181.0,2,2,18,Metro City,Semi-Furnished,1,Good,5700000
1645.0,3,3,24,Tier-2 City,Fully Furnished,2,Good,3700000
1110.0,2,2,10,Metro City,Fully Furnished,1,Excellent,5500000
1500.0,2,2,5,Metro City,Unfurnished,0,Good,5000000
2180.0,3,3,4,Metro City,Semi-Furnished,1,Good,28500000
600.0,1,1,9,Metro City,Semi-Furnished,1,Excellent,6000000
1035.0,2,2,8,Metro City,Semi-Furnished,2,Good,3600000
1000.0,2,2,4,Metro City,Fully Furnished,1,Excellent,2900000
1020.0,2,2,3,Metro City,Semi-Furnished,1,Good,3200000
1140.0,2,2,13,Metro City,Fully Furnished,2,Good,6000000
1517.0,3,3,1,Rural Area,Fully Furnished,1,Good,1250000
1062.0,2,2,8,Metro City,Unfurnished,0,Poor,4250000
1290.0,2,2,19,Metro City,Fully Furnished,1,Good,8000000
1070.0,2,2,1,Metro City,Semi-Furnished,1,Good,4800000
600.0,2,1,8,Metro City,Unfurnished,1,Excellent,5200000
2400.0,3,2,2,Metro City,Semi-Furnished,1,Good,15200000
1875.0,3,2,10,Metro City,Semi-Furnished,2,Poor,11000000
1245.0,2,2,11,Metro City,Semi-Furnished,2,Good,12000000
700.0,1,1,6,Rural Area,Unfurnished,1,Good,500000
2700.0,3,3,3,Metro City,Unfurnished,2,Excellent,35000000
1800.0,3,3,15,Metro City,Unfurnished,1,Good,11000000
1250.0,3,4,19,Tier-1 City,Fully Furnished,2,Good,2650000
1540.0,3,3,18,Metro City,Semi-Furnished,1,Good,7600000
1945.0,3,3,2,Metro City,Semi-Furnished,2,Poor,11500000
1005.0,2,2,24,Metro City,Unfurnished,1,Good,3650000
620.0,2,2,2,Metro City,Semi-Furnished,0,Good,2300000
2750.0,3,3,16,Metro City,Semi-Furnished,1,Good,94300000
2790.0,4,5,10,Metro City,Fully Furnished,0,Good,20400000
1200.0,2,2,23,Tier-2 City,Fully Furnished,1,Good,1950000
4750.0,4,6,13,Tier-1 City,Semi-Furnished,2,Good,73600000
2800.0,7,7,7,Metro City,Fully Furnished,1,Excellent,12500000
1684.0,3,3,0,Rural Area,Unfurnished,1,Good,1750000
1532.0,3,3,1,Tier-2 City,Semi-Furnished,0,Excellent,2700000
1200.0,4,3,18,Metro City,Fully Furnished,1,Good,21000000
1418.0,2,2,22,Metro City,Semi-Furnished,1,Good,10100000
1284.0,3,2,0,Metro City,Unfurnished,1,Good,7500000
1030.0,3,2,18,Metro City,Fully Furnished,1,Good,7700000
1080.0,3,2,13,Tier-1 City,Fully Furnished,1,Good,3250000
1270.0,3,2,7,Metro City,Fully Furnished,1,Poor,7300000
1616.0,3,3,1,Tier-2 City,Unfurnished,2,Good,2000000
987.0,2,2,1,Metro City,Unfurnished,0,Good,4900000
927.0,2,2,21,Metro City,Fully Furnished,0,Good,3700000
2650.0,3,3,12,Metro City,Unfurnished,2,Good,26000000
970.0,2,2,12,Rural Area,Fully Furnished,1,Good,500000
1770.0,3,3,7,Metro City,Semi-Furnished,0,Good,18000000
850.0,2,2,12,Rural Area,Fully Furnished,1,Good,500000
2400.0,3,3,5,Tier-1 City,Unfurnished,0,Good,9700000
663.0,1,1,4,Metro City,Unfurnished,0,Good,3300000
1464.0,3,3,1,Metro City,Unfurnished,1,Excellent,5600000
1315.0,3,2,3,Metro City,Semi-Furnished,2,Good,6000000
1100.0,2,2,9,Metro City,Unfurnished,1,Good,8500000
1580.0,3,3,12,Metro City,Semi-Furnished,1,Good,7500000
4300.0,4,5,11,Metro City,Unfurnished,1,Excellent,55000000
1140.0,2,2,11,Metro City,Fully Furnished,1,Good,4400000
1770.0,3,3,20,Metro City,Semi-Furnished,1,Poor,9900000
1525.0,3,2,3,Metro City,Fully Furnished,1,Excellent,9900000
1075.0,2,2,4,Metro City,Unfurnished,1,Good,5300000
1350.0,3,3,4,Metro City,Semi-Furnished,2,Poor,5400000
1520.0,3,2,17,Tier-1 City,Fully Furnished,2,Good,4550000
1475.0,3,3,2,Metro City,Fully Furnished,1,Good,7500000
1360.0,3,2,0,Metro City,Semi-Furnished,0,Good,7100000
4170.0,3,3,6,Metro City,Semi-Furnished,2,Excellent,80000000
1100.0,4,5,23,Metro City,Semi-Furnished,1,Good,12100000
1020.0,2,2,23,Tier-1 City,Unfurnished,1,Good,1700000
1128.0,2,2,1,Metro City,Unfurnished,1,Good,6000000
1065.0,2,2,1,Metro City,Fully Furnished,1,Excellent,4500000
2200.0,4,2,0,Metro City,Fully Furnished,2,Good,15000000
1160.0,2,2,13,Metro City,Semi-Furnished,3,Excellent,4200000
900.0,2,2,5,Metro City,Semi-Furnished,2,Good,3500000
2800.0,4,4,8,Metro City,Semi-Furnished,1,Excellent,14000000
1600.0,3,3,6,Metro City,Semi-Furnished,1,Excellent,6900000
1220.0,2,2,10,Rural Area,Semi-Furnished,1,Excellent,700000
1339.0,2,2,12,Metro City,Semi-Furnished,1,Excellent,5350000
1205.0,2,2,10,Metro City,Unfurnished,1,Poor,7000000
1531.0,3,3,19,Metro City,Unfurnished,1,Good,7200000
1850.0,3,3,6,Metro City,Fully Furnished,1,Good,18000000
1632.0,4,3,16,Tier-1 City,Unfurnished,2,Good,9450000
1234.0,2,2,2,Metro City,Semi-Furnished,1,Poor,8000000
1200.0,2,2,16,Rural Area,Semi-Furnished,1,Poor,500000
2089.0,3,3,2,Metro City,Unfurnished,0,Good,14800000
1600.0,3,2,0,Tier-2 City,Semi-Furnished,1,Poor,3450000
1020.07,2,2,3,Metro City,Semi-Furnished,1,Good,6850000
530.0,1,1,6,Metro City,Unfurnished,0,Excellent,1150000
1712.0,3,3,10,Metro City,Fully Furnished,1,Excellent,8200000
1430.0,3,2,13,Metro City,Unfurnished,2,Good,5400000
1100.0,2,2,5,Metro City,Semi-Furnished,2,Good,4500000
2006.8,3,4,2,Tier-1 City,Unfurnished,1,Good,13000000
1355.0,3,3,13,Metro City,Semi-Furnished,1,Good,6100000
4800.0,4,4,9,Metro City,Semi-Furnished,2,Good,23500000
1000.0,2,2,21,Metro City,Fully Furnished,1,Good,2900000
1600.0,3,3,3,Tier-2 City,Unfurnished,1,Good,3450000
1050.0,2,2,11,Tier-1 City,Semi-Furnished,2,Poor,4350000
1844.0,3,3,3,Metro City,Fully Furnished,1,Excellent,9500000
1620.0,3,3,10,Metro City,Fully Furnished,1,Good,6200000
1626.6,3,3,2,Metro City,Unfurnished,1,Good,13300000
919.0,2,2,8,Metro City,Fully Furnished,1,Good,3400000
1333.0,3,3,5,Tier-1 City,Unfurnished,2,Poor,3700000
2095.0,3,3,15,Metro City,Unfurnished,1,Poor,15000000
1270.0,3,3,18,Metro City,Unfurnished,0,Excellent,4500000
1188.0,2,2,5,Metro City,Fully Furnished,1,Excellent,3900000
650.0,2,2,8,Metro City,Unfurnished,2,Good,2800000
1584.01,3,3,9,Metro City,Semi-Furnished,1,Excellent,10400000
1315.0,2,2,22,Metro City,Unfurnished,2,Excellent,14000000
418.0,1,2,14,Metro City,Unfurnished,0,Excellent,1150000
1705.0,3,3,5,Metro City,Unfurnished,1,Poor,9500000
3000.0,3,3,9,Metro City,Semi-Furnished,2,Excellent,40000000
1385.0,3,3,3,Metro City,Semi-Furnished,0,Good,5500000
2168.0,4,4,11,Metro City,Unfurnished,1,Good,9500000
1026.0,2,2,11,Metro City,Semi-Furnished,2,Good,6100000
1565.0,3,3,3,Metro City,Unfurnished,0,Good,9900000
4960.0,4,4,2,Metro City,Semi-Furnished,1,Good,40000000
1275.0,2,2,6,Metro City,Semi-Furnished,1,Excellent,8700000
2380.0,4,4,11,Metro City,Unfurnished,1,Good,24200000
1100.0,3,3,0,Metro City,Fully Furnished,1,Good,5300000
1060.0,2,2,8,Metro City,Fully Furnished,2,Good,4800000
1410.0,3,2,12,Metro City,Semi-Furnished,1,Poor,4500000
1200.0,3,2,25,Tier-2 City,Unfurnished,1,Excellent,2000000
1286.0,3,3,22,Metro City,Fully Furnished,2,Good,6150000
1045.0,2,2,11,Metro City,Semi-Furnished,2,Good,4200000
1150.0,2,2,7,Rural Area,Semi-Furnished,3,Excellent,650000
1079.0,2,2,11,Tier-2 City,Semi-Furnished,1,Good,1050000
1400.0,3,2,7,Metro City,Fully Furnished,1,Excellent,24000000
2990.0,5,5,4,Tier-1 City,Unfurnished,1,Good,22600000
2100.0,3,3,19,Metro City,Semi-Furnished,0,Good,7300000
2215.0,3,4,7,Metro City,Semi-Furnished,0,Excellent,15200000
2167.0,3,3,4,Metro City,Semi-Furnished,3,Good,17000000
1730.0,3,3,9,Metro City,Semi-Furnished,1,Good,9300000
2990.0,3,3,8,Tier-2 City,Semi-Furnished,1,Good,4500000
1738.0,2,2,9,Metro City,Semi-Furnished,0,Poor,5750000
1724.0,3,3,4,Metro City,Fully Furnished,1,Good,14000000
400.0,1,2,9,Metro City,Fully Furnished,1,Excellent,5000000
680.0,1,1,0,Metro City,Semi-Furnished,1,Excellent,4400000
7000.0,4,4,2,Metro City,Fully Furnished,2,Excellent,55000000
1390.0,2,2,13,Metro City,Fully Furnished,1,Good,8600000
1200.0,8,7,1,Metro City,Unfurnished,3,Excellent,17500000
1240.0,2,2,21,Tier-2 City,Semi-Furnished,2,Good,1950000
1297.0,2,2,4,Tier-1 City,Fully Furnished,3,Good,7550000
1197.0,2,2,8,Metro City,Unfurnished,1,Good,5000000
600.0,3,3,9,Metro City,Unfurnished,2,Excellent,7500000
1355.0,3,2,10,Metro City,Semi-Furnished,1,Poor,5800000
1150.0,2,2,22,Metro City,Semi-Furnished,3,Excellent,7000000
1153.0,2,2,8,Metro City,Semi-Furnished,2,Poor,6000000
3227.0,5,5,22,Metro City,Fully Furnished,1,Good,25000000
1222.0,3,2,8,Tier-1 City,Semi-Furnished,1,Good,5300000
900.0,2,2,21,Metro City,Semi-Furnished,1,Good,4200000
1100.0,2,2,3,Metro City,Unfurnished,1,Good,4400000
1200.0,2,1,7,Metro City,Fully Furnished,1,Excellent,6500000
1208.0,3,3,15,Metro City,Unfurnished,3,Good,4500000
600.0,3,3,11,Tier-1 City,Semi-Furnished,1,Excellent,6200000
714.0,1,1,15,Metro City,Semi-Furnished,0,Good,2800000
1139.7,2,2,8,Metro City,Fully Furnished,0,Excellent,4500000
524.0,1,1,23,Metro City,Semi-Furnished,1,Excellent,2900000
1118.0,2,2,6,Metro City,Semi-Furnished,1,Good,3750000
1053.0,2,2,24,Metro City,Unfurnished,1,Excellent,5100000
1020.0,2,2,9,Metro City,Semi-Furnished,1,Excellent,5200000
1010.0,2,2,9,Metro City,Unfurnished,1,Excellent,2950000
700.0,2,2,2,Tier-1 City,Semi-Furnished,1,Excellent,3000000
1298.0,2,2,3,Metro City,Fully Furnished,1,Good,5900000
435.0,1,1,3,Metro City,Fully Furnished,2,Poor,2200000
1150.0,2,2,9,Metro City,Unfurnished,1,Good,6500000
1400.0,3,2,2,Tier-2 City,Unfurnished,1,Good,3700000
1200.0,3,3,13,Tier-2 City,Unfurnished,3,Good,5950000
1571.0,3,3,19,Metro City,Semi-Furnished,1,Poor,5300000
575.0,1,1,8,Metro City,Unfurnished,0,Good,8800000
1010.0,2,2,1,Tier-2 City,Unfurnished,0,Excellent,1700000
1650.0,3,3,5,Metro City,Semi-Furnished,1,Good,22000000
1200.0,3,2,3,Metro City,Semi-Furnished,1,Good,4200000
1870.0,3,3,1,Metro City,Semi-Furnished,0,Good,9000000
1082.0,3,2,17,Metro City,Fully Furnished,1,Good,4550000
1033.0,2,2,13,Tier-1 City,Semi-Furnished,2,Good,2800000
1200.0,2,2,9,Metro City,Semi-Furnished,0,Good,6900000
1200.0,3,3,3,Metro City,Unfurnished,1,Good,6850000
1200.0,3,2,5,Metro City,Semi-Furnished,1,Good,7500000
1163.0,2,2,2,Tier-2 City,Semi-Furnished,1,Good,1900000
1200.0,2,2,15,Tier-1 City,Semi-Furnished,2,Excellent,6450000
1335.0,2,2,3,Metro City,Semi-Furnished,1,Poor,11000000
1660.0,3,2,11,Metro City,Semi-Furnished,2,Good,11600000
980.0,3,3,14,Metro City,Fully Furnished,1,Poor,8000000
600.0,6,3,10,Tier-2 City,Fully Furnished,2,Good,3250000
1108.0,2,2,7,Metro City,Semi-Furnished,1,Good,6700000
3250.0,5,5,1,Tier-1 City,Semi-Furnished,1,Poor,29650000
1140.0,2,2,4,Metro City,Unfurnished,1,Good,4300000
1350.0,1,2,3,Metro City,Semi-Furnished,2,Poor,4500000
2122.0,3,3,1,Metro City,Semi-Furnished,1,Good,12500000
3100.0,4,4,8,Metro City,Semi-Furnished,1,Good,55000000
4000.0,4,4,10,Metro City,Unfurnished,2,Good,44100000
2990.0,4,4,13,Metro City,Fully Furnished,1,Excellent,32400000
1152.0,2,2,8,Metro City,Fully Furnished,2,Good,6600000
1111.0,2,2,7,Rural Area,Fully Furnished,2,Good,850000
674.0,2,1,21,Metro City,Semi-Furnished,1,Excellent,2000000
940.0,2,2,10,Metro City,Unfurnished,2,Good,4100000
5000.0,4,4,3,Metro City,Semi-Furnished,3,Poor,53600000
2700.0,3,3,13,Metro City,Unfurnished,3,Excellent,50100000
1400.0,3,2,15,Metro City,Unfurnished,2,Good,6800000
945.0,2,2,1,Metro City,Unfurnished,2,Good,4000000
1800.0,3,3,19,Tier-2 City,Fully Furnished,1,Excellent,3050000
1475.0,4,2,13,Metro City,Semi-Furnished,0,Good,5000000
2100.0,3,3,1,Metro City,Semi-Furnished,1,Good,11000000
600.0,4,3,3,Metro City,Unfurnished,1,Good,6500000
1205.0,2,2,10,Tier-2 City,Semi-Furnished,1,Poor,2800000
1020.0,2,2,3,Metro City,Unfurnished,1,Excellent,3050000
2650.0,3,4,8,Metro City,Unfurnished,2,Good,19900000
1405.0,3,3,4,Metro City,Semi-Furnished,1,Good,5800000
1276.0,2,2,10,Metro City,Unfurnished,2,Good,8000000
1600.0,3,3,1,Metro City,Semi-Furnished,1,Good,9000000
1125.0,2,2,12,Rural Area,Unfurnished,0,Good,800000
1120.0,2,2,7,Metro City,Semi-Furnished,1,Good,5300000
2400.0,4,4,16,Metro City,Semi-Furnished,1,Good,50000000
1162.0,2,2,1,Metro City,Semi-Furnished,0,Good,5800000
1600.0,3,3,16,Metro City,Unfurnished,1,Good,18000000
1735.0,3,3,15,Metro City,Semi-Furnished,0,Excellent,13500000
1550.0,3,3,10,Metro City,Unfurnished,0,Excellent,9600000
2400.0,4,5,14,Metro City,Unfurnished,2,Excellent,25300000
2710.0,3,3,1,Metro City,Unfurnished,0,Good,17700000
900.0,2,2,18,Metro City,Fully Furnished,1,Good,4600000
2400.0,3,4,0,Metro City,Semi-Furnished,1,Good,9500000
1150.0,2,2,22,Metro City,Semi-Furnished,0,Excellent,4000000
1511.0,3,3,9,Metro City,Unfurnished,0,Good,9500000
1200.0,5,4,19,Metro City,Fully Furnished,0,Excellent,10000000
2400.0,3,2,0,Metro City,Unfurnished,1,Good,8000000
1120.0,2,2,19,Metro City,Semi-Furnished,0,Excellent,5000000
1212.0,2,2,12,Metro City,Fully Furnished,0,Good,5700000
1250.0,3,2,2,Metro City,Unfurnished,0,Good,4400000
1400.0,2,2,10,Metro City,Fully Furnished,0,Good,16000000
1318.0,3,3,18,Metro City,Fully Furnished,3,Poor,5600000
1140.0,2,2,11,Metro City,Fully Furnished,2,Good,4300000
1100.0,2,2,1,Metro City,Semi-Furnished,1,Excellent,5000000
600.0,7,7,9,Metro City,Fully Furnished,1,Poor,8900000
1950.0,3,3,4,Metro City,Semi-Furnished,1,Good,12500000
4000.0,4,4,1,Tier-2 City,Semi-Furnished,1,Good,24100000
2132.0,3,3,7,Metro City,Fully Furnished,1,Excellent,8000000
2800.0,5,5,2,Tier-2 City,Unfurnished,2,Good,10250000
1160.0,2,2,13,Metro City,Semi-Furnished,1,Good,4650000
902.0,2,2,4,Metro City,Fully Furnished,0,Good,4900000
1625.0,3,3,5,Metro City,Unfurnished,1,Excellent,9200000
1575.0,3,3,0,Metro City,Fully Furnished,2,Good,12500000
918.0,2,2,11,Metro City,Fully Furnished,1,Good,4900000
3640.0,4,4,7,Metro City,Fully Furnished,3,Good,27500000
1204.0,2,2,15,Metro City,Fully Furnished,0,Good,5800000
1800.0,6,8,1,Metro City,Semi-Furnished,1,Poor,17500000
1081.0,2,2,12,Metro City,Fully Furnished,1,Poor,3050000
525.0,1,1,6,Metro City,Semi-Furnished,0,Good,2150000
1715.0,3,3,12,Metro City,Fully Furnished,0,Poor,11500000
1470.0,3,2,5,Metro City,Fully Furnished,1,Poor,9900000
1900.0,2,2,5,Metro City,Unfurnished,1,Excellent,20000000
1830.0,3,3,18,Metro City,Fully Furnished,1,Good,10100000
935.0,2,2,17,Metro City,Unfurnished,1,Excellent,4500000
1650.0,3,3,2,Metro City,Fully Furnished,1,Good,11000000
1250.0,2,2,13,Metro City,Fully Furnished,2,Excellent,8200000
1026.0,2,2,7,Metro City,Unfurnished,0,Good,5000000
2400.0,3,3,3,Metro City,Fully Furnished,1,Good,1200000
1800.0,3,2,12,Rural Area,Unfurnished,1,Poor,1000000
1200.0,3,3,10,Tier-1 City,Fully Furnished,0,Excellent,3900000
1484.0,3,3,11,Metro City,Fully Furnished,2,Good,7400000
1200.0,2,2,3,Tier-1 City,Semi-Furnished,1,Excellent,5350000
2320.0,3,3,9,Metro City,Unfurnished,1,Good,17000000
1763.25,3,3,6,Rural Area,Semi-Furnished,2,Good,1600000
1250.0,3,3,6,Metro City,Unfurnished,0,Excellent,3950000
1200.0,2,2,22,Metro City,Unfurnished,1,Excellent,5200000
2340.0,4,4,4,Metro City,Unfurnished,1,Poor,14800000
1240.0,2,2,9,Metro City,Unfurnished,2,Excellent,10000000
1075.0,3,2,10,Metro City,Unfurnished,1,Excellent,4600000
1220.0,2,2,21,Tier-2 City,Unfurnished,1,Good,2550000
1250.0,2,2,11,Metro City,Semi-Furnished,2,Excellent,5800000
1835.0,3,3,15,Metro City,Semi-Furnished,2,Poor,8800000
700.0,2,2,14,Metro City,Unfurnished,1,Good,4100000
1200.0,2,2,4,Metro City,Semi-Furnished,2,Excellent,15000000
1500.0,3,2,10,Rural Area,Semi-Furnished,0,Good,1400000
1025.0,2,2,1,Metro City,Semi-Furnished,1,Good,2950000
1310.0,3,2,10,Metro City,Unfurnished,1,Poor,3800000
2800.0,4,4,7,Metro City,Fully Furnished,1,Good,36500000
1175.0,2,2,6,Tier-2 City,Semi-Furnished,1,Good,2250000
1250.0,3,2,0,Metro City,Semi-Furnished,0,Good,5000000
1084.0,2,2,12,Metro City,Unfurnished,0,Excellent,5300000
1340.0,3,2,9,Metro City,Unfurnished,1,Good,6450000
1750.0,3,3,4,Metro City,Semi-Furnished,1,Excellent,10000000
1010.0,2,2,12,Tier-2 City,Unfurnished,2,Excellent,1900000
1262.0,2,2,2,Rural Area,Unfurnished,1,Good,1000000
1510.0,2,2,9,Metro City,Fully Furnished,2,Excellent,8000000
2300.0,9,8,7,Metro City,Unfurnished,2,Good,21000000
1350.0,3,2,3,Tier-2 City,Unfurnished,0,Excellent,1800000
1553.0,3,3,10,Tier-1 City,Unfurnished,0,Good,6850000
1500.0,3,3,11,Metro City,Unfurnished,1,Good,9500000
1200.0,3,2,7,Metro City,Semi-Furnished,1,Good,6200000
992.0,2,2,20,Tier-2 City,Fully Furnished,0,Good,1000000
1007.0,2,2,16,Metro City,Unfurnished,0,Good,6700000
1330.0,3,2,9,Metro City,Fully Furnished,1,Good,5800000
680.0,3,4,7,Metro City,Fully Furnished,3,Good,6800000
2275.0,3,4,9,Metro City,Unfurnished,1,Good,18500000
1115.0,2,2,9,Tier-2 City,Unfurnished,2,Good,1500000
900.0,2,2,21,Tier-1 City,Semi-Furnished,1,Good,2700000
1402.0,2,2,0,Metro City,Semi-Furnished,0,Good,9500000
1150.0,2,2,8,Metro City,Semi-Furnished,2,Good,7200000
1545.0,3,3,0,Metro City,Semi-Furnished,1,Good,6500000
2780.0,3,4,0,Metro City,Unfurnished,0,Excellent,32500000
1420.0,3,3,3,Metro City,Unfurnished,0,Poor,5800000
1015.0,2,2,5,Metro City,Fully Furnished,0,Good,6000000
1790.0,3,3,15,Tier-2 City,Unfurnished,2,Good,2750000
1185.0,2,2,12,Metro City,Semi-Furnished,3,Good,4000000
982.0,2,2,10,Rural Area,Unfurnished,1,Good,750000
1662.0,3,3,13,Metro City,Fully Furnished,1,Excellent,8550000
1060.0,2,2,1,Metro City,Fully Furnished,1,Good,4850000
1248.0,2,2,5,Tier-1 City,Unfurnished,2,Good,8400000
1436.0,3,2,11,Metro City,Fully Furnished,2,Poor,6200000
1200.0,3,2,9,Metro City,Fully Furnished,1,Good,4200000
1693.0,3,3,8,Metro City,Semi-Furnished,1,Excellent,12500000
1320.0,2,2,12,Tier-1 City,Semi-Furnished,0,Good,9000000
1000.0,2,2,10,Rural Area,Semi-Furnished,0,Poor,650000
660.0,2,1,2,Metro City,Semi-Furnished,2,Poor,2300000
1600.0,3,3,22,Metro City,Semi-Furnished,2,Good,9000000
1925.0,2,2,0,Metro City,Semi-Furnished,2,Good,5000000
1200.0,2,2,0,Metro City,Semi-Furnished,1,Good,5000000
1148.0,2,2,0,Metro City,Semi-Furnished,1,Poor,5900000
1024.0,2,2,25,Metro City,Semi-Furnished,0,Poor,4400000
1246.0,2,2,3,Metro City,Fully Furnished,2,Good,6550000
1200.0,8,8,18,Metro City,Unfurnished,1,Excellent,13500000
1605.0,3,2,13,Metro City,Unfurnished,1,Good,6500000
1600.0,3,2,1,Metro City,Semi-Furnished,1,Good,9000000
3019.0,4,6,6,Metro City,Fully Furnished,2,Good,19000000
1366.0,2,3,2,Rural Area,Semi-Furnished,2,Good,800000
1400.0,3,2,5,Metro City,Unfurnished,1,Excellent,9500000
1195.0,3,2,9,Metro City,Fully Furnished,1,Good,5600000
876.0,2,2,9,Tier-2 City,Unfurnished,1,Good,1050000
1095.0,3,2,4,Metro City,Fully Furnished,2,Excellent,3200000
1188.0,2,2,14,Metro City,Unfurnished,1,Excellent,7300000
1843.0,3,3,22,Metro City,Semi-Furnished,1,Good,9500000
1350.0,3,3,7,Metro City,Semi-Furnished,0,Excellent,8100000
800.0,2,2,5,Metro City,Unfurnished,1,Poor,3200000
1162.0,2,2,1,Tier-1 City,Unfurnished,0,Good,4100000
1020.0,2,2,3,Metro City,Unfurnished,2,Excellent,4000000
600.0,1,1,12,Tier-1 City,Fully Furnished,2,Excellent,1250000
1592.0,3,3,3,Metro City,Fully Furnished,2,Good,12500000
1300.0,2,2,5,Metro City,Semi-Furnished,1,Good,9800000
1905.0,4,3,2,Tier-1 City,Semi-Furnished,3,Good,6500000
1500.0,3,3,12,Metro City,Unfurnished,0,Good,10400000
3760.0,2,2,5,Tier-2 City,Semi-Furnished,1,Good,9450000
923.0,2,2,0,Tier-2 City,Semi-Furnished,2,Good,1700000
2283.0,4,4,22,Metro City,Semi-Furnished,1,Excellent,12100000
2790.0,4,4,3,Metro City,Semi-Furnished,0,Good,19800000
800.0,4,4,0,Metro City,Fully Furnished,1,Good,8600000
664.0,1,1,3,Tier-2 City,Unfurnished,2,Good,950000
1135.0,2,2,22,Metro City,Semi-Furnished,3,Excellent,3950000
1500.0,3,2,3,Metro City,Fully Furnished,1,Good,5800000
1600.0,2,2,2,Metro City,Semi-Furnished,0,Good,11500000
1875.0,3,2,0,Tier-2 City,Semi-Furnished,1,Good,6750000
1050.0,2,2,7,Tier-1 City,Unfurnished,1,Good,3550000
1825.0,3,3,1,Tier-1 City,Semi-Furnished,1,Good,9450000
1275.0,2,2,7,Metro City,Semi-Furnished,0,Excellent,5900000
1059.0,2,2,22,Metro City,Fully Furnished,1,Good,6800000
1600.0,2,2,0,Metro City,Unfurnished,0,Good,9000000
1445.0,3,2,0,Metro City,Semi-Furnished,2,Good,8650000
2000.0,3,3,16,Metro City,Semi-Furnished,2,Poor,9000000
1020.0,2,2,17,Metro City,Semi-Furnished,0,Good,4650000
1634.0,3,3,11,Tier-1 City,Unfurnished,1,Good,4950000
1567.0,3,2,7,Rural Area,Semi-Furnished,2,Good,650000
1050.0,2,2,16,Metro City,Semi-Furnished,1,Good,11000000
2360.0,4,4,1,Tier-2 City,Semi-Furnished,0,Good,4000000
1830.0,4,4,3,Metro City,Semi-Furnished,1,Poor,32500000
1165.0,2,2,9,Rural Area,Semi-Furnished,1,Excellent,1000000
1150.0,2,2,8,Metro City,Fully Furnished,1,Poor,4200000
1000.0,2,2,7,Metro City,Fully Furnished,1,Good,6600000
1800.0,3,2,6,Metro City,Semi-Furnished,2,Good,23000000
1360.0,2,2,13,Metro City,Unfurnished,0,Good,9500000
1864.0,3,3,3,Metro City,Fully Furnished,0,Good,12000000
1200.0,6,6,0,Metro City,Semi-Furnished,1,Good,17000000
1132.0,2,2,12,Metro City,Semi-Furnished,1,Poor,6700000
1760.0,3,2,8,Metro City,Semi-Furnished,3,Good,11500000
907.0,2,2,21,Metro City,Semi-Furnished,2,Good,3850000
1355.0,2,2,18,Metro City,Unfurnished,2,Excellent,7300000
1800.0,3,3,8,Metro City,Unfurnished,1,Poor,12500000
1700.0,3,3,10,Metro City,Fully Furnished,2,Good,8000000
1232.0,2,2,5,Metro City,Fully Furnished,1,Good,8900000
1817.0,3,3,17,Metro City,Fully Furnished,2,Good,11000000
1196.0,2,2,23,Metro City,Fully Furnished,1,Excellent,7150000
700.0,2,2,10,Metro City,Fully Furnished,2,Good,3500000
1060.0,2,2,0,Metro City,Fully Furnished,2,Poor,4800000
1000.0,2,2,10,Metro City,Semi-Furnished,1,Good,2900000
1272.0,2,2,23,Metro City,Semi-Furnished,1,Good,5150000
1485.0,3,2,2,Metro City,Semi-Furnished,0,Good,5950000
1303.0,2,2,8,Metro City,Semi-Furnished,1,Excellent,9000000
3630.0,4,6,7,Metro City,Semi-Furnished,1,Good,20700000
3800.0,4,5,7,Metro City,Unfurnished,2,Good,30000000
1750.0,3,3,5,Metro City,Unfurnished,2,Excellent,13600000
1600.0,4,4,3,Metro City,Semi-Furnished,1,Good,9000000
2182.0,3,3,12,Metro City,Semi-Furnished,0,Excellent,7200000
600.0,3,3,6,Tier-1 City,Semi-Furnished,1,Good,8050000
2600.0,8,8,22,Metro City,Semi-Furnished,1,Good,18000000
1200.0,3,4,1,Metro City,Fully Furnished,2,Excellent,15600000
1319.0,3,3,5,Metro City,Unfurnished,1,Good,3800000
1806.0,3,3,11,Metro City,Fully Furnished,2,Good,8500000
1146.0,2,2,4,Metro City,Unfurnished,2,Good,6900000
726.0,2,2,14,Metro City,Semi-Furnished,1,Good,3100000
1948.0,3,3,12,Rural Area,Semi-Furnished,2,Excellent,2150000
2400.0,5,5,16,Rural Area,Semi-Furnished,1,Good,4600000
1465.0,3,2,1,Metro City,Semi-Furnished,1,Excellent,7450000
1107.83,2,2,17,Metro City,Unfurnished,0,Good,4150000
1225.0,2,2,2,Metro City,Unfurnished,1,Good,15000000
1330.0,3,2,15,Metro City,Semi-Furnished,2,Good,4650000
1100.0,3,3,11,Metro City,Semi-Furnished,1,Good,5300000
1020.0,8,10,21,Metro City,Unfurnished,0,Poor,15500000
1150.0,3,2,0,Metro City,Semi-Furnished,2,Excellent,6000000
1250.0,3,2,10,Metro City,Semi-Furnished,3,Excellent,7700000
1100.0,2,2,8,Metro City,Semi-Furnished,1,Good,4800000
1200.0,3,2,17,Metro City,Fully Furnished,1,Good,4100000
1197.0,2,2,12,Tier-1 City,Unfurnished,1,Excellent,4050000
1756.0,3,3,11,Metro City,Semi-Furnished,1,Good,13100000
1100.0,2,2,8,Metro City,Semi-Furnished,1,Good,5200000
1200.0,5,4,16,Metro City,Semi-Furnished,0,Excellent,16000000
2600.0,8,8,22,Tier-2 City,Fully Furnished,1,Good,6400000
1060.0,2,2,9,Metro City,Semi-Furnished,1,Good,3500000
1140.0,2,2,5,Metro City,Fully Furnished,0,Good,7500000
375.0,1,2,13,Metro City,Semi-Furnished,1,Excellent,2600000
1345.0,3,2,16,Tier-2 City,Unfurnished,1,Excellent,1800000
1100.0,3,3,19,Metro City,Unfurnished,0,Good,5300000
1532.0,2,2,0,Metro City,Fully Furnished,0,Excellent,6500000
2000.0,3,3,1,Metro City,Unfurnished,1,Good,8500000
2100.0,4,3,8,Metro City,Unfurnished,3,Poor,11400000
2440.0,3,3,23,Metro City,Semi-Furnished,2,Good,14200000
805.0,2,2,11,Metro City,Unfurnished,2,Excellent,2200000
1128.0,2,2,10,Metro City,Fully Furnished,2,Good,6550000
1214.0,6,3,23,Metro City,Semi-Furnished,1,Good,22000000
1180.0,2,2,0,Metro City,Semi-Furnished,1,Good,6500000
656.0,1,1,2,Metro City,Unfurnished,1,Excellent,3900000
2475.0,3,4,0,Metro City,Unfurnished,1,Good,32600000
1100.0,3,2,8,Metro City,Fully Furnished,2,Good,5300000
1600.0,6,4,2,Metro City,Semi-Furnished,2,Good,20000000
2456.0,7,7,11,Metro City,Fully Furnished,1,Good,8500000
1047.0,2,2,10,Metro City,Semi-Furnished,0,Excellent,8300000
950.0,2,2,1,Tier-1 City,Semi-Furnished,2,Excellent,2800000
1200.0,2,1,2,Tier-1 City,Semi-Furnished,1,Good,2200000
2750.0,3,5,15,Metro City,Semi-Furnished,0,Good,27500000
775.0,2,2,12,Metro City,Fully Furnished,1,Good,3800000
6729.0,3,4,25,Metro City,Semi-Furnished,1,Excellent,90000000
1300.0,2,2,11,Metro City,Semi-Furnished,1,Good,5700000
600.0,4,4,11,Metro City,Semi-Furnished,2,Poor,8500000
1220.0,2,2,22,Metro City,Semi-Furnished,1,Excellent,5100000
1200.0,5,4,0,Metro City,Unfurnished,0,Good,24000000
1570.0,3,3,21,Metro City,Semi-Furnished,1,Good,6800000
3000.0,4,5,24,Metro City,Semi-Furnished,3,Good,27500000
934.0,2,2,8,Metro City,Unfurnished,2,Excellent,5500000
1333.0,2,2,15,Metro City,Unfurnished,1,Good,10000000
980.0,2,2,0,Metro City,Unfurnished,2,Good,5700000
823.0,2,2,7,Metro City,Unfurnished,1,Good,5050000
2264.0,3,3,14,Metro City,Fully Furnished,1,Good,16800000
1200.0,4,4,21,Metro City,Semi-Furnished,1,Poor,20000000
1100.0,4,4,14,Metro City,Semi-Furnished,1,Excellent,22000000
1095.0,3,2,10,Metro City,Fully Furnished,1,Good,2800000
3205.0,4,4,21,Metro City,Unfurnished,1,Good,30000000
1200.0,5,5,2,Metro City,Unfurnished,3,Excellent,7000000
1200.0,2,2,0,Metro City,Semi-Furnished,0,Excellent,3600000
770.0,2,1,2,Tier-1 City,Fully Furnished,2,Excellent,2250000
2000.0,3,3,24,Tier-1 City,Semi-Furnished,1,Good,5500000
1374.0,2,2,3,Tier-1 City,Unfurnished,0,Good,7350000
1026.0,2,2,16,Metro City,Unfurnished,1,Good,6100000
1360.0,3,3,15,Rural Area,Semi-Furnished,1,Good,700000
1307.0,2,2,14,Metro City,Fully Furnished,1,Good,5000000
1740.0,3,2,1,Metro City,Semi-Furnished,2,Excellent,13700000
1355.0,2,3,13,Metro City,Fully Furnished,0,Good,7600000
698.5,1,1,18,Rural Area,Semi-Furnished,0,Good,500000
1756.0,3,3,5,Tier-1 City,Fully Furnished,2,Good,20100000
1304.0,2,2,7,Metro City,Unfurnished,0,Good,7900000
1040.0,2,2,1,Tier-2 City,Unfurnished,1,Excellent,1850000
2130.0,4,4,3,Metro City,Semi-Furnished,1,Poor,12000000
2400.0,3,3,2,Tier-2 City,Unfurnished,1,Poor,5550000
7500.0,5,8,2,Metro City,Unfurnished,1,Good,170000000
1231.0,3,3,15,Metro City,Semi-Furnished,0,Good,5800000
985.0,2,2,0,Tier-2 City,Semi-Furnished,2,Excellent,1700000
1216.0,2,2,8,Metro City,Semi-Furnished,2,Good,6900000
4400.0,3,3,1,Tier-1 City,Fully Furnished,0,Excellent,63800000
1403.0,3,3,24,Metro City,Semi-Furnished,3,Excellent,5500000
1350.0,2,2,8,Metro City,Fully Furnished,1,Good,18000000
1200.0,2,2,0,Tier-2 City,Unfurnished,1,Excellent,2450000
600.0,2,3,9,Metro City,Unfurnished,0,Poor,4500000
1485.0,2,2,22,Metro City,Semi-Furnished,0,Good,9000000
1725.0,3,3,9,Metro City,Semi-Furnished,0,Good,11000000
980.0,2,2,8,Metro City,Semi-Furnished,0,Good,8600000
1045.0,2,2,1,Rural Area,Fully Furnished,1,Poor,550000
1350.0,2,2,13,Tier-2 City,Semi-Furnished,1,Good,2700000
1221.0,3,3,5,Metro City,Semi-Furnished,2,Good,5200000
1322.0,2,2,1,Tier-2 City,Fully Furnished,2,Excellent,1800000
849.0,2,2,9,Metro City,Unfurnished,1,Excellent,2550000
1920.0,3,3,13,Metro City,Unfurnished,1,Good,13000000
1210.0,2,2,15,Rural Area,Semi-Furnished,1,Good,650000
1315.0,3,2,4,Metro City,Semi-Furnished,0,Good,5900000
3197.0,4,5,2,Tier-1 City,Semi-Furnished,0,Excellent,20850000
1452.0,3,3,2,Metro City,Semi-Furnished,0,Excellent,5400000
1352.0,2,2,8,Tier-1 City,Semi-Furnished,0,Good,4650000
2062.0,4,3,20,Tier-1 City,Semi-Furnished,2,Good,10650000
1100.0,2,2,18,Metro City,Semi-Furnished,2,Good,4400000
1040.0,2,2,0,Metro City,Semi-Furnished,1,Poor,3350000
2171.66,3,3,5,Tier-1 City,Semi-Furnished,1,Excellent,18850000
1200.0,3,3,1,Metro City,Unfurnished,1,Good,5600000
1584.0,4,3,12,Tier-2 City,Semi-Furnished,0,Excellent,5050000
1198.0,2,2,1,Metro City,Fully Furnished,1,Excellent,8200000
1480.0,2,2,19,Tier-1 City,Semi-Furnished,1,Good,5000000
661.0,1,1,6,Metro City,Semi-Furnished,0,Excellent,3600000
1948.0,4,4,13,Metro City,Semi-Furnished,3,Good,12900000
2145.0,4,4,19,Metro City,Semi-Furnished,1,Good,12500000
1150.0,2,2,4,Tier-2 City,Semi-Furnished,0,Poor,1250000
1740.0,3,3,9,Metro City,Fully Furnished,1,Excellent,19100000
900.0,2,2,6,Metro City,Fully Furnished,1,Good,4100000
1118.0,2,2,1,Metro City,Semi-Furnished,2,Good,4200000
648.0,1,1,16,Metro City,Unfurnished,1,Excellent,3200000
1005.0,2,2,1,Metro City,Fully Furnished,0,Good,5500000
1200.0,2,4,23,Metro City,Semi-Furnished,2,Good,13800000
580.0,1,1,16,Metro City,Unfurnished,3,Good,2700000
1240.0,2,2,2,Metro City,Unfurnished,2,Good,4200000
1000.0,2,2,11,Metro City,Unfurnished,0,Good,5300000
1350.0,2,2,0,Metro City,Fully Furnished,1,Good,7900000
1739.0,3,3,20,Metro City,Semi-Furnished,2,Good,11600000
1093.0,2,2,4,Metro City,Unfurnished,1,Good,6500000
1371.0,2,2,15,Rural Area,Semi-Furnished,1,Good,750000
1128.0,2,2,21,Tier-2 City,Fully Furnished,0,Good,2150000
600.0,2,1,17,Metro City,Semi-Furnished,1,Good,9000000
2429.0,4,3,8,Metro City,Semi-Furnished,0,Good,21000000
1100.0,2,2,2,Metro City,Unfurnished,2,Excellent,4400000
1346.0,2,2,1,Metro City,Semi-Furnished,1,Excellent,6950000
500.0,1,1,8,Tier-1 City,Fully Furnished,2,Excellent,2050000
1160.0,2,2,5,Metro City,Unfurnished,2,Excellent,4500000
1156.0,2,2,12,Metro City,Semi-Furnished,1,Excellent,4600000
1200.0,2,2,5,Metro City,Semi-Furnished,1,Good,7800000
1000.0,2,2,5,Metro City,Fully Furnished,1,Good,5000000
1081.0,2,2,22,Metro City,Fully Furnished,2,Good,6000000
635.0,1,1,3,Metro City,Semi-Furnished,0,Good,2600000
1200.0,2,2,10,Metro City,Fully Furnished,2,Good,8000000
850.0,2,2,2,Metro City,Fully Furnished,1,Good,4200000
1265.0,3,2,4,Metro City,Semi-Furnished,1,Poor,5300000
1350.0,3,3,16,Metro City,Fully Furnished,1,Poor,7850000
1113.12,2,2,0,Metro City,Semi-Furnished,1,Good,5500000
1125.0,2,2,15,Metro City,Unfurnished,1,Good,5800000
1090.0,2,2,2,Metro City,Unfurnished,3,Good,4350000
1991.0,3,3,19,Metro City,Fully Furnished,1,Excellent,16000000
4500.0,4,5,23,Metro City,Semi-Furnished,1,Good,40000000
1639.0,3,3,0,Metro City,Unfurnished,1,Good,7800000
1500.0,4,4,22,Metro City,Semi-Furnished,1,Good,22000000
1724.0,3,3,0,Metro City,Semi-Furnished,2,Excellent,12700000
1900.0,7,3,15,Metro City,Fully Furnished,1,Good,16200000
2500.0,5,3,5,Metro City,Semi-Furnished,1,Good,12000000
1150.0,2,2,9,Metro City,Semi-Furnished,1,Good,4800000
1080.0,2,2,17,Metro City,Semi-Furnished,0,Poor,3900000
1801.0,3,3,1,Metro City,Fully Furnished,1,Excellent,11500000
3150.0,4,4,10,Metro City,Semi-Furnished,1,Good,18000000
1450.0,3,3,19,Metro City,Unfurnished,1,Good,6500000
2406.0,3,5,16,Rural Area,Unfurnished,1,Good,3400000
1051.0,2,2,12,Metro City,Semi-Furnished,1,Excellent,3300000
3800.0,4,5,22,Metro City,Fully Furnished,0,Good,17000000
1217.0,2,2,22,Tier-1 City,Semi-Furnished,2,Good,12350000
3785.0,4,6,12,Tier-2 City,Fully Furnished,1,Poor,10950000
920.0,2,2,15,Metro City,Semi-Furnished,1,Good,4150000
1115.0,2,2,9,Metro City,Semi-Furnished,2,Poor,3450000
4000.0,7,8,6,Metro City,Unfurnished,1,Excellent,15000000
1224.0,2,2,16,Tier-2 City,Fully Furnished,1,Excellent,2750000
1045.0,2,2,11,Metro City,Semi-Furnished,0,Poor,4500000
1223.0,3,2,5,Metro City,Unfurnished,1,Excellent,4300000
1948.0,3,3,12,Metro City,Semi-Furnished,2,Excellent,13000000
1800.0,3,3,5,Metro City,Unfurnished,2,Good,9500000
4800.0,5,5,4,Metro City,Fully Furnished,1,Good,15000000
650.0,1,1,13,Metro City,Semi-Furnished,1,Good,1600000
1050.0,5,4,13,Metro City,Semi-Furnished,1,Good,8000000
530.0,1,1,0,Tier-1 City,Unfurnished,1,Good,1350000
4000.0,5,5,21,Metro City,Fully Furnished,0,Good,80000000
1242.0,3,3,5,Metro City,Fully Furnished,1,Excellent,5100000
750.0,2,2,3,Metro City,Semi-Furnished,1,Good,3750000
1185.0,2,2,14,Metro City,Fully Furnished,2,Poor,4100000
1600.0,3,3,1,Metro City,Semi-Furnished,1,Good,6300000
1345.0,3,2,5,Rural Area,Semi-Furnished,0,Good,950000
1130.0,2,2,16,Metro City,Semi-Furnished,2,Excellent,6800000
840.0,2,2,7,Tier-1 City,Semi-Furnished,0,Good,1550000
1145.0,3,2,5,Metro City,Fully Furnished,2,Good,6000000
1000.0,2,2,2,Metro City,Semi-Furnished,1,Good,4100000
1140.0,2,2,24,Metro City,Unfurnished,3,Good,5000000
995.0,3,2,2,Metro City,Semi-Furnished,1,Good,3500000
1560.0,3,2,3,Metro City,Fully Furnished,2,Good,7200000
1720.0,3,3,3,Metro City,Semi-Furnished,0,Good,17500000
1934.0,3,3,1,Metro City,Fully Furnished,1,Good,15000000
900.0,2,2,2,Metro City,Fully Furnished,1,Good,3500000
1020.0,2,2,3,Tier-1 City,Semi-Furnished,1,Good,2800000
1105.0,2,2,2,Tier-2 City,Unfurnished,2,Excellent,2200000
600.0,4,5,21,Metro City,Fully Furnished,3,Good,8500000
1197.0,2,2,12,Tier-1 City,Unfurnished,1,Excellent,4500000
1175.0,2,2,5,Metro City,Semi-Furnished,3,Excellent,4100000
1500.0,3,2,8,Metro City,Unfurnished,1,Excellent,12000000
1801.0,3,3,4,Tier-1 City,Semi-Furnished,1,Excellent,9800000
2050.0,3,4,10,Metro City,Fully Furnished,2,Good,27000000
2820.0,4,4,5,Rural Area,Fully Furnished,1,Good,2300000
1200.0,2,2,2,Tier-2 City,Unfurnished,2,Poor,1650000
1063.0,2,2,4,Metro City,Semi-Furnished,1,Good,5800000
960.0,2,2,13,Metro City,Unfurnished,1,Good,3200000
1302.5,2,2,5,Metro City,Unfurnished,1,Good,4450000
965.0,2,2,5,Tier-1 City,Semi-Furnished,1,Good,3700000
1200.0,1,1,1,Metro City,Semi-Furnished,0,Good,4800000
2790.0,4,5,2,Metro City,Semi-Furnished,2,Good,19800000
1400.0,3,2,3,Rural Area,Semi-Furnished,0,Good,1200000
1300.0,3,2,2,Tier-2 City,Unfurnished,1,Good,1650000
900.0,2,2,7,Tier-1 City,Fully Furnished,2,Good,3400000
1250.0,3,3,0,Metro City,Fully Furnished,2,Good,4800000
1360.0,3,2,14,Metro City,Semi-Furnished,0,Excellent,7500000
1300.0,2,2,10,Metro City,Semi-Furnished,1,Poor,10900000
1478.0,3,2,11,Tier-1 City,Semi-Furnished,2,Good,2650000
525.0,1,1,7,Tier-1 City,Unfurnished,1,Good,2350000
686.0,1,1,16,Metro City,Semi-Furnished,1,Good,1700000
1200.0,2,2,14,Metro City,Semi-Furnished,1,Good,5000000
1235.0,2,2,1,Tier-1 City,Semi-Furnished,1,Good,6500000
1455.0,3,2,2,Tier-1 City,Fully Furnished,1,Poor,3100000
1428.0,3,2,6,Metro City,Unfurnished,1,Good,7000000
1140.0,2,2,8,Metro City,Unfurnished,1,Excellent,6200000
1194.0,2,2,2,Metro City,Unfurnished,1,Good,4700000
900.0,5,5,9,Rural Area,Fully Furnished,2,Good,1500000
1000.0,2,2,18,Metro City,Semi-Furnished,2,Good,5000000
425.0,1,1,4,Metro City,Fully Furnished,1,Good,2000000
1200.0,5,4,7,Metro City,Semi-Furnished,1,Good,24000000
875.0,3,2,1,Metro City,Semi-Furnished,2,Good,4000000
2928.0,4,4,22,Metro City,Fully Furnished,3,Good,19800000
1535.0,3,3,12,Metro City,Semi-Furnished,2,Good,5500000
3000.0,3,3,19,Metro City,Unfurnished,0,Excellent,55000000
1150.0,2,2,9,Metro City,Semi-Furnished,0,Good,3700000
1717.0,3,3,1,Metro City,Unfurnished,0,Good,9900000
1200.0,4,3,18,Metro City,Semi-Furnished,1,Good,12000000
656.0,2,2,3,Metro City,Fully Furnished,2,Good,2200000
1820.0,3,3,22,Metro City,Semi-Furnished,2,Good,8500000
1140.0,2,2,10,Metro City,Unfurnished,1,Good,4600000
770.0,2,1,1,Metro City,Semi-Furnished,2,Excellent,3600000
1300.0,3,2,11,Metro City,Unfurnished,2,Excellent,7500000
4624.5,4,4,2,Metro City,Semi-Furnished,1,Excellent,45300000
1566.0,3,3,0,Tier-2 City,Semi-Furnished,1,Excellent,2600000
980.0,2,2,15,Metro City,Unfurnished,2,Good,4800000
1000.0,2,2,13,Metro City,Fully Furnished,0,Good,6000000
2470.0,4,4,4,Metro City,Unfurnished,3,Excellent,20300000
1300.0,6,6,19,Metro City,Semi-Furnished,1,Good,14500000
1070.0,2,2,7,Metro City,Unfurnished,1,Poor,3500000
2500.0,4,4,6,Metro City,Semi-Furnished,1,Good,10000000
1900.0,4,4,4,Metro City,Unfurnished,1,Good,8000000
525.0,1,1,25,Metro City,Fully Furnished,1,Good,2600000
1299.0,2,2,2,Metro City,Semi-Furnished,0,Good,9700000
1567.0,3,3,7,Tier-1 City,Semi-Furnished,1,Good,6450000
3554.0,3,4,1,Tier-1 City,Fully Furnished,3,Good,22550000
3990.0,4,4,20,Metro City,Semi-Furnished,1,Excellent,26000000
1140.0,2,2,1,Metro City,Semi-Furnished,1,Good,4300000
1035.0,2,2,8,Metro City,Semi-Furnished,1,Good,4550000
2800.0,2,2,8,Metro City,Unfurnished,0,Poor,65000000
830.0,2,2,7,Tier-1 City,Semi-Furnished,1,Poor,3650000
2800.0,4,4,2,Metro City,Unfurnished,1,Excellent,14000000
1300.0,2,3,9,Tier-1 City,Unfurnished,3,Good,4600000
1112.0,2,2,8,Metro City,Fully Furnished,2,Excellent,6200000
1200.0,3,3,10,Metro City,Semi-Furnished,0,Good,5600000
2500.0,3,3,4,Metro City,Semi-Furnished,1,Excellent,13800000
1050.0,2,1,13,Metro City,Fully Furnished,1,Poor,5600000
1250.0,3,2,3,Metro City,Fully Furnished,0,Good,7800000
1185.0,2,2,13,Metro City,Fully Furnished,1,Excellent,4250000
1084.0,2,2,12,Metro City,Unfurnished,2,Good,5800000
3900.0,6,6,14,Rural Area,Unfurnished,1,Good,3550000
1700.0,3,3,3,Metro City,Semi-Furnished,1,Good,9350000
2500.0,6,5,1,Metro City,Semi-Furnished,1,Good,18500000
985.0,2,2,3,Metro City,Semi-Furnished,2,Good,6200000
2400.0,2,2,25,Tier-2 City,Unfurnished,0,Poor,3600000
876.0,2,2,9,Metro City,Semi-Furnished,1,Good,2850000
1022.0,2,2,22,Metro City,Fully Furnished,1,Poor,3500000
2437.0,3,3,20,Metro City,Fully Furnished,2,Excellent,12500000
1353.0,2,2,6,Metro City,Semi-Furnished,1,Good,11000000
1464.0,3,3,10,Metro City,Fully Furnished,1,Good,5600000
1600.0,3,2,10,Metro City,Semi-Furnished,1,Excellent,16000000
1140.0,2,2,11,Tier-1 City,Fully Furnished,1,Good,2900000
1171.0,2,2,0,Metro City,Semi-Furnished,2,Good,3900000
1495.0,3,3,10,Metro City,Fully Furnished,1,Good,6150000
1050.0,2,2,0,Metro City,Fully Furnished,1,Good,5550000
900.0,2,2,2,Metro City,Semi-Furnished,0,Excellent,3500000
1390.0,2,2,2,Metro City,Semi-Furnished,1,Excellent,6000000
3356.0,5,5,1,Metro City,Fully Furnished,1,Good,10500000
876.0,2,2,5,Metro City,Fully Furnished,2,Good,2950000
1175.0,2,2,24,Metro City,Semi-Furnished,2,Good,8650000
1110.0,2,2,4,Metro City,Fully Furnished,2,Good,5200000
1381.0,3,2,16,Metro City,Semi-Furnished,1,Good,7600000
648.0,1,1,19,Metro City,Fully Furnished,1,Excellent,4000000
1613.0,3,3,11,Tier-2 City,Unfurnished,1,Poor,5250000
2100.0,4,6,0,Metro City,Unfurnished,3,Good,10000000
1200.0,2,2,10,Metro City,Unfurnished,0,Excellent,8600000
1100.0,2,2,24,Metro City,Semi-Furnished,1,Good,3500000
700.0,2,2,0,Metro City,Unfurnished,1,Good,2700000
1200.0,5,3,1,Metro City,Semi-Furnished,2,Good,18000000
1050.0,2,2,15,Metro City,Semi-Furnished,1,Excellent,7700000
1052.0,3,2,17,Tier-1 City,Fully Furnished,0,Excellent,3550000
1691.2,3,3,3,Metro City,Semi-Furnished,1,Good,11500000
905.0,2,2,3,Metro City,Unfurnished,0,Good,3500000
1427.0,3,2,1,Metro City,Semi-Furnished,1,Excellent,7000000
1000.0,2,2,5,Metro City,Unfurnished,2,Excellent,4800000
1140.0,2,2,8,Metro City,Unfurnished,0,Excellent,5600000
1132.0,2,2,5,Metro City,Unfurnished,1,Excellent,6800000
1475.0,3,2,10,Metro City,Fully Furnished,1,Good,9000000
1455.0,3,2,2,Tier-1 City,Fully Furnished,1,Poor,2700000
1550.0,3,2,20,Tier-2 City,Unfurnished,3,Poor,3150000
1400.0,2,2,19,Metro City,Unfurnished,1,Good,7800000
1505.0,2,2,4,Metro City,Semi-Furnished,1,Excellent,9000000
700.0,2,2,8,Rural Area,Semi-Furnished,1,Good,500000
1465.0,2,3,11,Tier-2 City,Unfurnished,1,Poor,4100000
1515.0,3,3,24,Tier-1 City,Fully Furnished,3,Good,5850000
1178.0,2,2,15,Metro City,Unfurnished,1,Good,7500000
1050.0,2,2,19,Metro City,Semi-Furnished,1,Good,4200000
1876.0,3,3,2,Metro City,Semi-Furnished,1,Excellent,15000000
4350.0,4,8,3,Metro City,Semi-Furnished,0,Good,260000000
1554.3,4,4,20,Metro City,Unfurnished,1,Good,13100000
1050.0,6,4,6,Tier-2 City,Semi-Furnished,2,Good,5500000
1400.0,3,2,14,Rural Area,Unfurnished,0,Excellent,550000
2425.0,4,5,22,Metro City,Semi-Furnished,2,Good,20100000
1525.0,3,2,9,Rural Area,Semi-Furnished,1,Good,1250000
700.0,1,1,4,Metro City,Semi-Furnished,0,Poor,3600000
1300.0,2,2,22,Metro City,Unfurnished,1,Good,6000000
4000.0,6,6,3,Metro City,Semi-Furnished,0,Poor,46000000
1466.0,2,2,1,Metro City,Semi-Furnished,1,Excellent,7100000
918.0,2,2,9,Metro City,Fully Furnished,2,Excellent,5200000
1530.0,3,3,15,Metro City,Semi-Furnished,1,Good,6500000
2400.0,8,9,2,Rural Area,Fully Furnished,1,Excellent,5650000
600.0,4,4,11,Metro City,Unfurnished,1,Good,4000000
1243.0,2,2,3,Metro City,Fully Furnished,1,Good,4600000
1798.0,3,3,2,Metro City,Unfurnished,1,Good,11000000
1244.0,2,2,24,Metro City,Semi-Furnished,1,Poor,5500000
3092.0,4,4,21,Metro City,Unfurnished,1,Excellent,23000000
2400.0,4,6,14,Tier-1 City,Fully Furnished,1,Good,41300000
1090.0,2,2,5,Tier-1 City,Unfurnished,1,Good,4200000
1245.0,2,2,10,Metro City,Semi-Furnished,2,Good,5800000
1200.0,4,3,1,Metro City,Semi-Furnished,0,Excellent,18000000
1544.0,3,3,18,Tier-1 City,Semi-Furnished,0,Good,7500000
4400.0,4,5,9,Metro City,Unfurnished,0,Good,50000000
2072.0,3,3,14,Metro City,Unfurnished,0,Good,10800000
3600.0,9,9,1,Metro City,Semi-Furnished,0,Good,24000000
1095.0,2,2,3,Rural Area,Semi-Furnished,0,Excellent,600000
1800.0,3,3,17,Tier-2 City,Semi-Furnished,2,Excellent,2900000
1910.0,3,3,22,Metro City,Fully Furnished,1,Good,15000000
1345.0,3,3,16,Rural Area,Fully Furnished,1,Good,500000
700.0,2,2,20,Metro City,Semi-Furnished,1,Poor,3600000
1091.0,2,2,5,Metro City,Unfurnished,1,Good,4000000
1165.0,2,2,9,Metro City,Semi-Furnished,0,Excellent,3350000
1083.0,2,2,7,Metro City,Fully Furnished,1,Good,6200000
850.0,1,1,18,Rural Area,Semi-Furnished,1,Excellent,800000
1665.0,3,3,1,Metro City,Semi-Furnished,2,Good,11000000
1392.0,2,2,2,Metro City,Fully Furnished,1,Excellent,11000000
1419.0,2,2,5,Metro City,Semi-Furnished,1,Poor,4800000
1590.0,3,3,2,Metro City,Unfurnished,1,Excellent,9650000
1128.0,2,2,4,Metro City,Unfurnished,2,Excellent,6400000
1100.0,2,2,8,Metro City,Fully Furnished,2,Good,6800000
2106.0,3,3,0,Metro City,Fully Furnished,0,Poor,12600000
1351.0,2,2,15,Metro City,Unfurnished,1,Good,7000000
900.0,2,2,2,Metro City,Unfurnished,0,Excellent,2250000
1737.0,3,2,3,Metro City,Fully Furnished,2,Good,9500000
1100.0,2,2,5,Metro City,Fully Furnished,2,Good,5600000
1035.0,2,2,10,Metro City,Unfurnished,1,Excellent,4500000
1100.0,2,2,0,Metro City,Fully Furnished,1,Good,5700000
1265.0,3,2,15,Metro City,Fully Furnished,2,Good,7900000
1185.0,2,2,17,Metro City,Unfurnished,1,Excellent,4200000
2100.0,3,3,0,Metro City,Fully Furnished,3,Excellent,12000000
3800.0,4,4,1,Metro City,Fully Furnished,1,Excellent,25000000
1041.0,2,2,1,Metro City,Semi-Furnished,1,Good,3650000
900.0,3,3,3,Tier-2 City,Unfurnished,1,Good,2250000
1121.0,2,2,4,Metro City,Fully Furnished,1,Good,7500000
1194.0,2,2,3,Tier-1 City,Fully Furnished,1,Excellent,3600000
709.0,1,1,5,Metro City,Fully Furnished,1,Good,3450000
1264.0,2,2,9,Metro City,Unfurnished,1,Poor,5200000
1100.0,3,2,8,Metro City,Fully Furnished,1,Excellent,7500000
1949.0,3,3,5,Tier-1 City,Unfurnished,2,Good,9750000
1040.0,2,2,20,Metro City,Semi-Furnished,0,Excellent,4600000
2050.0,3,3,14,Metro City,Semi-Furnished,1,Good,12000000
935.0,2,2,6,Metro City,Semi-Furnished,1,Good,3250000
1330.0,3,2,8,Metro City,Unfurnished,1,Good,5700000
2400.0,4,4,1,Metro City,Semi-Furnished,0,Good,35000000
1250.0,3,3,24,Metro City,Unfurnished,1,Excellent,2900000
1155.0,2,2,8,Metro City,Unfurnished,1,Good,6500000
1610.0,3,3,15,Metro City,Semi-Furnished,1,Excellent,7400000
1850.0,3,4,19,Metro City,Fully Furnished,1,Good,13900000
1100.0,2,2,9,Rural Area,Unfurnished,2,Good,650000
600.0,1,1,11,Metro City,Unfurnished,1,Good,7500000
1060.0,2,2,18,Tier-2 City,Semi-Furnished,0,Poor,1050000
1200.0,1,1,3,Metro City,Semi-Furnished,1,Good,9500000
1000.0,2,2,10,Metro City,Fully Furnished,1,Excellent,3000000
4000.0,4,2,7,Metro City,Fully Furnished,1,Good,89900000
800.0,2,2,19,Metro City,Fully Furnished,0,Excellent,3200000
1100.0,2,2,17,Metro City,Unfurnished,1,Poor,4800000
1200.0,5,5,20,Metro City,Semi-Furnished,1,Excellent,20500000
1197.0,2,2,18,Tier-2 City,Semi-Furnished,1,Good,2950000
1225.0,2,2,12,Metro City,Fully Furnished,2,Good,6200000
1243.0,2,2,10,Metro City,Unfurnished,2,Good,4600000
1290.0,2,2,4,Metro City,Semi-Furnished,1,Good,8000000
705.0,1,1,0,Metro City,Fully Furnished,1,Good,6500000
3746.0,4,6,2,Metro City,Unfurnished,1,Excellent,37500000
1002.0,2,2,4,Metro City,Unfurnished,2,Poor,4000000
950.0,2,2,12,Rural Area,Unfurnished,1,Excellent,500000
2500.0,6,6,1,Metro City,Fully Furnished,1,Good,8800000
675.0,4,4,15,Metro City,Semi-Furnished,0,Excellent,6800000
1190.0,2,2,0,Metro City,Semi-Furnished,1,Excellent,6000000
1076.0,2,2,9,Rural Area,Semi-Furnished,2,Excellent,800000
1639.0,3,3,9,Metro City,Unfurnished,2,Good,12000000
3895.0,4,2,14,Metro City,Semi-Furnished,1,Excellent,45100000
1000.0,8,7,13,Metro City,Semi-Furnished,1,Excellent,26000000
1450.0,3,2,22,Metro City,Semi-Furnished,2,Good,8100000
1065.0,2,2,8,Metro City,Unfurnished,1,Good,3100000
1100.0,2,2,10,Metro City,Unfurnished,1,Excellent,3950000
1570.0,3,3,12,Metro City,Unfurnished,1,Good,6450000
3000.0,4,4,10,Metro City,Unfurnished,0,Good,24000000
720.0,2,2,13,Metro City,Unfurnished,1,Excellent,4500000
1106.0,2,2,17,Metro City,Fully Furnished,0,Excellent,4000000
1210.0,2,2,0,Tier-2 City,Fully Furnished,2,Poor,3550000
1476.0,3,3,2,Metro City,Semi-Furnished,2,Good,10500000
1300.0,3,2,0,Metro City,Semi-Furnished,1,Excellent,7000000
1100.0,2,2,19,Metro City,Fully Furnished,2,Poor,4200000
1080.0,2,2,2,Metro City,Fully Furnished,1,Good,5000000
1350.0,2,2,14,Metro City,Fully Furnished,0,Poor,6000000
4209.0,4,4,22,Tier-2 City,Fully Furnished,1,Poor,16800000
1275.0,3,3,5,Metro City,Fully Furnished,1,Good,6350000
1145.0,2,2,14,Metro City,Semi-Furnished,1,Good,4600000
2390.0,3,3,5,Metro City,Semi-Furnished,0,Good,37200000
1215.0,2,2,8,Metro City,Semi-Furnished,2,Good,5900000
1800.0,1,1,12,Metro City,Fully Furnished,1,Excellent,20000000
675.0,4,4,15,Metro City,Fully Furnished,2,Poor,14000000
700.0,4,4,11,Metro City,Unfurnished,0,Good,12500000
1025.0,2,2,2,Metro City,Unfurnished,1,Poor,2650000
1100.0,2,2,8,Metro City,Semi-Furnished,0,Good,5350000
1070.0,2,2,10,Metro City,Unfurnished,2,Good,4950000
1950.0,4,4,21,Metro City,Semi-Furnished,0,Good,13000000
1351.0,3,2,23,Metro City,Fully Furnished,1,Excellent,7800000
1206.0,2,2,6,Metro City,Semi-Furnished,1,Good,5300000
4600.0,9,9,4,Tier-2 City,Unfurnished,1,Good,6900000
3100.0,5,4,2,Metro City,Semi-Furnished,1,Poor,26500000
1470.0,3,2,8,Metro City,Semi-Furnished,1,Good,11000000
1820.0,3,3,5,Tier-1 City,Unfurnished,2,Good,6500000
2774.0,4,4,0,Tier-2 City,Unfurnished,1,Good,6400000
1210.0,2,2,22,Metro City,Unfurnished,2,Good,6900000
2640.0,5,6,5,Metro City,Semi-Furnished,3,Good,22500000
2779.0,3,3,9,Metro City,Semi-Furnished,2,Excellent,31700000
1769.0,3,3,1,Metro City,Semi-Furnished,0,Excellent,9700000
2100.0,4,3,0,Metro City,Semi-Furnished,1,Good,100000000
1050.0,2,2,8,Metro City,Semi-Furnished,1,Poor,5200000
799.0,2,2,6,Metro City,Unfurnished,1,Good,3800000
1269.0,3,2,7,Metro City,Unfurnished,2,Excellent,5100000
1232.0,2,2,19,Metro City,Unfurnished,1,Excellent,8800000
1605.0,3,2,6,Metro City,Semi-Furnished,2,Good,8500000
8000.0,5,5,9,Metro City,Unfurnished,2,Good,55000000
1140.0,2,2,12,Tier-1 City,Unfurnished,1,Good,2950000
1600.0,4,4,21,Metro City,Fully Furnished,1,Good,25000000
525.0,1,1,8,Metro City,Semi-Furnished,1,Excellent,2600000
1141.0,2,2,7,Metro City,Unfurnished,2,Poor,4600000
1270.0,3,2,4,Rural Area,Unfurnished,1,Good,800000
792.0,2,2,24,Metro City,Semi-Furnished,1,Good,7000000
1430.0,3,2,13,Rural Area,Fully Furnished,1,Excellent,750000
1522.0,3,3,3,Metro City,Fully Furnished,2,Good,9000000
1180.0,2,2,8,Metro City,Fully Furnished,2,Good,7500000
3150.0,3,3,3,Metro City,Semi-Furnished,0,Excellent,29000000
1144.0,2,2,12,Metro City,Fully Furnished,2,Good,3850000
1685.0,3,3,4,Metro City,Unfurnished,0,Good,10100000
760.0,1,1,9,Tier-2 City,Unfurnished,1,Excellent,1050000
1200.0,3,2,19,Metro City,Fully Furnished,2,Good,4400000
1000.0,2,2,5,Tier-1 City,Fully Furnished,3,Good,1750000
1382.0,3,2,2,Metro City,Semi-Furnished,2,Poor,7600000
1575.0,3,3,15,Tier-1 City,Semi-Furnished,1,Good,6650000
1091.0,2,2,7,Metro City,Semi-Furnished,1,Good,3400000
1109.0,2,2,3,Metro City,Fully Furnished,0,Excellent,6000000
1213.0,2,2,12,Metro City,Unfurnished,2,Excellent,6300000
1075.0,2,2,4,Rural Area,Unfurnished,1,Good,600000
1250.0,3,2,20,Metro City,Unfurnished,2,Good,5000000
4408.0,4,4,1,Tier-2 City,Unfurnished,1,Poor,13350000
900.0,2,2,6,Metro City,Semi-Furnished,3,Poor,3250000
1200.0,4,4,10,Metro City,Semi-Furnished,1,Excellent,11000000
1241.0,3,2,5,Metro City,Fully Furnished,0,Good,6100000
1050.0,4,1,8,Metro City,Unfurnished,1,Good,3500000
1152.0,2,2,23,Tier-2 City,Fully Furnished,0,Excellent,2300000
3940.0,4,5,2,Metro City,Unfurnished,2,Good,26500000
2336.5,3,3,6,Tier-1 City,Semi-Furnished,2,Good,8550000
1500.0,3,3,0,Metro City,Unfurnished,1,Good,7000000
1200.0,3,3,25,Metro City,Unfurnished,3,Poor,5600000
1251.0,2,2,12,Metro City,Semi-Furnished,1,Excellent,8850000
1200.0,2,2,5,Metro City,Semi-Furnished,1,Good,3500000
1200.0,3,3,0,Metro City,Unfurnished,2,Good,8000000
1315.0,3,2,11,Tier-1 City,Semi-Furnished,1,Good,5100000
1430.0,3,2,8,Metro City,Semi-Furnished,1,Good,6500000
920.0,2,2,25,Metro City,Unfurnished,2,Good,6500000
1100.0,2,2,16,Metro City,Semi-Furnished,0,Excellent,3850000
1460.0,2,2,0,Metro City,Semi-Furnished,2,Excellent,7000000
850.0,3,3,7,Rural Area,Unfurnished,1,Good,1050000
1200.0,2,2,0,Tier-2 City,Unfurnished,0,Poor,1500000
1635.0,3,2,22,Metro City,Unfurnished,2,Excellent,8500000
1200.0,3,2,4,Metro City,Semi-Furnished,2,Poor,6900000
1500.0,3,3,24,Metro City,Unfurnished,1,Excellent,8800000
1200.0,2,2,2,Rural Area,Unfurnished,0,Excellent,600000
1835.0,3,3,19,Metro City,Semi-Furnished,2,Good,17500000
1200.0,2,2,19,Tier-1 City,Semi-Furnished,2,Excellent,5350000
1000.0,3,2,0,Metro City,Fully Furnished,1,Good,12000000
1225.0,3,3,13,Rural Area,Unfurnished,2,Good,500000
3508.0,4,4,13,Metro City,Semi-Furnished,1,Excellent,38600000
1204.0,4,4,0,Tier-1 City,Fully Furnished,1,Good,9300000
750.0,3,3,12,Metro City,Fully Furnished,3,Good,15500000
1020.0,2,2,3,Metro City,Semi-Furnished,1,Good,4250000
1200.0,3,3,25,Metro City,Semi-Furnished,0,Good,20000000
1020.0,2,2,13,Metro City,Unfurnished,2,Good,6000000
1070.0,2,2,8,Metro City,Fully Furnished,2,Good,8700000
865.0,2,2,0,Metro City,Unfurnished,1,Good,4000000
1209.0,3,2,6,Metro City,Semi-Furnished,2,Excellent,6500000
3750.0,4,5,0,Metro City,Semi-Furnished,3,Excellent,14500000
900.0,2,2,6,Tier-1 City,Fully Furnished,1,Good,3150000
1140.0,2,2,6,Rural Area,Semi-Furnished,2,Good,600000
635.0,2,1,7,Metro City,Unfurnished,1,Good,2800000
700.0,2,2,0,Metro City,Unfurnished,0,Excellent,4300000
1330.0,3,2,2,Metro City,Semi-Furnished,1,Poor,5500000
1197.0,2,2,3,Metro City,Fully Furnished,1,Good,4800000
1607.0,3,2,5,Metro City,Semi-Furnished,1,Excellent,11200000
2250.0,3,3,1,Tier-1 City,Semi-Furnished,1,Good,12850000
1153.0,2,2,13,Metro City,Fully Furnished,0,Good,5650000
1639.0,3,3,0,Metro City,Fully Furnished,1,Poor,10700000
1010.0,2,2,16,Metro City,Semi-Furnished,1,Good,4600000
1335.0,3,2,11,Metro City,Unfurnished,2,Good,5600000
1765.0,3,3,10,Metro City,Semi-Furnished,1,Excellent,12500000
2400.0,6,6,3,Metro City,Unfurnished,0,Good,40000000
1984.0,3,4,24,Metro City,Semi-Furnished,1,Poor,14800000
1200.0,5,5,1,Metro City,Semi-Furnished,2,Good,26000000
1630.0,3,3,3,Metro City,Unfurnished,1,Good,6800000
1190.0,2,2,12,Metro City,Semi-Furnished,0,Good,6400000
972.0,2,2,25,Metro City,Unfurnished,0,Good,4000000
1533.0,6,5,9,Metro City,Semi-Furnished,1,Excellent,8500000
1276.0,2,2,4,Metro City,Unfurnished,0,Good,7600000
1550.0,3,3,1,Metro City,Unfurnished,1,Good,8500000
1213.0,2,2,6,Metro City,Fully Furnished,0,Good,4800000
3750.0,4,3,1,Metro City,Unfurnished,1,Good,55000000
1800.0,3,3,5,Tier-1 City,Unfurnished,2,Good,7050000
1152.0,2,2,8,Metro City,Unfurnished,2,Excellent,6450000
1880.0,3,3,10,Metro City,Semi-Furnished,3,Good,9500000
625.0,1,1,10,Metro City,Semi-Furnished,1,Excellent,1900000
1535.0,3,3,15,Tier-2 City,Semi-Furnished,1,Poor,4150000
1200.0,4,5,20,Metro City,Semi-Furnished,1,Good,27000000
2611.0,3,3,1,Metro City,Fully Furnished,1,Good,23900000
900.0,2,2,7,Metro City,Fully Furnished,1,Poor,6000000
1532.0,3,3,1,Metro City,Semi-Furnished,0,Excellent,6000000
4000.0,4,5,23,Metro City,Unfurnished,1,Good,57800000
2400.0,3,4,21,Metro City,Fully Furnished,2,Good,24000000
1009.0,2,2,6,Metro City,Unfurnished,2,Excellent,3050000
2640.0,5,6,5,Rural Area,Unfurnished,3,Good,2650000
1150.0,2,2,0,Tier-1 City,Fully Furnished,0,Good,3100000
1170.0,2,2,22,Metro City,Unfurnished,1,Good,5300000
750.0,5,4,3,Metro City,Semi-Furnished,1,Poor,6200000
1153.0,2,2,22,Metro City,Semi-Furnished,1,Good,5650000
418.0,1,1,9,Metro City,Fully Furnished,0,Good,1700000
1350.0,2,2,0,Metro City,Unfurnished,0,Good,9000000
1210.0,2,2,16,Tier-2 City,Unfurnished,1,Good,3200000
1540.0,3,3,8,Metro City,Semi-Furnished,0,Excellent,9000000
1560.0,3,3,0,Tier-1 City,Semi-Furnished,0,Excellent,4550000
1220.0,3,3,1,Metro City,Semi-Furnished,1,Poor,5600000
960.0,4,2,11,Metro City,Unfurnished,0,Good,13800000
3385.0,4,4,1,Metro City,Semi-Furnished,0,Good,22000000
1200.0,2,2,11,Metro City,Unfurnished,2,Excellent,4500000
984.0,2,2,2,Metro City,Unfurnished,1,Good,5900000
1450.0,3,3,19,Metro City,Unfurnished,2,Good,6100000
1500.0,2,2,1,Metro City,Semi-Furnished,0,Good,9100000
1365.0,3,2,0,Metro City,Fully Furnished,1,Excellent,6500000
1155.0,2,2,9,Metro City,Unfurnished,2,Excellent,5000000
1735.0,3,3,0,Metro City,Semi-Furnished,3,Good,7200000
1560.0,3,3,10,Metro City,Semi-Furnished,1,Good,7400000
1200.0,2,2,3,Metro City,Semi-Furnished,1,Good,4200000
693.0,1,1,17,Metro City,Unfurnished,2,Good,3450000
1293.0,2,2,9,Metro City,Fully Furnished,1,Good,8000000
1200.0,2,2,7,Metro City,Fully Furnished,0,Good,7500000
1347.0,3,2,9,Metro City,Fully Furnished,1,Poor,4400000
1660.0,3,3,2,Metro City,Semi-Furnished,2,Good,10400000
1500.0,3,2,17,Metro City,Semi-Furnished,3,Good,8200000
1600.0,4,3,23,Metro City,Semi-Furnished,0,Good,18500000
1190.0,2,2,14,Metro City,Fully Furnished,1,Good,5350000
1950.0,5,6,11,Tier-1 City,Fully Furnished,1,Excellent,11950000
1105.0,2,2,21,Metro City,Fully Furnished,1,Good,3850000
7000.0,2,2,23,Metro City,Fully Furnished,1,Good,13500000
4900.0,5,5,3,Metro City,Fully Furnished,1,Poor,98000000
1151.0,2,2,10,Tier-2 City,Unfurnished,1,Good,1650000
600.0,1,1,6,Metro City,Semi-Furnished,2,Good,1800000
1150.0,2,2,7,Metro City,Semi-Furnished,1,Good,3800000
840.0,2,1,4,Metro City,Unfurnished,2,Good,9900000
1650.0,3,3,2,Tier-1 City,Semi-Furnished,1,Excellent,11400000
1500.0,3,3,13,Tier-2 City,Semi-Furnished,0,Excellent,3850000
2400.0,7,5,7,Metro City,Unfurnished,1,Good,55000000
1113.0,2,2,0,Metro City,Semi-Furnished,3,Excellent,4600000
1125.0,2,2,7,Metro City,Semi-Furnished,1,Good,3250000
1180.0,3,2,18,Metro City,Unfurnished,1,Good,5550000
1200.0,2,2,12,Metro City,Unfurnished,1,Poor,4300000
660.0,4,4,18,Metro City,Fully Furnished,1,Good,9000000
1216.0,2,2,1,Metro City,Unfurnished,2,Excellent,6900000
4025.0,4,6,20,Metro City,Semi-Furnished,0,Good,35000000
1027.0,2,2,16,Metro City,Unfurnished,0,Good,4400000
1200.0,4,3,5,Metro City,Unfurnished,0,Good,11000000
1216.0,2,2,9,Metro City,Semi-Furnished,1,Good,8000000
1100.0,2,2,14,Metro City,Fully Furnished,0,Poor,4500000
2040.0,3,3,17,Metro City,Semi-Furnished,2,Good,13700000
2300.0,3,4,0,Metro City,Semi-Furnished,2,Good,24000000
1350.0,2,2,21,Metro City,Semi-Furnished,1,Good,4100000
1470.0,3,2,0,Tier-1 City,Semi-Furnished,1,Excellent,5850000
1120.0,2,2,1,Metro City,Fully Furnished,0,Excellent,5000000
1380.0,3,2,13,Metro City,Unfurnished,1,Good,5500000
1855.0,3,3,9,Metro City,Unfurnished,0,Excellent,13500000
1256.0,2,2,10,Metro City,Unfurnished,2,Poor,7300000
1220.0,3,2,10,Metro City,Fully Furnished,3,Good,3500000
1165.0,2,2,12,Metro City,Unfurnished,0,Excellent,6500000
1090.0,2,2,5,Metro City,Fully Furnished,1,Excellent,3250000
2320.0,3,2,0,Metro City,Fully Furnished,2,Excellent,16000000
1621.0,3,4,19,Metro City,Semi-Furnished,0,Good,13000000
1160.0,2,2,8,Metro City,Unfurnished,1,Good,6500000
1522.5,3,3,13,Tier-2 City,Unfurnished,1,Excellent,2450000
2200.0,3,3,5,Metro City,Semi-Furnished,1,Excellent,16000000
1247.0,3,2,24,Metro City,Unfurnished,2,Excellent,5800000
1116.0,2,2,4,Metro City,Semi-Furnished,2,Good,3700000
1880.0,3,4,6,Tier-2 City,Unfurnished,0,Excellent,3600000
1050.0,2,2,5,Metro City,Semi-Furnished,1,Excellent,4500000
1560.0,5,5,7,Metro City,Fully Furnished,1,Poor,14500000
2215.0,3,4,11,Metro City,Semi-Furnished,1,Poor,15400000
1290.0,3,2,5,Metro City,Fully Furnished,2,Good,9450000
1410.0,3,2,4,Metro City,Semi-Furnished,1,Good,5400000
2254.0,3,3,2,Metro City,Semi-Furnished,1,Good,15300000
1073.0,2,2,1,Metro City,Semi-Furnished,0,Good,5250000
1350.0,3,2,4,Tier-1 City,Semi-Furnished,0,Poor,4900000
1965.0,3,4,9,Metro City,Semi-Furnished,2,Good,13200000
1246.0,2,2,21,Metro City,Semi-Furnished,0,Excellent,6700000
2777.29,3,5,19,Metro City,Unfurnished,2,Good,64900000
940.0,2,2,23,Metro City,Unfurnished,2,Good,3300000
896.9,2,2,14,Metro City,Fully Furnished,2,Good,7850000
795.0,2,2,9,Tier-1 City,Unfurnished,1,Excellent,2350000
1027.0,2,2,0,Metro City,Semi-Furnished,1,Excellent,4400000
900.0,2,2,20,Metro City,Fully Furnished,1,Excellent,11000000
600.0,1,1,10,Tier-1 City,Unfurnished,1,Good,3250000
1545.0,3,3,4,Rural Area,Unfurnished,2,Good,1400000
1070.0,2,2,8,Metro City,Semi-Furnished,0,Good,4750000
1697.0,3,3,0,Metro City,Semi-Furnished,2,Good,11400000
1605.0,3,3,15,Metro City,Semi-Furnished,1,Good,6500000
1100.0,2,2,17,Metro City,Unfurnished,3,Excellent,4200000
1485.0,3,2,18,Tier-2 City,Semi-Furnished,0,Good,2400000
1900.0,3,2,4,Metro City,Semi-Furnished,0,Good,18000000
1150.0,2,2,20,Metro City,Unfurnished,1,Excellent,5250000
1152.0,2,2,11,Metro City,Semi-Furnished,0,Good,5350000
2200.0,3,3,0,Metro City,Unfurnished,2,Excellent,9800000
1139.0,2,2,5,Metro City,Unfurnished,1,Good,8000000
1020.0,2,2,8,Metro City,Unfurnished,2,Excellent,2950000
1250.0,2,2,6,Tier-1 City,Unfurnished,2,Poor,5400000
1010.0,2,2,1,Metro City,Fully Furnished,0,Excellent,3600000
1469.0,3,3,16,Metro City,Fully Furnished,1,Excellent,8900000
1025.0,2,2,12,Metro City,Semi-Furnished,1,Good,6600000
1025.0,2,2,11,Metro City,Semi-Furnished,3,Good,4400000
1600.0,3,3,6,Metro City,Fully Furnished,2,Excellent,17000000
3700.0,4,4,21,Metro City,Unfurnished,1,Good,40000000
1105.0,2,2,0,Metro City,Semi-Furnished,1,Excellent,5000000
1194.0,2,2,22,Metro City,Unfurnished,2,Excellent,4700000
1172.0,2,2,0,Metro City,Unfurnished,1,Good,7500000
1410.0,3,2,0,Metro City,Semi-Furnished,0,Excellent,4500000
1140.0,2,2,20,Metro City,Semi-Furnished,1,Excellent,3300000
1133.0,2,2,5,Metro City,Unfurnished,0,Poor,4900000
4355.0,5,3,6,Metro City,Unfurnished,0,Good,35000000
1200.0,2,2,5,Metro City,Semi-Furnished,0,Excellent,4200000
1306.0,3,3,16,Metro City,Semi-Furnished,1,Excellent,5450000
1248.0,2,2,5,Metro City,Unfurnished,2,Good,13000000
1564.0,3,3,0,Metro City,Semi-Furnished,2,Good,10100000
1654.0,3,3,13,Metro City,Semi-Furnished,2,Good,8200000
3480.0,3,4,15,Rural Area,Unfurnished,3,Excellent,3750000
900.0,2,2,6,Metro City,Fully Furnished,3,Good,5500000
1207.0,2,2,9,Metro City,Semi-Furnished,1,Good,8000000
1162.0,2,2,9,Metro City,Fully Furnished,1,Excellent,6000000
451.0,1,1,0,Metro City,Unfurnished,3,Good,3000000
850.0,2,2,22,Metro City,Unfurnished,2,Excellent,3300000
1440.0,3,2,16,Metro City,Unfurnished,0,Excellent,5500000
1082.0,3,2,4,Tier-2 City,Unfurnished,1,Excellent,1700000
1449.0,3,3,6,Metro City,Semi-Furnished,0,Excellent,9000000
1586.0,3,3,7,Metro City,Semi-Furnished,2,Good,10000000
1385.0,3,2,9,Tier-1 City,Fully Furnished,1,Good,4250000
1450.0,3,2,20,Rural Area,Unfurnished,1,Excellent,1100000
2100.0,3,3,0,Metro City,Semi-Furnished,1,Good,12500000
1639.0,3,3,6,Metro City,Unfurnished,1,Good,8000000
615.0,4,4,2,Metro City,Semi-Furnished,0,Excellent,11000000
2185.0,4,3,2,Metro City,Fully Furnished,1,Good,12000000
600.0,5,5,0,Metro City,Semi-Furnished,1,Good,5000000
1080.0,2,2,0,Metro City,Semi-Furnished,1,Good,5350000
1800.0,3,3,22,Rural Area,Unfurnished,0,Poor,1250000
1255.0,2,2,15,Metro City,Unfurnished,1,Good,5250000
1390.0,2,2,16,Metro City,Unfurnished,3,Good,6500000
4000.0,5,5,4,Tier-2 City,Semi-Furnished,2,Excellent,7000000
1431.0,3,3,20,Metro City,Unfurnished,0,Good,6500000
3000.0,3,3,21,Metro City,Semi-Furnished,2,Excellent,25000000
1110.0,2,2,22,Metro City,Unfurnished,2,Good,3300000
1763.0,2,3,18,Metro City,Semi-Furnished,1,Good,24000000
1140.0,2,1,12,Metro City,Unfurnished,0,Good,18500000
1200.0,3,3,3,Metro City,Semi-Furnished,0,Good,20500000
880.0,3,3,1,Metro City,Unfurnished,2,Good,14000000
1012.0,2,2,13,Metro City,Fully Furnished,2,Poor,6500000
1352.0,2,2,3,Tier-1 City,Fully Furnished,1,Good,5500000
2400.0,4,4,12,Metro City,Fully Furnished,1,Excellent,50000000
3381.0,6,6,15,Metro City,Semi-Furnished,2,Good,22500000
1330.0,2,2,3,Metro City,Fully Furnished,1,Excellent,7700000
1398.0,3,3,15,Metro City,Semi-Furnished,1,Good,6800000
1575.0,3,3,14,Metro City,Fully Furnished,2,Good,9300000
1392.0,3,3,20,Metro City,Semi-Furnished,2,Excellent,6950000
630.0,1,1,12,Metro City,Fully Furnished,2,Good,4600000
812.0,2,2,2,Tier-2 City,Semi-Furnished,1,Poor,2050000
950.0,2,2,0,Metro City,Unfurnished,1,Good,3900000
1274.0,2,2,2,Metro City,Semi-Furnished,1,Poor,4850000
1050.0,2,2,2,Rural Area,Unfurnished,2,Good,750000
1695.0,3,3,11,Metro City,Unfurnished,1,Good,12500000
1512.0,3,3,12,Metro City,Semi-Furnished,1,Excellent,10300000
1022.0,2,2,5,Metro City,Fully Furnished,1,Excellent,5700000
2400.0,4,4,1,Metro City,Fully Furnished,2,Excellent,25000000
1920.0,3,3,2,Metro City,Semi-Furnished,0,Excellent,13000000
1200.0,6,4,1,Tier-2 City,Semi-Furnished,2,Excellent,4300000
1050.0,2,2,3,Metro City,Unfurnished,1,Good,5350000
1644.0,3,3,5,Metro City,Semi-Furnished,0,Good,8400000
1650.0,3,3,24,Tier-1 City,Semi-Furnished,1,Good,8950000
1282.0,3,3,18,Metro City,Semi-Furnished,2,Good,17800000
2079.0,3,3,12,Metro City,Semi-Furnished,0,Excellent,22000000
1210.0,3,2,13,Metro City,Semi-Furnished,1,Good,6500000
500.0,1,1,12,Metro City,Unfurnished,1,Good,1500000
1153.0,2,2,9,Metro City,Fully Furnished,2,Excellent,5650000
1496.0,3,2,6,Metro City,Semi-Furnished,0,Good,7200000
1260.0,3,2,2,Metro City,Unfurnished,0,Good,4500000
1875.0,3,3,18,Metro City,Semi-Furnished,1,Excellent,16700000
1300.0,3,3,15,Metro City,Semi-Furnished,2,Good,4700000
1215.0,3,2,9,Metro City,Semi-Furnished,0,Excellent,5000000
1196.0,2,2,15,Metro City,Fully Furnished,2,Good,4050000
1595.0,3,2,1,Metro City,Fully Furnished,1,Good,7500000
1075.0,1,1,3,Tier-1 City,Unfurnished,0,Good,3550000
1372.0,3,2,0,Rural Area,Fully Furnished,1,Excellent,1250000
1000.0,2,2,0,Metro City,Semi-Furnished,0,Good,5800000
1420.0,3,2,5,Metro City,Semi-Furnished,0,Good,9500000
1200.0,1,1,19,Rural Area,Unfurnished,2,Good,500000
1475.0,3,3,3,Rural Area,Fully Furnished,1,Good,1150000
1200.0,2,2,3,Metro City,Semi-Furnished,1,Good,5000000
1625.0,3,2,5,Tier-1 City,Unfurnished,0,Excellent,3400000
660.0,1,1,20,Metro City,Semi-Furnished,2,Excellent,3000000
1315.0,3,2,2,Tier-1 City,Unfurnished,0,Good,5900000
1160.0,2,1,16,Metro City,Unfurnished,2,Good,16300000
1320.0,2,2,7,Metro City,Semi-Furnished,1,Good,10000000
3400.0,4,4,17,Metro City,Semi-Furnished,3,Poor,23500000
1050.0,2,2,1,Metro City,Unfurnished,1,Excellent,4950000
1420.0,2,2,10,Metro City,Unfurnished,1,Excellent,12300000
924.0,2,2,0,Metro City,Unfurnished,1,Good,3500000
1080.0,2,2,17,Metro City,Fully Furnished,1,Good,3800000
1265.0,2,2,6,Metro City,Fully Furnished,2,Excellent,7000000
1135.0,2,2,8,Metro City,Unfurnished,1,Good,4300000
870.0,2,2,6,Metro City,Unfurnished,1,Good,3800000
3009.0,3,3,14,Metro City,Semi-Furnished,0,Good,33100000
1464.0,3,3,9,Metro City,Semi-Furnished,2,Excellent,5600000
750.0,6,4,22,Rural Area,Unfurnished,2,Good,2100000
1238.0,2,2,5,Metro City,Semi-Furnished,1,Excellent,6750000
1691.0,3,3,7,Metro City,Fully Furnished,1,Good,10000000
1380.0,2,2,0,Metro City,Semi-Furnished,1,Good,7500000
1256.0,2,2,3,Metro City,Unfurnished,2,Excellent,6000000
1260.0,3,3,24,Metro City,Semi-Furnished,0,Good,6350000
1070.0,2,2,4,Metro City,Fully Furnished,1,Excellent,4300000
1225.0,2,2,8,Metro City,Unfurnished,1,Excellent,4700000
1300.0,3,2,3,Metro City,Unfurnished,0,Good,7500000
1635.0,3,2,0,Metro City,Semi-Furnished,2,Excellent,7800000
1740.0,3,2,12,Metro City,Fully Furnished,2,Good,9500000
1850.0,3,3,12,Metro City,Unfurnished,2,Good,9000000
600.0,2,2,1,Metro City,Unfurnished,2,Good,3650000
1550.0,4,4,4,Metro City,Fully Furnished,0,Excellent,12000000
2072.0,3,4,17,Metro City,Unfurnished,1,Good,16000000
1699.0,3,3,4,Tier-2 City,Unfurnished,0,Good,3500000
1342.0,2,2,7,Metro City,Unfurnished,2,Good,7000000
2023.71,3,3,13,Metro City,Unfurnished,1,Excellent,27500000
970.0,2,2,12,Metro City,Semi-Furnished,1,Good,3500000
1308.0,2,2,3,Metro City,Semi-Furnished,0,Good,6000000
1500.0,4,4,4,Metro City,Fully Furnished,0,Excellent,7000000
1310.0,3,2,24,Metro City,Unfurnished,1,Good,5250000
640.0,1,1,5,Tier-1 City,Semi-Furnished,1,Poor,4050000
1260.0,3,2,0,Metro City,Semi-Furnished,3,Excellent,7300000
1295.0,2,2,4,Tier-1 City,Semi-Furnished,2,Good,5450000
1075.0,3,2,11,Metro City,Fully Furnished,1,Poor,5200000
1810.0,3,3,0,Metro City,Unfurnished,1,Good,9800000
790.5,1,1,2,Metro City,Unfurnished,1,Poor,4200000
450.0,1,1,8,Metro City,Unfurnished,1,Good,1800000
1552.0,3,3,3,Metro City,Unfurnished,1,Excellent,7500000
1450.0,3,3,17,Metro City,Semi-Furnished,2,Good,6500000
1195.0,2,2,17,Metro City,Fully Furnished,1,Good,5100000
1200.0,3,3,22,Metro City,Semi-Furnished,0,Excellent,22800000
2000.0,3,3,0,Metro City,Semi-Furnished,0,Good,12000000
1360.0,2,2,19,Metro City,Unfurnished,1,Excellent,11000000
1150.0,2,2,18,Metro City,Fully Furnished,1,Excellent,12500000
1788.0,3,3,9,Metro City,Unfurnished,1,Good,16400000
1650.0,4,3,12,Metro City,Semi-Furnished,2,Good,30000000
1655.0,3,3,10,Tier-2 City,Unfurnished,1,Good,3500000
600.0,4,4,9,Metro City,Semi-Furnished,0,Good,7700000
1350.0,3,3,20,Metro City,Semi-Furnished,0,Poor,7700000
1350.0,3,2,2,Metro City,Fully Furnished,2,Excellent,4700000
1180.0,2,2,3,Metro City,Fully Furnished,1,Poor,6500000
1706.0,3,3,4,Metro City,Semi-Furnished,0,Poor,11500000
700.0,1,1,12,Metro City,Fully Furnished,1,Good,4100000
1200.0,2,2,15,Metro City,Fully Furnished,2,Good,5000000
1240.0,3,2,16,Metro City,Semi-Furnished,2,Good,6500000
1020.0,2,2,1,Tier-1 City,Fully Furnished,1,Good,2250000
1220.0,2,2,2,Metro City,Fully Furnished,1,Poor,4600000
1200.0,3,2,1,Metro City,Semi-Furnished,1,Good,6650000
1060.0,2,2,3,Metro City,Fully Furnished,1,Good,4950000
910.0,4,4,12,Metro City,Fully Furnished,0,Poor,14000000
830.0,2,2,7,Metro City,Semi-Furnished,1,Poor,6000000
1000.0,5,4,17,Metro City,Unfurnished,3,Good,30000000
1174.0,2,2,17,Metro City,Semi-Furnished,2,Good,5900000
1300.0,2,2,1,Metro City,Fully Furnished,1,Excellent,10000000
1175.0,2,2,16,Metro City,Unfurnished,2,Good,4900000
2289.0,3,3,15,Metro City,Fully Furnished,0,Good,26000000
1280.0,2,2,3,Metro City,Semi-Furnished,0,Excellent,7500000
861.0,2,2,19,Metro City,Unfurnished,2,Good,3450000
1340.0,3,2,24,Metro City,Unfurnished,2,Good,4700000
1195.0,2,2,1,Metro City,Semi-Furnished,1,Excellent,6250000
1125.0,2,2,1,Metro City,Unfurnished,0,Poor,4450000
1030.0,2,2,7,Metro City,Semi-Furnished,1,Good,3500000
1200.0,2,3,4,Metro City,Semi-Furnished,1,Good,7000000
2733.0,4,5,15,Tier-2 City,Unfurnished,1,Good,9000000
1300.0,3,3,15,Rural Area,Unfurnished,3,Good,1250000
1627.86,3,3,2,Metro City,Semi-Furnished,0,Good,8800000
996.0,2,2,1,Metro City,Semi-Furnished,1,Excellent,3650000
1665.0,3,3,7,Metro City,Semi-Furnished,0,Excellent,10500000
4800.0,4,4,14,Metro City,Fully Furnished,0,Good,25000000
1550.0,3,2,11,Metro City,Unfurnished,1,Good,9000000
1050.0,2,2,15,Metro City,Semi-Furnished,1,Good,3600000
1368.0,3,2,13,Metro City,Fully Furnished,2,Excellent,5450000
1100.0,2,2,20,Metro City,Fully Furnished,2,Good,7000000
1600.0,2,3,0,Metro City,Fully Furnished,2,Excellent,8800000
1410.0,3,2,5,Metro City,Fully Furnished,1,Good,5500000
1554.0,2,3,3,Tier-1 City,Unfurnished,0,Excellent,10400000
705.0,1,1,5,Metro City,Semi-Furnished,2,Good,3450000
1766.0,3,3,14,Metro City,Semi-Furnished,2,Poor,13000000
1715.0,3,3,5,Metro City,Semi-Furnished,1,Excellent,10500000
1200.0,6,6,8,Metro City,Fully Furnished,1,Good,22000000
1140.0,2,2,5,Metro City,Fully Furnished,1,Excellent,5200000
1200.0,4,4,25,Metro City,Semi-Furnished,2,Poor,10000000
1725.0,3,3,7,Metro City,Semi-Furnished,1,Poor,10600000
1300.0,2,2,3,Metro City,Semi-Furnished,2,Good,2800000
1239.0,2,2,1,Metro City,Semi-Furnished,1,Good,5300000
2200.0,2,2,20,Metro City,Semi-Furnished,1,Excellent,6200000
2003.0,3,3,8,Metro City,Semi-Furnished,1,Good,20000000
1400.0,3,2,16,Metro City,Semi-Furnished,2,Good,7800000
3073.0,4,5,8,Metro City,Fully Furnished,0,Good,69600000
1250.0,3,3,18,Metro City,Fully Furnished,2,Excellent,4200000
1200.0,5,4,10,Metro City,Semi-Furnished,1,Good,24000000
1130.0,3,2,1,Metro City,Semi-Furnished,3,Good,5800000
2000.0,4,4,11,Metro City,Unfurnished,1,Good,12000000
905.0,2,2,6,Metro City,Unfurnished,0,Good,5000000
1530.0,4,3,7,Tier-2 City,Semi-Furnished,2,Good,3050000
595.0,1,1,3,Tier-2 City,Fully Furnished,0,Good,1400000
1880.0,3,3,19,Metro City,Fully Furnished,2,Excellent,9650000
1320.0,3,2,20,Metro City,Unfurnished,1,Good,3800000
6000.0,4,4,11,Metro City,Unfurnished,1,Excellent,41000000
600.0,7,6,6,Tier-1 City,Semi-Furnished,2,Excellent,11600000
2225.0,3,4,7,Metro City,Fully Furnished,1,Excellent,16900000
1070.0,2,2,2,Metro City,Fully Furnished,1,Good,4300000
1350.0,3,2,6,Metro City,Unfurnished,1,Poor,4800000
1327.0,2,2,5,Metro City,Semi-Furnished,1,Good,9800000
1369.0,3,2,18,Tier-1 City,Fully Furnished,1,Good,4600000
1400.0,3,2,1,Metro City,Semi-Furnished,1,Excellent,4800000
1050.0,2,2,16,Metro City,Semi-Furnished,2,Good,4800000
600.0,3,3,10,Metro City,Fully Furnished,1,Excellent,7000000
2240.0,4,4,1,Metro City,Unfurnished,1,Good,16000000
957.0,2,2,10,Metro City,Semi-Furnished,0,Poor,4700000
600.0,7,6,6,Metro City,Semi-Furnished,2,Excellent,13800000
2885.0,4,3,1,Tier-2 City,Semi-Furnished,2,Good,6000000
1160.0,2,2,25,Metro City,Semi-Furnished,1,Good,3350000
1310.0,3,2,11,Metro City,Semi-Furnished,1,Good,4600000
4800.0,4,5,1,Metro City,Unfurnished,2,Excellent,55000000
1100.0,2,2,4,Metro City,Semi-Furnished,1,Poor,5200000
1527.0,3,3,21,Metro City,Unfurnished,3,Excellent,14200000
1128.0,2,2,13,Metro City,Semi-Furnished,1,Good,6500000
1395.0,3,2,6,Metro City,Fully Furnished,1,Good,7900000
1020.0,2,2,1,Metro City,Unfurnished,2,Excellent,3500000
3895.0,4,2,14,Rural Area,Semi-Furnished,1,Excellent,6750000
950.0,2,2,6,Metro City,Semi-Furnished,1,Good,4650000
1095.0,2,2,20,Metro City,Semi-Furnished,1,Excellent,5600000
1747.0,3,3,4,Metro City,Semi-Furnished,0,Good,11000000
2480.0,6,4,5,Metro City,Unfurnished,2,Good,75000000
1225.0,2,2,10,Metro City,Unfurnished,3,Excellent,6750000
1150.0,3,3,2,Metro City,Fully Furnished,1,Good,4500000
4000.0,4,4,19,Metro City,Semi-Furnished,1,Good,63000000
1328.0,3,2,14,Metro City,Semi-Furnished,2,Good,5600000
1063.0,2,2,2,Metro City,Semi-Furnished,1,Good,4250000
1499.0,3,5,4,Tier-1 City,Unfurnished,2,Poor,7800000
1799.0,3,3,4,Metro City,Semi-Furnished,2,Good,9000000
1200.0,3,3,21,Metro City,Semi-Furnished,1,Poor,9000000
780.0,1,1,3,Metro City,Fully Furnished,3,Good,7000000
1250.0,2,2,15,Metro City,Fully Furnished,2,Poor,5500000
1167.0,2,2,4,Metro City,Semi-Furnished,1,Excellent,4400000
600.0,2,2,13,Metro City,Semi-Furnished,2,Good,12000000
5400.0,4,4,16,Metro City,Semi-Furnished,0,Good,75000000
957.0,2,2,5,Metro City,Fully Furnished,1,Good,4700000
1057.0,2,2,8,Metro City,Semi-Furnished,1,Excellent,4200000
1870.0,3,3,6,Metro City,Fully Furnished,1,Good,11000000
710.0,1,1,22,Metro City,Semi-Furnished,2,Good,2700000
2162.03,3,4,18,Metro City,Semi-Furnished,1,Good,12900000
850.0,4,2,16,Metro City,Fully Furnished,0,Poor,6500000
1920.0,3,3,7,Metro City,Semi-Furnished,0,Good,15000000
1084.0,2,2,4,Metro City,Unfurnished,1,Excellent,5000000
1200.0,2,1,3,Metro City,Semi-Furnished,1,Good,3600000
4395.0,4,4,3,Tier-1 City,Semi-Furnished,1,Good,17150000
1285.0,3,2,10,Metro City,Unfurnished,0,Good,4500000
1820.0,3,3,1,Metro City,Unfurnished,1,Good,7950000
3000.0,6,6,9,Tier-2 City,Fully Furnished,1,Poor,5250000
1550.0,3,3,9,Metro City,Semi-Furnished,1,Poor,8700000
565.0,1,1,13,Metro City,Semi-Furnished,0,Excellent,3500000
1547.0,2,2,8,Tier-2 City,Semi-Furnished,1,Good,4300000
1180.0,2,2,16,Metro City,Semi-Furnished,1,Excellent,7500000
1421.0,3,2,18,Metro City,Semi-Furnished,2,Good,7300000
3150.0,8,5,22,Metro City,Fully Furnished,1,Excellent,14500000
1206.0,2,2,14,Metro City,Semi-Furnished,2,Excellent,4050000
1508.0,3,2,0,Metro City,Fully Furnished,0,Good,11000000
1691.0,3,3,11,Metro City,Fully Furnished,1,Good,11900000
1010.0,2,2,5,Rural Area,Semi-Furnished,0,Good,600000
1132.0,2,2,10,Metro City,Semi-Furnished,0,Good,7000000
1933.0,3,3,21,Metro City,Unfurnished,3,Poor,9800000
2500.0,7,8,23,Metro City,Semi-Furnished,2,Excellent,9500000
1245.0,3,2,4,Metro City,Fully Furnished,1,Poor,6000000
1235.0,2,2,21,Metro City,Unfurnished,2,Excellent,4450000
1053.0,2,2,7,Metro City,Semi-Furnished,2,Good,4800000
1200.0,2,2,16,Metro City,Semi-Furnished,1,Good,4500000
1530.0,3,2,14,Metro City,Semi-Furnished,2,Excellent,7450000
900.0,9,10,18,Metro City,Fully Furnished,1,Excellent,17000000
600.0,1,1,24,Metro City,Semi-Furnished,1,Good,4500000
1212.0,2,3,1,Tier-1 City,Semi-Furnished,0,Good,2750000
1200.0,4,2,8,Metro City,Unfurnished,1,Good,3600000
850.0,2,1,1,Metro City,Semi-Furnished,1,Good,2000000
1020.0,2,2,0,Metro City,Unfurnished,1,Good,4600000
950.0,2,2,0,Metro City,Unfurnished,0,Good,4400000
950.0,4,3,10,Tier-1 City,Semi-Furnished,1,Poor,14950000
1296.0,2,2,10,Metro City,Semi-Furnished,1,Good,6500000
1200.0,9,9,17,Metro City,Unfurnished,2,Good,12000000
1837.0,3,3,9,Metro City,Unfurnished,1,Good,14200000
2700.0,4,5,3,Tier-2 City,Fully Furnished,2,Good,4150000
3000.0,4,4,25,Tier-2 City,Semi-Furnished,2,Good,5300000
1118.0,2,2,10,Rural Area,Fully Furnished,1,Excellent,1200000
1330.74,2,2,3,Metro City,Semi-Furnished,1,Good,9200000
1350.0,3,3,3,Metro City,Unfurnished,0,Excellent,4000000
936.0,2,2,1,Metro City,Semi-Furnished,1,Excellent,4500000
1275.0,3,2,6,Metro City,Semi-Furnished,1,Good,4350000
1655.0,3,3,18,Metro City,Fully Furnished,2,Good,11000000
2500.0,5,3,1,Metro City,Unfurnished,1,Poor,20000000
1194.0,2,2,11,Metro City,Fully Furnished,2,Poor,4600000
1900.0,3,4,2,Metro City,Fully Furnished,1,Good,14500000
720.0,4,4,19,Metro City,Semi-Furnished,1,Good,9500000
2425.0,4,5,22,Tier-2 City,Unfurnished,2,Good,6300000
2700.0,3,3,20,Metro City,Semi-Furnished,1,Poor,20000000
1140.0,2,2,3,Tier-2 City,Unfurnished,1,Good,950000
1200.0,5,6,2,Metro City,Fully Furnished,1,Excellent,8600000
1847.0,3,3,0,Metro City,Unfurnished,2,Excellent,9200000
2200.0,3,3,21,Metro City,Unfurnished,1,Good,12100000
1182.0,2,2,8,Metro City,Semi-Furnished,1,Good,8250000
1563.0,3,3,16,Metro City,Unfurnished,0,Good,9200000
600.0,3,3,11,Tier-1 City,Semi-Furnished,1,Excellent,5450000
2072.0,3,4,5,Metro City,Unfurnished,1,Poor,15500000
1550.0,3,3,12,Metro City,Fully Furnished,1,Excellent,6500000
1890.0,3,3,6,Metro City,Semi-Furnished,0,Good,16200000
711.0,1,1,0,Rural Area,Unfurnished,1,Excellent,600000
1436.0,3,2,2,Metro City,Semi-Furnished,2,Good,5500000
2500.0,3,3,23,Metro City,Semi-Furnished,0,Excellent,13500000
2400.0,5,5,3,Metro City,Semi-Furnished,3,Good,25000000
1035.0,2,2,18,Metro City,Fully Furnished,1,Excellent,5300000
3100.0,4,5,21,Metro City,Fully Furnished,2,Good,42500000
1635.0,3,3,2,Tier-1 City,Unfurnished,0,Good,3950000
1825.0,3,3,1,Metro City,Unfurnished,1,Good,10000000
2010.0,3,3,1,Tier-1 City,Unfurnished,2,Good,9150000
4003.0,4,6,15,Metro City,Fully Furnished,1,Good,52500000
1300.0,3,3,16,Metro City,Semi-Furnished,1,Good,17000000
1181.0,3,2,3,Metro City,Semi-Furnished,2,Good,6500000
1570.0,3,2,5,Metro City,Fully Furnished,1,Poor,6500000
1121.0,2,2,17,Metro City,Semi-Furnished,2,Good,4350000
1798.0,3,3,8,Tier-1 City,Semi-Furnished,1,Excellent,4950000
1760.0,3,3,7,Rural Area,Semi-Furnished,0,Good,1300000
1200.0,5,5,9,Metro City,Semi-Furnished,1,Good,10100000
1205.0,2,2,10,Metro City,Semi-Furnished,1,Good,3700000
1044.0,2,2,0,Tier-1 City,Fully Furnished,2,Good,2100000
1656.0,3,3,2,Metro City,Fully Furnished,1,Good,15000000
992.0,2,2,20,Metro City,Fully Furnished,0,Good,2500000
700.0,2,2,13,Tier-1 City,Unfurnished,1,Good,2450000
1650.0,3,4,23,Metro City,Unfurnished,2,Excellent,16000000
944.0,2,2,9,Tier-1 City,Semi-Furnished,1,Good,2100000
1571.0,3,3,6,Metro City,Semi-Furnished,2,Excellent,8900000
1143.0,2,2,10,Metro City,Unfurnished,2,Good,5300000
1095.0,2,2,7,Metro City,Fully Furnished,1,Excellent,5500000
3042.0,4,4,10,Metro City,Unfurnished,1,Good,13100000
1320.0,2,2,7,Metro City,Unfurnished,0,Excellent,15000000
1960.0,3,3,6,Metro City,Unfurnished,0,Poor,16500000
1110.0,3,3,3,Metro City,Unfurnished,2,Good,5900000
1539.0,3,2,13,Metro City,Semi-Furnished,1,Excellent,5250000
1156.0,2,2,5,Metro City,Unfurnished,1,Good,4700000
1676.0,3,3,4,Tier-2 City,Unfurnished,1,Good,1700000
605.0,1,1,5,Metro City,Semi-Furnished,0,Good,2200000
1206.0,2,2,14,Metro City,Unfurnished,2,Good,4800000
1063.0,2,2,16,Metro City,Semi-Furnished,1,Poor,3200000
1012.0,2,2,17,Metro City,Semi-Furnished,1,Good,6400000
1550.0,3,3,7,Metro City,Semi-Furnished,1,Good,7250000
840.0,2,2,7,Metro City,Fully Furnished,2,Good,2800000
1342.0,3,3,18,Metro City,Semi-Furnished,1,Good,9200000
1675.0,3,2,12,Rural Area,Unfurnished,1,Good,1400000
1250.0,2,3,20,Metro City,Fully Furnished,2,Good,17000000
750.0,4,2,3,Tier-1 City,Fully Furnished,1,Good,6450000
1171.0,2,2,15,Tier-1 City,Unfurnished,1,Good,4050000
3850.0,4,6,3,Metro City,Unfurnished,0,Good,19500000
2127.0,3,3,24,Metro City,Semi-Furnished,1,Good,13500000
1194.0,2,2,7,Metro City,Semi-Furnished,2,Good,4700000
800.0,2,1,3,Metro City,Semi-Furnished,1,Good,2900000
1296.0,2,2,17,Tier-1 City,Unfurnished,3,Good,5450000
920.0,2,2,17,Metro City,Semi-Furnished,3,Excellent,3700000
2200.0,4,4,8,Metro City,Fully Furnished,1,Poor,13000000
960.0,2,2,5,Metro City,Fully Furnished,1,Excellent,3500000
1312.0,2,2,20,Metro City,Semi-Furnished,2,Poor,6900000
1128.0,2,2,23,Metro City,Semi-Furnished,1,Good,6500000
1621.0,3,3,15,Rural Area,Unfurnished,1,Good,1600000
1185.0,3,2,2,Metro City,Semi-Furnished,1,Poor,3000000
900.0,2,3,3,Metro City,Semi-Furnished,2,Good,10500000
1251.0,2,2,4,Tier-1 City,Semi-Furnished,0,Good,2950000
1168.0,3,3,17,Metro City,Fully Furnished,1,Good,7000000
800.0,6,8,0,Metro City,Fully Furnished,0,Excellent,15000000
660.0,2,1,4,Metro City,Semi-Furnished,0,Good,1650000
1299.0,2,2,3,Metro City,Unfurnished,3,Good,10500000
1850.0,3,4,17,Metro City,Fully Furnished,0,Excellent,12000000
1890.0,3,3,2,Metro City,Fully Furnished,1,Poor,10900000
1625.0,3,3,4,Metro City,Fully Furnished,1,Excellent,9200000
1200.0,4,4,1,Metro City,Fully Furnished,0,Good,11500000
1085.0,2,2,4,Tier-1 City,Semi-Furnished,2,Good,2550000
1160.0,2,2,7,Metro City,Semi-Furnished,1,Good,4050000
1200.0,2,2,20,Metro City,Unfurnished,0,Poor,4550000
1494.0,3,2,7,Tier-1 City,Semi-Furnished,3,Excellent,7400000
1135.0,3,2,9,Tier-2 City,Semi-Furnished,1,Good,1300000
1077.0,2,2,22,Tier-1 City,Semi-Furnished,0,Excellent,3050000
1550.0,3,2,15,Metro City,Semi-Furnished,1,Poor,5200000
1240.0,2,2,11,Metro City,Fully Furnished,3,Poor,3900000
1428.0,3,2,2,Metro City,Semi-Furnished,0,Excellent,6600000
1005.0,2,2,14,Tier-2 City,Unfurnished,1,Poor,1200000
1703.0,3,3,13,Metro City,Semi-Furnished,2,Good,10100000
2002.0,3,3,0,Metro City,Fully Furnished,2,Good,11200000
1160.0,2,2,8,Metro City,Unfurnished,2,Good,3350000
920.0,2,2,16,Metro City,Fully Furnished,2,Good,3750000
1050.0,2,2,7,Metro City,Fully Furnished,0,Good,3400000
1666.0,5,4,9,Metro City,Semi-Furnished,1,Good,15000000
1494.0,3,2,7,Metro City,Semi-Furnished,3,Excellent,9450000
4111.0,4,4,4,Tier-2 City,Semi-Furnished,2,Good,10550000
1255.0,2,2,23,Tier-2 City,Unfurnished,1,Good,2350000
1418.0,2,2,7,Metro City,Unfurnished,1,Excellent,10500000
800.0,4,4,17,Metro City,Unfurnished,1,Poor,8000000
1828.0,3,3,10,Rural Area,Unfurnished,1,Good,1450000
1232.0,2,2,7,Metro City,Fully Furnished,1,Good,8000000
1350.0,2,2,21,Tier-1 City,Semi-Furnished,1,Good,2850000
1200.0,2,1,18,Metro City,Semi-Furnished,1,Good,3600000
1300.0,2,2,21,Metro City,Semi-Furnished,1,Good,8000000
1050.0,2,2,10,Metro City,Unfurnished,2,Poor,4300000
1151.0,2,2,0,Metro City,Semi-Furnished,2,Good,5900000
485.0,1,1,18,Metro City,Semi-Furnished,3,Good,1500000
1180.0,2,2,19,Metro City,Semi-Furnished,1,Good,5200000
1235.0,2,2,19,Metro City,Fully Furnished,1,Good,5200000
1200.0,3,2,13,Metro City,Unfurnished,1,Good,6600000
1320.0,3,2,16,Metro City,Semi-Furnished,1,Good,3800000
1280.0,2,2,2,Tier-1 City,Semi-Furnished,1,Good,4700000
2400.0,3,6,7,Tier-1 City,Fully Furnished,1,Good,45900000
1814.0,3,3,6,Metro City,Semi-Furnished,0,Good,6300000
1350.0,3,3,5,Metro City,Unfurnished,0,Good,8500000
1430.0,3,3,5,Metro City,Semi-Furnished,0,Poor,5200000
2000.0,4,3,19,Tier-2 City,Unfurnished,1,Good,39050000
1020.0,2,2,5,Metro City,Semi-Furnished,1,Good,4850000
1500.0,3,3,2,Tier-1 City,Semi-Furnished,1,Good,8400000
2257.0,3,4,1,Metro City,Semi-Furnished,0,Good,15700000
663.0,1,1,12,Metro City,Semi-Furnished,2,Good,4600000
2996.0,4,4,10,Metro City,Fully Furnished,2,Good,20000000
1046.0,2,2,9,Metro City,Fully Furnished,2,Poor,6000000
1180.0,2,2,2,Metro City,Fully Furnished,0,Poor,7200000
1450.0,3,3,15,Metro City,Fully Furnished,1,Good,6500000
2160.0,6,5,21,Metro City,Unfurnished,2,Poor,25000000
1614.0,3,2,8,Metro City,Fully Furnished,1,Good,5900000
1664.0,3,3,0,Metro City,Semi-Furnished,1,Poor,7400000
1070.0,2,2,3,Metro City,Fully Furnished,1,Poor,4600000
1936.0,3,3,1,Metro City,Unfurnished,1,Good,11000000
1355.0,2,2,7,Metro City,Fully Furnished,2,Good,9750000
1297.0,2,2,20,Metro City,Unfurnished,2,Good,10500000
1075.0,2,2,18,Metro City,Semi-Furnished,1,Good,6000000
1440.0,4,4,7,Metro City,Unfurnished,1,Good,24000000
1480.0,3,2,17,Metro City,Fully Furnished,1,Excellent,7500000
1350.0,4,4,10,Tier-2 City,Semi-Furnished,1,Poor,7200000
3250.0,5,5,2,Metro City,Semi-Furnished,1,Good,90000000
1040.0,2,2,2,Tier-2 City,Semi-Furnished,2,Excellent,2850000
1200.0,9,8,16,Metro City,Semi-Furnished,1,Good,27000000
1000.0,2,2,24,Metro City,Unfurnished,2,Good,3400000
3500.0,4,5,15,Metro City,Semi-Furnished,1,Good,15000000
3850.0,4,6,1,Rural Area,Semi-Furnished,2,Excellent,2800000
1210.0,2,2,20,Metro City,Unfurnished,2,Poor,8000000
3400.0,4,4,19,Metro City,Semi-Furnished,1,Excellent,53000000
1664.0,3,3,19,Metro City,Unfurnished,2,Poor,6800000
1590.0,3,3,7,Metro City,Fully Furnished,1,Good,7900000
924.0,2,2,15,Metro City,Semi-Furnished,3,Good,3500000
1163.0,2,2,7,Metro City,Fully Furnished,1,Good,6400000
1354.0,3,2,24,Metro City,Fully Furnished,2,Good,9800000
1000.0,3,2,1,Metro City,Fully Furnished,2,Good,6500000
2372.0,3,3,8,Metro City,Fully Furnished,1,Good,14000000
1789.0,3,3,22,Tier-2 City,Semi-Furnished,1,Good,2300000
1145.0,2,2,1,Metro City,Semi-Furnished,2,Good,5600000
1141.0,2,2,21,Metro City,Fully Furnished,0,Good,6200000
1650.0,3,3,6,Metro City,Semi-Furnished,0,Good,8650000
1475.0,3,3,4,Metro City,Semi-Furnished,2,Good,7000000
1100.0,2,2,18,Tier-1 City,Unfurnished,1,Good,3050000
1405.0,3,2,16,Metro City,Fully Furnished,1,Good,7000000
914.0,2,2,22,Metro City,Semi-Furnished,1,Excellent,5500000
2000.0,4,4,9,Metro City,Unfurnished,1,Poor,10000000
1113.0,2,2,4,Metro City,Fully Furnished,1,Excellent,6200000
2000.0,3,3,2,Metro City,Unfurnished,1,Good,7700000
1748.0,3,3,6,Metro City,Semi-Furnished,1,Good,10300000
1100.0,2,2,4,Metro City,Semi-Furnished,1,Good,6000000
1400.0,3,3,10,Metro City,Unfurnished,2,Good,9800000
2300.0,4,4,10,Metro City,Semi-Furnished,1,Excellent,20000000
4360.0,5,4,19,Metro City,Unfurnished,1,Good,9000000
1500.0,4,2,25,Metro City,Unfurnished,1,Good,65000000
1720.0,3,3,4,Metro City,Semi-Furnished,2,Good,10000000
1200.0,6,6,15,Tier-1 City,Unfurnished,2,Excellent,12200000
1300.0,2,2,3,Metro City,Unfurnished,1,Good,6300000
830.0,2,2,11,Metro City,Semi-Furnished,0,Poor,3700000
1150.0,2,2,14,Tier-2 City,Fully Furnished,1,Excellent,1450000
2830.0,4,3,5,Metro City,Semi-Furnished,2,Poor,19500000
1092.0,2,2,17,Metro City,Fully Furnished,1,Good,4400000
946.0,2,2,17,Metro City,Fully Furnished,1,Good,4500000
1800.0,3,3,14,Metro City,Semi-Furnished,1,Good,11500000
1636.0,3,3,14,Metro City,Fully Furnished,1,Good,8300000
1730.0,5,5,14,Metro City,Unfurnished,0,Good,7500000
2000.0,4,4,9,Tier-1 City,Unfurnished,1,Poor,6950000
2000.0,3,3,22,Metro City,Fully Furnished,1,Excellent,20000000
920.0,2,2,25,Tier-1 City,Unfurnished,2,Good,3750000
918.0,2,2,12,Metro City,Fully Furnished,1,Poor,4800000
947.0,2,2,4,Metro City,Unfurnished,2,Excellent,4300000
1500.0,3,3,10,Tier-1 City,Semi-Furnished,2,Excellent,3750000
1276.0,3,2,13,Metro City,Semi-Furnished,2,Good,3200000
1090.0,2,2,5,Rural Area,Semi-Furnished,1,Good,750000
1500.0,3,2,2,Metro City,Unfurnished,1,Good,7500000
1360.0,3,2,15,Metro City,Fully Furnished,2,Good,6500000
985.0,2,2,0,Tier-2 City,Semi-Furnished,1,Excellent,950000
1125.0,2,2,9,Tier-1 City,Fully Furnished,1,Good,2200000
1222.0,2,2,16,Metro City,Fully Furnished,1,Good,9800000
1180.0,2,2,5,Rural Area,Unfurnished,0,Excellent,900000
1584.0,3,3,16,Tier-1 City,Fully Furnished,2,Excellent,3800000
1400.0,2,2,10,Metro City,Fully Furnished,0,Good,6000000
1150.0,2,2,1,Metro City,Semi-Furnished,1,Good,5500000
1607.0,3,2,5,Tier-2 City,Semi-Furnished,1,Excellent,4250000
1085.0,2,2,13,Metro City,Semi-Furnished,1,Good,4500000
2560.0,3,4,2,Metro City,Semi-Furnished,1,Excellent,31000000
1693.0,3,3,6,Tier-2 City,Semi-Furnished,1,Good,5600000
1005.0,2,2,4,Metro City,Semi-Furnished,1,Excellent,4000000
1635.0,3,2,0,Tier-1 City,Semi-Furnished,2,Excellent,5100000
1830.0,3,4,14,Metro City,Semi-Furnished,1,Good,15000000
1306.0,2,2,10,Metro City,Semi-Furnished,1,Good,4400000
1745.0,3,3,11,Tier-1 City,Semi-Furnished,0,Excellent,7650000
2100.0,3,3,15,Tier-2 City,Unfurnished,0,Good,5450000
1246.0,2,2,16,Metro City,Semi-Furnished,2,Good,6750000
2112.95,3,4,7,Metro City,Unfurnished,2,Poor,14500000
600.0,2,1,7,Tier-1 City,Unfurnished,2,Poor,1850000
1500.0,6,6,10,Metro City,Semi-Furnished,0,Good,15000000
1650.0,2,1,2,Metro City,Unfurnished,2,Excellent,13000000
1140.0,2,2,5,Metro City,Unfurnished,1,Good,6000000
2000.0,3,3,7,Metro City,Semi-Furnished,2,Excellent,8500000
3335.0,4,4,15,Tier-2 City,Semi-Furnished,0,Excellent,7650000
1200.0,5,4,15,Metro City,Semi-Furnished,1,Good,13000000
1440.0,2,2,19,Rural Area,Unfurnished,1,Excellent,1450000
3951.0,4,4,11,Metro City,Semi-Furnished,2,Excellent,23000000
600.0,3,4,8,Metro City,Semi-Furnished,1,Excellent,7200000
1350.0,3,2,12,Tier-2 City,Unfurnished,2,Good,2950000
1804.0,3,3,4,Metro City,Unfurnished,2,Poor,12000000
2330.0,4,3,13,Metro City,Semi-Furnished,0,Good,9450000
985.0,2,2,19,Metro City,Semi-Furnished,1,Poor,6300000
1358.0,2,2,2,Metro City,Semi-Furnished,2,Excellent,8050000
1027.0,2,2,5,Tier-2 City,Fully Furnished,2,Excellent,2450000
1607.0,3,2,12,Tier-1 City,Unfurnished,2,Good,6800000
1256.0,2,2,6,Metro City,Fully Furnished,1,Good,6500000
1200.0,9,6,0,Metro City,Semi-Furnished,1,Good,28000000
2842.0,3,3,13,Tier-2 City,Unfurnished,1,Excellent,5150000
1260.0,2,2,12,Metro City,Fully Furnished,2,Poor,4500000
1665.0,3,3,18,Metro City,Semi-Furnished,2,Good,8500000
1308.0,2,2,4,Metro City,Fully Furnished,1,Excellent,8600000
600.0,1,1,1,Metro City,Unfurnished,3,Good,2400000
782.0,6,4,0,Tier-1 City,Semi-Furnished,1,Poor,5850000
1265.0,2,2,7,Tier-1 City,Semi-Furnished,2,Good,4900000
1500.0,6,4,15,Metro City,Fully Furnished,0,Excellent,23300000
1560.0,3,3,21,Metro City,Semi-Furnished,2,Poor,6600000
950.0,2,2,2,Metro City,Unfurnished,1,Excellent,3800000
1250.0,3,3,12,Metro City,Fully Furnished,3,Poor,5000000
1450.0,3,3,4,Metro City,Semi-Furnished,0,Excellent,5800000
1000.0,2,2,21,Tier-2 City,Unfurnished,2,Excellent,1350000
3185.0,4,4,5,Tier-1 City,Fully Furnished,0,Excellent,9350000
1050.0,2,2,7,Metro City,Semi-Furnished,2,Good,4600000
2882.0,4,5,5,Metro City,Unfurnished,1,Good,20000000
600.0,1,1,1,Tier-1 City,Unfurnished,3,Good,1400000
1065.0,2,2,10,Rural Area,Semi-Furnished,3,Excellent,500000
1776.0,3,3,0,Metro City,Semi-Furnished,1,Good,15000000
1230.0,6,4,11,Metro City,Semi-Furnished,2,Good,21000000
1844.0,3,3,10,Metro City,Semi-Furnished,3,Poor,8900000
1300.0,2,2,14,Tier-2 City,Semi-Furnished,1,Good,2600000
1070.0,2,2,19,Metro City,Fully Furnished,1,Excellent,4500000
1155.0,2,2,10,Metro City,Fully Furnished,1,Good,3900000
2240.0,4,4,1,Tier-2 City,Unfurnished,1,Good,6200000
2238.0,3,3,6,Metro City,Unfurnished,2,Good,14000000
1270.0,2,2,17,Metro City,Unfurnished,0,Good,5700000
1820.0,3,3,1,Rural Area,Semi-Furnished,0,Good,1100000
520.0,1,1,3,Metro City,Unfurnished,1,Excellent,1950000
2000.0,3,4,17,Metro City,Unfurnished,2,Good,13000000
912.0,3,2,15,Metro City,Unfurnished,1,Excellent,3900000
1762.0,3,3,4,Metro City,Unfurnished,1,Poor,13300000
1600.0,3,3,0,Metro City,Unfurnished,0,Good,9500000
1355.0,2,2,10,Metro City,Semi-Furnished,1,Good,7300000
1048.0,2,2,3,Metro City,Fully Furnished,0,Good,4400000
1090.0,2,2,4,Metro City,Fully Furnished,1,Excellent,3600000
980.0,2,2,20,Tier-2 City,Unfurnished,2,Poor,1600000
1145.0,2,2,6,Metro City,Unfurnished,1,Good,5400000
1500.0,3,3,25,Tier-1 City,Unfurnished,0,Good,7500000
1904.0,3,3,10,Metro City,Semi-Furnished,1,Good,12000000
1290.0,3,2,13,Tier-2 City,Unfurnished,0,Excellent,1700000
1185.0,2,2,21,Metro City,Unfurnished,1,Good,8500000
992.0,2,2,23,Metro City,Semi-Furnished,0,Excellent,2600000
883.0,2,2,1,Tier-1 City,Semi-Furnished,1,Good,2800000
2360.0,4,4,11,Tier-2 City,Fully Furnished,1,Poor,29750000
1293.0,3,2,5,Metro City,Semi-Furnished,1,Excellent,8500000
955.0,2,2,13,Metro City,Semi-Furnished,2,Poor,3800000
1512.0,3,3,0,Tier-1 City,Fully Furnished,3,Good,5200000
1945.0,3,3,14,Metro City,Unfurnished,1,Good,13500000
1709.0,3,3,11,Metro City,Unfurnished,1,Good,15000000
1500.0,1,1,5,Metro City,Fully Furnished,1,Good,1950000
1190.0,2,2,11,Metro City,Unfurnished,1,Excellent,5700000
1050.0,2,2,9,Metro City,Semi-Furnished,1,Poor,5400000
1560.0,3,3,1,Metro City,Unfurnished,1,Good,11500000
1460.0,3,2,6,Metro City,Semi-Furnished,3,Good,7200000
1600.0,3,3,22,Metro City,Fully Furnished,2,Good,7500000
900.0,2,2,7,Metro City,Fully Furnished,1,Good,4100000
1827.0,3,3,17,Metro City,Fully Furnished,2,Excellent,9700000
2600.0,3,3,10,Metro City,Semi-Furnished,1,Poor,14000000
1200.0,5,4,5,Metro City,Unfurnished,0,Good,9800000
1435.0,3,3,6,Metro City,Fully Furnished,2,Good,5300000
1250.0,3,3,7,Metro City,Semi-Furnished,1,Good,4000000
1200.0,8,7,22,Metro City,Fully Furnished,1,Poor,24000000
1108.0,2,2,7,Metro City,Semi-Furnished,1,Excellent,7400000
1080.0,4,4,5,Tier-1 City,Semi-Furnished,2,Good,4750000
1200.0,9,9,7,Metro City,Fully Furnished,0,Good,23000000
1855.0,3,3,1,Rural Area,Semi-Furnished,0,Excellent,1700000
1369.0,3,2,18,Metro City,Fully Furnished,1,Good,7200000
1025.0,2,2,4,Metro City,Unfurnished,0,Poor,3600000
2400.0,3,6,7,Metro City,Fully Furnished,1,Good,77500000
1200.0,3,3,3,Metro City,Unfurnished,1,Good,11000000
1150.0,2,2,4,Metro City,Semi-Furnished,1,Excellent,7000000
1740.0,3,3,17,Metro City,Semi-Furnished,1,Good,12000000
1000.0,2,2,1,Metro City,Unfurnished,1,Good,7000000
1012.0,2,2,20,Metro City,Unfurnished,2,Excellent,5900000
1490.0,3,3,1,Tier-2 City,Unfurnished,1,Good,5800000
1200.0,2,2,0,Tier-1 City,Unfurnished,1,Good,3950000
1210.0,2,2,7,Tier-1 City,Semi-Furnished,3,Good,2900000
2400.0,4,4,24,Metro City,Semi-Furnished,2,Good,48000000
1500.0,3,3,15,Tier-1 City,Fully Furnished,1,Good,4150000
1200.0,4,4,10,Metro City,Unfurnished,0,Excellent,19000000
1160.0,2,2,16,Metro City,Fully Furnished,2,Excellent,6400000
600.0,2,3,6,Tier-2 City,Unfurnished,2,Good,3500000
1160.0,2,2,1,Rural Area,Unfurnished,1,Excellent,500000
1200.0,3,4,3,Metro City,Unfurnished,2,Good,22000000
4827.0,4,4,0,Tier-2 City,Semi-Furnished,0,Good,11950000
1250.0,2,3,20,Tier-2 City,Semi-Furnished,2,Good,7550000
1575.0,3,2,24,Metro City,Semi-Furnished,0,Good,11000000
1060.0,2,2,11,Metro City,Unfurnished,2,Excellent,5200000
3569.0,4,4,1,Metro City,Unfurnished,1,Good,60000000
3930.0,5,7,19,Metro City,Unfurnished,2,Good,32900000
1200.0,4,4,7,Metro City,Unfurnished,1,Good,14500000
1500.0,3,2,0,Tier-2 City,Semi-Furnished,1,Good,3050000
1240.0,2,2,2,Metro City,Semi-Furnished,1,Excellent,4100000
883.0,2,2,7,Metro City,Semi-Furnished,0,Poor,2900000
1330.0,3,3,2,Metro City,Semi-Furnished,2,Excellent,6500000
660.0,1,1,8,Metro City,Semi-Furnished,0,Good,9500000
1075.0,3,2,24,Metro City,Fully Furnished,0,Excellent,4200000
1840.0,3,3,8,Metro City,Semi-Furnished,1,Good,14000000
600.0,1,1,7,Tier-1 City,Semi-Furnished,1,Good,3050000
1240.0,2,2,4,Metro City,Fully Furnished,3,Excellent,5250000
1258.5,2,2,22,Tier-1 City,Unfurnished,2,Excellent,4400000
950.0,7,7,8,Metro City,Unfurnished,1,Excellent,11500000
1475.0,3,3,17,Tier-1 City,Fully Furnished,1,Good,7700000
1930.0,3,4,12,Metro City,Semi-Furnished,2,Good,12200000
1200.0,2,2,17,Tier-2 City,Unfurnished,0,Good,2600000
2388.0,3,4,7,Metro City,Fully Furnished,1,Poor,23900000
2700.0,3,3,9,Metro City,Unfurnished,2,Excellent,50000000
1355.0,2,2,2,Metro City,Fully Furnished,2,Excellent,6700000
2770.0,3,3,10,Metro City,Semi-Furnished,2,Good,46000000
829.0,2,2,3,Tier-2 City,Fully Furnished,0,Good,1000000
1535.0,3,3,15,Metro City,Semi-Furnished,1,Poor,8500000
800.0,2,1,2,Metro City,Semi-Furnished,1,Good,4500000
1200.0,2,2,4,Metro City,Semi-Furnished,2,Good,7800000
1296.0,2,2,17,Metro City,Unfurnished,3,Good,8900000
1689.0,3,3,10,Tier-1 City,Unfurnished,0,Good,6500000
660.0,3,2,10,Metro City,Semi-Furnished,1,Good,10000000
456.0,1,1,13,Metro City,Fully Furnished,3,Good,1500000
1583.0,3,3,6,Metro City,Semi-Furnished,1,Excellent,10900000
1160.0,2,2,13,Rural Area,Unfurnished,1,Good,700000
1816.0,3,3,12,Metro City,Unfurnished,2,Excellent,11900000
1140.0,2,2,1,Metro City,Semi-Furnished,2,Poor,6500000
1575.0,3,3,10,Metro City,Fully Furnished,0,Good,7800000
1750.0,3,3,7,Metro City,Unfurnished,2,Poor,12300000
1726.0,3,3,13,Metro City,Semi-Furnished,2,Good,8200000
2100.0,5,5,7,Metro City,Unfurnished,1,Excellent,15000000
1110.0,2,2,22,Metro City,Fully Furnished,0,Excellent,4300000
985.0,2,2,5,Metro City,Fully Furnished,1,Good,4050000
1200.0,2,2,2,Metro City,Unfurnished,1,Excellent,6500000
1575.0,3,3,9,Metro City,Semi-Furnished,2,Good,8000000
1025.0,2,2,13,Metro City,Semi-Furnished,1,Excellent,2750000
1200.0,3,3,0,Metro City,Semi-Furnished,1,Excellent,5000000
950.0,4,3,10,Metro City,Semi-Furnished,1,Poor,17900000
1070.0,2,2,3,Metro City,Unfurnished,2,Good,5200000
1730.0,3,3,4,Tier-1 City,Semi-Furnished,1,Good,8250000
3400.0,4,5,11,Tier-2 City,Fully Furnished,1,Good,9600000
1320.0,3,2,19,Metro City,Unfurnished,1,Poor,3800000
1600.0,4,4,3,Metro City,Fully Furnished,1,Good,11200000
1391.0,3,2,3,Metro City,Unfurnished,2,Good,6450000
1110.0,2,2,5,Metro City,Semi-Furnished,1,Excellent,4000000
996.0,2,2,1,Tier-1 City,Semi-Furnished,1,Excellent,2100000
1172.0,2,2,2,Metro City,Semi-Furnished,1,Good,8200000
1575.0,3,3,12,Metro City,Unfurnished,1,Excellent,10100000
2400.0,5,6,7,Metro City,Semi-Furnished,1,Good,45000000
725.0,2,2,4,Metro City,Semi-Furnished,0,Good,3600000
1365.0,3,2,11,Metro City,Fully Furnished,0,Poor,3400000
1304.0,2,2,4,Metro City,Unfurnished,3,Good,7000000
461.82,1,1,23,Rural Area,Unfurnished,1,Poor,500000
1500.0,3,2,23,Metro City,Semi-Furnished,1,Good,7800000
1485.0,3,2,11,Metro City,Unfurnished,3,Excellent,9000000
1450.0,3,2,4,Metro City,Unfurnished,1,Poor,7300000
1600.0,3,3,18,Metro City,Fully Furnished,1,Good,5200000
1192.5,2,2,1,Metro City,Semi-Furnished,0,Good,5100000
1218.0,2,2,1,Metro City,Semi-Furnished,0,Good,7300000
1112.0,2,2,15,Metro City,Unfurnished,1,Good,4000000
1320.0,3,2,1,Metro City,Semi-Furnished,2,Excellent,6500000
1346.0,2,2,7,Tier-1 City,Unfurnished,2,Poor,4750000
1441.0,2,2,12,Tier-2 City,Semi-Furnished,1,Good,4150000
1019.0,2,2,10,Metro City,Semi-Furnished,1,Excellent,5800000
3301.8,4,5,14,Metro City,Unfurnished,1,Good,57000000
1580.0,3,2,18,Metro City,Semi-Furnished,0,Poor,6700000
929.0,2,2,1,Metro City,Semi-Furnished,1,Good,4600000
1200.0,4,4,5,Metro City,Fully Furnished,2,Good,12500000
1275.0,3,2,12,Metro City,Semi-Furnished,1,Good,6500000
1580.0,3,3,1,Metro City,Semi-Furnished,1,Excellent,7500000
1169.0,2,2,18,Metro City,Semi-Furnished,2,Good,6400000
1850.0,3,3,8,Metro City,Semi-Furnished,2,Excellent,12000000
1743.0,3,3,15,Metro City,Fully Furnished,2,Excellent,8500000
1504.0,3,3,15,Metro City,Fully Furnished,1,Good,6700000
1200.0,2,1,18,Tier-1 City,Semi-Furnished,1,Good,2250000
1200.0,2,2,19,Metro City,Unfurnished,2,Good,5500000
1198.0,2,2,6,Metro City,Semi-Furnished,2,Good,6500000
1340.0,2,2,15,Tier-2 City,Unfurnished,1,Good,2500000
1200.0,3,3,9,Tier-2 City,Fully Furnished,2,Good,2250000
1750.0,7,5,2,Metro City,Fully Furnished,0,Good,35000000
1044.0,2,2,20,Tier-2 City,Unfurnished,1,Excellent,2500000
1030.0,2,2,5,Metro City,Semi-Furnished,1,Good,7500000
1200.0,2,2,14,Metro City,Unfurnished,1,Excellent,4900000
1028.0,2,2,9,Tier-1 City,Fully Furnished,1,Good,3450000
1884.0,3,4,8,Tier-1 City,Semi-Furnished,1,Poor,8850000
1200.0,3,3,0,Tier-2 City,Unfurnished,2,Excellent,5950000
860.0,2,2,10,Tier-2 City,Unfurnished,1,Poor,1200000
1255.0,2,2,15,Tier-1 City,Unfurnished,1,Good,3850000
1410.0,3,2,3,Metro City,Semi-Furnished,1,Good,5200000
2180.0,3,4,4,Metro City,Semi-Furnished,3,Good,18000000
1500.0,3,3,14,Metro City,Semi-Furnished,1,Good,25000000
1574.0,3,3,10,Metro City,Semi-Furnished,1,Good,9350000
1830.0,3,3,19,Metro City,Unfurnished,0,Good,13300000
1080.0,4,4,5,Rural Area,Unfurnished,2,Good,1300000
998.0,2,2,22,Tier-2 City,Unfurnished,1,Good,1900000
1450.0,3,3,4,Metro City,Semi-Furnished,2,Good,5100000
3500.0,4,4,5,Metro City,Unfurnished,2,Good,32000000
1097.0,2,2,3,Metro City,Unfurnished,1,Good,4900000
650.0,1,1,10,Metro City,Unfurnished,2,Excellent,2000000
1100.0,2,2,13,Metro City,Unfurnished,1,Good,6000000
2790.0,4,4,15,Tier-1 City,Unfurnished,1,Excellent,11950000
794.0,1,1,13,Metro City,Unfurnished,2,Good,6000000
1370.0,3,2,8,Metro City,Unfurnished,0,Excellent,7500000
1170.0,2,2,2,Metro City,Semi-Furnished,2,Good,6200000
2200.0,4,4,0,Metro City,Fully Furnished,1,Good,23500000
1101.0,2,2,16,Metro City,Semi-Furnished,2,Excellent,5000000
1103.0,2,2,0,Metro City,Fully Furnished,2,Excellent,5500000
2500.0,3,4,20,Metro City,Unfurnished,1,Excellent,6500000
2000.0,3,3,3,Metro City,Semi-Furnished,1,Good,20000000
1258.0,2,2,3,Metro City,Fully Furnished,0,Excellent,6350000
1101.0,2,2,14,Metro City,Unfurnished,2,Excellent,6550000
1250.0,5,5,6,Metro City,Semi-Furnished,1,Poor,30000000
1650.0,3,3,8,Metro City,Unfurnished,1,Good,9500000
1583.0,3,3,7,Metro City,Fully Furnished,1,Good,7450000
1840.0,2,1,8,Rural Area,Semi-Furnished,3,Good,1550000
1187.0,2,2,4,Rural Area,Semi-Furnished,1,Good,500000
4550.0,4,2,14,Tier-1 City,Semi-Furnished,1,Poor,18250000
1200.0,3,3,17,Metro City,Unfurnished,3,Good,6850000
1929.0,3,3,8,Metro City,Semi-Furnished,1,Good,11500000
682.0,3,2,9,Metro City,Semi-Furnished,1,Good,13000000
1200.0,2,2,25,Metro City,Semi-Furnished,2,Good,7000000
1426.0,3,3,4,Metro City,Semi-Furnished,0,Good,8500000
1773.5,3,3,5,Metro City,Unfurnished,2,Excellent,10300000
585.0,1,1,3,Metro City,Unfurnished,1,Poor,2100000
1464.0,2,2,9,Metro City,Unfurnished,1,Excellent,5600000
2100.0,3,3,10,Metro City,Unfurnished,2,Good,13000000
1000.0,2,2,4,Metro City,Fully Furnished,0,Excellent,6000000
1236.0,2,2,11,Metro City,Unfurnished,1,Excellent,5000000
1100.0,2,2,10,Metro City,Unfurnished,1,Excellent,5500000
1046.0,2,2,3,Tier-1 City,Unfurnished,2,Excellent,2800000
1500.0,5,5,14,Metro City,Semi-Furnished,2,Good,21000000
1225.0,2,2,18,Metro City,Unfurnished,0,Excellent,5500000
1184.0,2,2,7,Metro City,Unfurnished,1,Excellent,5300000
1545.0,3,3,16,Metro City,Semi-Furnished,1,Excellent,6900000
1600.0,3,3,9,Metro City,Unfurnished,1,Excellent,11200000
1100.0,3,3,1,Metro City,Fully Furnished,1,Good,5800000
1219.0,2,2,10,Metro City,Semi-Furnished,0,Good,6100000
1496.0,3,2,1,Metro City,Fully Furnished,1,Excellent,71800000
1697.0,3,3,2,Metro City,Semi-Furnished,1,Excellent,11000000
1200.0,2,2,16,Metro City,Semi-Furnished,1,Poor,6250000
1897.0,3,3,1,Metro City,Semi-Furnished,1,Good,13000000
1246.0,2,2,16,Rural Area,Unfurnished,3,Good,1650000
1140.0,2,2,20,Metro City,Fully Furnished,2,Good,5050000
1100.0,2,2,2,Tier-1 City,Semi-Furnished,1,Excellent,2050000
1000.0,4,4,3,Metro City,Unfurnished,0,Excellent,9000000
2000.0,4,4,11,Metro City,Semi-Furnished,1,Good,13000000
1216.0,2,2,9,Metro City,Semi-Furnished,2,Good,6000000
1290.0,2,2,7,Tier-2 City,Unfurnished,2,Good,5250000
1050.0,2,2,0,Metro City,Semi-Furnished,0,Excellent,4200000
1200.0,5,5,13,Metro City,Fully Furnished,2,Good,18000000
4300.0,4,5,11,Tier-1 City,Unfurnished,1,Excellent,37650000
2400.0,4,3,6,Tier-2 City,Unfurnished,1,Excellent,8650000
1667.0,3,3,17,Metro City,Unfurnished,1,Good,13000000
1462.0,3,3,6,Metro City,Fully Furnished,1,Excellent,7100000
1000.0,2,2,2,Metro City,Semi-Furnished,2,Good,9700000
4750.0,4,6,13,Metro City,Semi-Furnished,2,Good,110200000
1116.0,2,2,3,Metro City,Semi-Furnished,1,Poor,5200000
1308.0,2,2,15,Metro City,Fully Furnished,2,Excellent,9250000
671.0,1,1,14,Metro City,Semi-Furnished,1,Poor,3700000
1350.0,3,3,4,Tier-1 City,Semi-Furnished,1,Good,4650000
1150.0,2,2,13,Metro City,Unfurnished,1,Good,5600000
4382.0,4,4,0,Tier-1 City,Fully Furnished,0,Good,26100000
1200.0,2,2,12,Metro City,Fully Furnished,0,Excellent,3600000
3122.0,4,6,13,Metro City,Semi-Furnished,3,Excellent,23000000
1575.0,3,3,2,Tier-1 City,Semi-Furnished,1,Excellent,3500000
1350.0,2,1,16,Tier-1 City,Unfurnished,2,Good,5700000
1200.0,2,2,0,Metro City,Semi-Furnished,0,Good,6200000
1080.0,4,4,5,Metro City,Semi-Furnished,2,Good,7500000
1820.0,3,3,1,Metro City,Fully Furnished,0,Good,9500000
1215.0,2,2,17,Metro City,Fully Furnished,1,Good,6200000
1677.0,3,3,10,Metro City,Fully Furnished,1,Excellent,9800000
1080.0,3,2,13,Metro City,Fully Furnished,1,Good,6000000
1397.0,3,3,2,Metro City,Semi-Furnished,3,Good,10800000
540.0,1,1,24,Tier-2 City,Fully Furnished,1,Good,1650000
1125.0,2,2,13,Metro City,Semi-Furnished,2,Poor,2800000
1665.0,3,3,13,Metro City,Semi-Furnished,2,Excellent,8700000
1664.0,4,4,16,Metro City,Fully Furnished,0,Good,6500000
2600.0,3,3,10,Metro City,Semi-Furnished,1,Good,19900000
1290.0,3,2,13,Metro City,Semi-Furnished,0,Excellent,5600000
1100.0,2,2,8,Metro City,Unfurnished,1,Good,4300000
1760.0,3,2,10,Metro City,Fully Furnished,2,Poor,11600000
600.0,4,3,10,Rural Area,Unfurnished,2,Poor,1200000
1051.0,2,2,22,Metro City,Unfurnished,1,Excellent,6100000
1060.0,2,2,4,Rural Area,Fully Furnished,1,Good,500000
2600.0,4,4,2,Metro City,Fully Furnished,2,Poor,26000000
1216.0,2,2,21,Tier-2 City,Semi-Furnished,0,Excellent,2800000
1079.0,2,2,11,Metro City,Unfurnished,1,Good,3250000
994.0,2,2,13,Metro City,Fully Furnished,1,Good,4500000
5000.0,4,5,0,Metro City,Semi-Furnished,2,Good,55000000
920.0,4,2,6,Tier-2 City,Semi-Furnished,2,Good,3250000
790.0,2,2,0,Metro City,Unfurnished,1,Good,4950000
1300.0,7,4,2,Tier-1 City,Semi-Furnished,2,Good,3900000
1500.0,3,2,22,Metro City,Fully Furnished,2,Good,7000000
1027.0,2,2,25,Rural Area,Unfurnished,1,Good,550000
410.0,1,1,16,Tier-1 City,Unfurnished,0,Excellent,750000
1200.0,4,4,8,Metro City,Semi-Furnished,0,Good,21500000
1243.0,2,2,8,Metro City,Unfurnished,1,Good,4500000
1455.0,2,2,7,Metro City,Unfurnished,2,Excellent,6900000
990.0,2,2,1,Rural Area,Semi-Furnished,1,Good,500000
2010.0,3,3,21,Metro City,Unfurnished,2,Excellent,9100000
1335.0,2,2,4,Metro City,Unfurnished,1,Good,7300000
1464.0,3,3,22,Metro City,Unfurnished,1,Excellent,5600000
1600.0,4,3,24,Metro City,Semi-Furnished,1,Excellent,17200000
3730.0,4,6,9,Metro City,Semi-Furnished,2,Good,43000000
2415.0,3,3,15,Metro City,Semi-Furnished,3,Good,39900000
1320.0,3,2,13,Metro City,Semi-Furnished,0,Excellent,3800000
3198.0,4,4,10,Metro City,Unfurnished,0,Good,20000000
1354.0,2,2,8,Metro City,Unfurnished,1,Good,7100000
1842.0,3,3,17,Metro City,Unfurnished,1,Excellent,11500000
1650.0,3,2,4,Metro City,Semi-Furnished,1,Poor,7500000
2000.0,4,5,6,Rural Area,Unfurnished,1,Poor,1050000
1840.0,3,3,2,Metro City,Fully Furnished,2,Good,9800000
1420.0,3,2,10,Metro City,Unfurnished,0,Excellent,6000000
850.0,2,2,0,Metro City,Semi-Furnished,2,Good,4200000
1950.0,3,3,0,Tier-2 City,Semi-Furnished,2,Poor,4400000
2475.0,3,4,22,Metro City,Fully Furnished,1,Good,30000000
960.0,2,2,14,Metro City,Semi-Furnished,3,Excellent,5500000
1625.0,3,3,1,Metro City,Fully Furnished,0,Excellent,9500000
960.0,2,2,1,Metro City,Unfurnished,1,Good,5000000
1025.0,2,2,9,Metro City,Fully Furnished,0,Excellent,4600000
3005.0,4,5,15,Metro City,Semi-Furnished,0,Excellent,27500000
1140.0,2,2,6,Metro City,Unfurnished,0,Poor,4600000
855.0,2,2,3,Metro City,Fully Furnished,0,Good,3200000
1026.0,2,2,11,Tier-2 City,Unfurnished,2,Good,2650000
2758.0,4,4,5,Metro City,Fully Furnished,1,Good,24000000
1200.0,4,4,3,Metro City,Unfurnished,1,Good,8500000
500.0,1,1,13,Metro City,Semi-Furnished,1,Good,2500000
1800.0,3,3,10,Metro City,Unfurnished,2,Good,13000000
1530.0,3,3,0,Metro City,Unfurnished,0,Excellent,7700000
1800.0,3,3,9,Metro City,Fully Furnished,2,Good,25200000
1853.0,3,3,0,Metro City,Semi-Furnished,1,Poor,8200000
1205.0,2,2,13,Metro City,Unfurnished,1,Good,6300000
1296.0,2,2,3,Tier-2 City,Unfurnished,2,Good,2600000
1440.0,3,2,9,Metro City,Semi-Furnished,2,Poor,6400000
1187.0,2,2,20,Metro City,Unfurnished,0,Good,5800000
1553.0,3,3,10,Metro City,Unfurnished,0,Good,8300000
1050.0,2,2,5,Metro City,Semi-Furnished,2,Poor,3500000
1200.0,7,7,6,Metro City,Semi-Furnished,2,Poor,16900000
1250.0,3,2,15,Metro City,Unfurnished,2,Good,5000000
1500.0,2,2,0,Metro City,Semi-Furnished,0,Good,7500000
1476.0,3,3,0,Metro City,Unfurnished,3,Poor,12500000
1856.0,3,3,4,Metro City,Unfurnished,2,Good,10600000
1110.0,2,2,4,Metro City,Fully Furnished,1,Excellent,5300000
1843.0,3,3,12,Metro City,Semi-Furnished,1,Excellent,8200000
1855.0,3,3,2,Tier-1 City,Unfurnished,1,Good,8500000
950.0,2,2,15,Metro City,Semi-Furnished,1,Good,5500000
1050.0,1,1,7,Tier-1 City,Semi-Furnished,1,Excellent,5150000
970.0,2,2,9,Metro City,Fully Furnished,1,Good,5700000
1720.0,3,3,4,Tier-1 City,Semi-Furnished,1,Poor,5300000
2181.0,4,3,6,Metro City,Unfurnished,1,Good,15200000
1040.0,2,2,14,Metro City,Semi-Furnished,1,Good,4150000
3090.0,4,4,22,Tier-2 City,Fully Furnished,0,Good,12350000
2099.0,3,3,4,Metro City,Unfurnished,1,Excellent,9500000
1904.0,3,3,23,Metro City,Unfurnished,2,Excellent,12900000
1520.0,3,2,8,Metro City,Fully Furnished,1,Good,9600000
1740.0,4,4,16,Tier-2 City,Semi-Furnished,1,Excellent,7800000
1900.0,3,3,14,Metro City,Semi-Furnished,1,Good,15000000
475.0,1,1,3,Rural Area,Unfurnished,1,Excellent,500000
1299.0,2,2,0,Metro City,Unfurnished,2,Good,8950000
1250.0,3,2,2,Metro City,Semi-Furnished,1,Good,5500000
1255.0,2,2,4,Tier-1 City,Semi-Furnished,2,Good,3400000
981.0,2,2,15,Metro City,Semi-Furnished,1,Good,3750000
1290.0,2,2,1,Metro City,Fully Furnished,1,Good,8700000
2500.0,3,3,13,Tier-1 City,Semi-Furnished,1,Good,11950000
4000.0,4,4,12,Metro City,Fully Furnished,0,Good,20000000
1320.0,4,4,5,Tier-1 City,Semi-Furnished,2,Good,14600000
1215.0,3,2,8,Tier-1 City,Fully Furnished,1,Good,3300000
1375.0,2,2,9,Metro City,Semi-Furnished,0,Excellent,10500000
1140.0,2,2,4,Metro City,Fully Furnished,0,Poor,5700000
1606.0,3,3,16,Metro City,Unfurnished,0,Good,8950000
907.0,2,2,1,Metro City,Semi-Furnished,2,Good,3800000
4111.0,4,4,4,Rural Area,Fully Furnished,2,Good,3950000
600.0,2,2,8,Metro City,Semi-Furnished,2,Good,2950000
1050.0,2,2,16,Rural Area,Semi-Furnished,1,Good,1100000
1332.0,2,2,5,Metro City,Fully Furnished,0,Poor,10800000
1500.0,4,3,10,Metro City,Fully Furnished,0,Good,23500000
640.0,1,1,5,Metro City,Semi-Furnished,1,Poor,5500000
1127.0,2,2,15,Tier-1 City,Unfurnished,0,Excellent,2250000
1200.0,5,5,3,Tier-1 City,Semi-Furnished,1,Excellent,13700000
1128.0,2,2,18,Metro City,Unfurnished,2,Poor,4500000
1920.0,3,3,13,Metro City,Unfurnished,1,Excellent,13000000
4800.0,8,8,16,Metro City,Semi-Furnished,2,Good,22500000
1140.0,2,2,21,Metro City,Fully Furnished,1,Good,4600000
560.0,1,1,10,Metro City,Unfurnished,2,Good,2100000
824.0,2,2,4,Rural Area,Unfurnished,0,Good,750000
1097.0,2,2,6,Metro City,Unfurnished,1,Excellent,6500000
1200.0,2,2,11,Metro City,Unfurnished,2,Good,4500000
1161.0,2,2,16,Metro City,Unfurnished,2,Excellent,5900000
4000.0,4,4,8,Metro City,Unfurnished,0,Excellent,110000000
1300.0,2,2,0,Metro City,Unfurnished,0,Good,5000000
1200.0,6,6,14,Metro City,Semi-Furnished,1,Excellent,10000000
1200.0,4,5,20,Metro City,Semi-Furnished,1,Good,32500000
952.0,2,2,1,Metro City,Fully Furnished,3,Good,4900000
1000.0,2,2,3,Metro City,Unfurnished,1,Good,2900000
1530.0,3,3,17,Metro City,Fully Furnished,2,Good,5700000
1419.0,2,2,9,Metro City,Semi-Furnished,1,Excellent,4800000
2400.0,8,9,2,Metro City,Semi-Furnished,1,Excellent,35000000
1385.0,3,2,14,Tier-2 City,Unfurnished,0,Good,1600000
1756.0,3,3,6,Metro City,Semi-Furnished,2,Good,13400000
1850.0,3,3,19,Tier-1 City,Semi-Furnished,1,Excellent,9600000
1745.0,3,3,5,Metro City,Unfurnished,0,Good,9850000
2400.0,4,5,5,Tier-1 City,Fully Furnished,0,Excellent,10100000
911.0,2,2,18,Metro City,Semi-Furnished,1,Excellent,2650000
1200.0,4,5,5,Metro City,Semi-Furnished,0,Good,32500000
1610.0,3,3,11,Metro City,Fully Furnished,1,Good,11500000
1230.0,2,2,19,Metro City,Semi-Furnished,1,Good,5700000
1035.0,2,2,21,Metro City,Semi-Furnished,0,Good,5150000
1019.0,2,2,12,Tier-2 City,Unfurnished,1,Good,2400000
1215.0,2,2,5,Metro City,Fully Furnished,2,Excellent,4000000
1259.0,2,2,17,Metro City,Unfurnished,1,Good,5700000
1500.0,2,2,3,Metro City,Unfurnished,2,Good,6900000
2800.0,7,7,8,Metro City,Fully Furnished,3,Good,25000000
400.0,5,5,1,Metro City,Unfurnished,0,Poor,20000000
1140.0,2,2,5,Metro City,Semi-Furnished,1,Poor,3200000
995.0,2,2,14,Metro City,Semi-Furnished,2,Excellent,5000000
1350.0,3,2,7,Rural Area,Unfurnished,3,Poor,700000
5720.0,3,3,0,Metro City,Semi-Furnished,1,Good,35000000
3181.0,4,4,0,Metro City,Unfurnished,1,Good,26050000
1111.0,2,2,7,Metro City,Unfurnished,2,Good,4200000
2150.0,4,3,5,Rural Area,Fully Furnished,2,Good,1250000
1485.0,3,2,2,Metro City,Unfurnished,0,Excellent,15600000
861.0,2,2,13,Metro City,Fully Furnished,0,Good,3500000
1400.0,3,3,7,Tier-2 City,Unfurnished,1,Excellent,2500000
1740.0,3,3,25,Metro City,Unfurnished,1,Good,8000000
800.0,2,1,2,Metro City,Unfurnished,1,Poor,3000000
900.0,2,2,10,Metro City,Semi-Furnished,3,Good,9000000
1750.0,3,3,20,Metro City,Semi-Furnished,1,Good,8650000
1280.0,2,2,2,Tier-2 City,Semi-Furnished,1,Good,2150000
1440.0,2,2,0,Metro City,Unfurnished,2,Good,9500000
1140.0,2,2,24,Metro City,Fully Furnished,1,Good,4100000
740.0,4,2,11,Metro City,Semi-Furnished,2,Good,2450000
1200.0,2,2,10,Metro City,Semi-Furnished,0,Excellent,3800000
2145.0,3,3,2,Metro City,Unfurnished,2,Good,12500000
615.0,1,1,2,Metro City,Semi-Furnished,1,Excellent,2850000
1752.0,3,3,5,Metro City,Semi-Furnished,2,Excellent,10500000
1350.0,5,5,3,Metro City,Fully Furnished,1,Good,12000000
1491.0,3,3,11,Metro City,Unfurnished,0,Excellent,4050000
1005.0,2,2,14,Metro City,Semi-Furnished,1,Poor,4000000
1000.0,2,2,17,Tier-1 City,Unfurnished,1,Excellent,2300000
1558.67,3,2,9,Metro City,Unfurnished,2,Excellent,6500000
1350.0,1,1,22,Tier-2 City,Unfurnished,1,Good,6450000
1639.0,3,3,4,Metro City,Unfurnished,2,Excellent,12900000
1161.0,2,2,16,Metro City,Unfurnished,1,Good,5500000
1200.0,3,3,16,Metro City,Unfurnished,2,Excellent,15000000
2663.0,3,4,13,Metro City,Fully Furnished,0,Good,33800000
2732.0,4,4,20,Metro City,Fully Furnished,1,Good,19400000
1550.0,3,2,18,Metro City,Fully Furnished,1,Excellent,7000000
1022.0,2,2,6,Metro City,Semi-Furnished,2,Poor,5200000
6136.0,4,4,8,Rural Area,Semi-Furnished,1,Good,5300000
940.0,2,2,8,Metro City,Unfurnished,0,Poor,4900000
2100.0,4,6,9,Metro City,Unfurnished,2,Good,25200000
950.0,2,2,22,Tier-1 City,Fully Furnished,0,Good,2400000
4818.0,4,4,10,Metro City,Unfurnished,3,Excellent,39000000
1537.0,3,3,12,Metro City,Semi-Furnished,2,Good,11000000
1200.0,3,2,0,Metro City,Semi-Furnished,1,Good,19000000
1300.0,3,2,3,Tier-2 City,Semi-Furnished,0,Good,2600000
1575.0,3,4,11,Metro City,Unfurnished,2,Good,10000000
1321.0,3,2,1,Metro City,Fully Furnished,1,Good,4000000
726.0,2,2,16,Metro City,Fully Furnished,1,Excellent,3500000
1760.0,3,3,18,Metro City,Unfurnished,1,Excellent,13900000
1464.0,2,2,19,Metro City,Semi-Furnished,0,Good,5600000
1200.0,4,4,10,Tier-2 City,Unfurnished,0,Good,3350000
1200.0,2,2,2,Metro City,Semi-Furnished,0,Excellent,7500000
1635.0,3,3,1,Tier-2 City,Unfurnished,1,Poor,2400000
1290.0,2,2,3,Metro City,Semi-Furnished,2,Poor,8000000
1560.0,3,2,23,Metro City,Fully Furnished,1,Excellent,6500000
600.0,4,4,1,Metro City,Unfurnished,1,Good,8000000
1555.0,3,2,12,Metro City,Unfurnished,2,Good,8200000
1578.0,3,3,0,Metro City,Fully Furnished,2,Excellent,7400000
1152.0,2,2,4,Metro City,Semi-Furnished,0,Good,6900000
1495.0,3,2,17,Metro City,Semi-Furnished,2,Good,6500000
1620.0,3,2,6,Metro City,Semi-Furnished,2,Good,8500000
2503.0,3,3,3,Metro City,Unfurnished,2,Good,13800000
940.0,2,2,0,Metro City,Fully Furnished,3,Good,4900000
2182.0,3,3,12,Tier-2 City,Unfurnished,0,Excellent,2150000
1020.0,2,2,6,Rural Area,Semi-Furnished,1,Excellent,500000
919.0,2,2,15,Metro City,Semi-Furnished,2,Excellent,4000000
2400.0,3,2,7,Metro City,Unfurnished,2,Good,36000000
1020.0,2,2,7,Metro City,Semi-Furnished,0,Good,4600000
1117.0,2,2,11,Metro City,Semi-Furnished,1,Good,5600000
610.0,6,4,6,Metro City,Unfurnished,1,Good,9500000
1400.0,3,2,8,Metro City,Unfurnished,1,Good,4800000
1145.0,2,2,15,Metro City,Fully Furnished,1,Excellent,6200000
935.0,2,2,7,Metro City,Unfurnished,3,Good,4500000
552.0,1,1,10,Metro City,Semi-Furnished,1,Poor,2350000
4278.0,7,7,4,Metro City,Unfurnished,2,Excellent,29900000
1400.0,3,2,0,Metro City,Semi-Furnished,1,Good,4050000
1200.0,3,2,2,Rural Area,Semi-Furnished,1,Good,900000
1215.0,2,2,13,Metro City,Semi-Furnished,2,Good,4300000
1162.0,2,2,19,Metro City,Semi-Furnished,1,Good,9900000
600.0,2,2,1,Metro City,Semi-Furnished,1,Excellent,3900000
2475.0,3,4,6,Metro City,Fully Furnished,0,Good,33700000
1936.0,3,3,1,Tier-1 City,Unfurnished,1,Good,8150000
1350.0,3,3,15,Metro City,Unfurnished,1,Good,7200000
1320.0,2,2,4,Metro City,Fully Furnished,1,Good,9500000
1230.0,2,2,2,Metro City,Semi-Furnished,1,Poor,8000000
1180.0,2,2,15,Metro City,Fully Furnished,0,Good,7000000
1570.0,3,3,8,Metro City,Semi-Furnished,2,Good,11500000
1150.0,3,2,6,Tier-1 City,Fully Furnished,2,Good,2750000
1762.0,3,3,4,Metro City,Fully Furnished,1,Excellent,10900000
600.0,4,3,1,Metro City,Semi-Furnished,1,Good,6200000
500.0,1,1,10,Metro City,Semi-Furnished,1,Good,1750000
9600.0,5,6,18,Tier-1 City,Fully Furnished,3,Good,131150000
1200.0,2,1,16,Metro City,Unfurnished,1,Excellent,5400000
1146.0,2,2,8,Metro City,Unfurnished,0,Poor,3950000
1069.0,3,3,8,Rural Area,Semi-Furnished,0,Good,1100000
780.0,2,2,12,Metro City,Semi-Furnished,1,Good,3500000
1060.0,2,2,19,Metro City,Semi-Furnished,0,Poor,4250000
950.0,2,2,18,Metro City,Unfurnished,1,Excellent,5800000
1500.0,2,2,17,Metro City,Unfurnished,1,Good,5700000
1108.0,2,2,11,Metro City,Fully Furnished,1,Good,6650000
1475.0,3,2,10,Tier-2 City,Unfurnished,1,Good,2850000
525.0,4,5,7,Metro City,Unfurnished,1,Poor,5600000
1040.0,2,2,11,Metro City,Unfurnished,1,Good,3700000
1090.0,2,2,9,Metro City,Semi-Furnished,1,Excellent,4800000
1639.0,3,3,4,Metro City,Semi-Furnished,0,Good,9850000
1350.0,3,3,5,Metro City,Fully Furnished,2,Poor,5800000
1400.0,3,2,0,Metro City,Unfurnished,2,Good,5500000
1344.0,2,2,17,Tier-2 City,Fully Furnished,1,Excellent,4850000
800.0,2,2,18,Metro City,Semi-Furnished,1,Good,2500000
1082.0,3,3,4,Metro City,Unfurnished,1,Excellent,5000000
1260.0,2,2,10,Metro City,Unfurnished,0,Poor,6750000
550.0,1,1,5,Metro City,Fully Furnished,1,Good,2300000
1798.0,3,3,21,Metro City,Fully Furnished,1,Good,15000000
1255.0,2,2,2,Metro City,Semi-Furnished,0,Good,6550000
1230.0,2,2,9,Metro City,Semi-Furnished,2,Poor,6500000
1893.0,3,3,4,Tier-2 City,Unfurnished,1,Good,5450000
5924.0,4,4,16,Metro City,Fully Furnished,2,Good,62500000
800.0,2,2,7,Tier-1 City,Fully Furnished,1,Good,5650000
2400.0,3,3,6,Metro City,Semi-Furnished,1,Good,8500000
3350.0,3,3,4,Tier-2 City,Unfurnished,2,Good,4900000
2665.0,4,5,25,Metro City,Unfurnished,2,Good,12500000
1200.0,3,3,7,Metro City,Unfurnished,1,Good,8500000
1862.0,3,3,2,Metro City,Unfurnished,2,Good,12500000
1475.0,3,2,9,Rural Area,Semi-Furnished,2,Good,600000
1220.0,2,2,16,Metro City,Unfurnished,1,Good,5700000
1250.0,2,2,21,Metro City,Fully Furnished,1,Poor,6500000
1724.0,3,3,1,Rural Area,Fully Furnished,0,Good,2250000
1440.0,3,2,5,Tier-1 City,Semi-Furnished,3,Good,4900000
1232.0,2,2,17,Metro City,Unfurnished,1,Good,6950000
1050.0,2,2,2,Metro City,Semi-Furnished,2,Good,6700000
980.0,2,2,11,Tier-1 City,Semi-Furnished,1,Good,2050000
1000.0,2,2,2,Tier-1 City,Semi-Furnished,0,Poor,3400000
1611.0,3,3,12,Metro City,Fully Furnished,1,Good,6600000
1033.0,3,2,1,Metro City,Fully Furnished,0,Poor,3150000
1400.0,2,2,13,Metro City,Unfurnished,1,Good,10800000
1935.0,3,4,24,Metro City,Semi-Furnished,1,Good,13000000
1176.0,3,2,24,Metro City,Unfurnished,1,Good,3750000
1425.0,3,2,5,Metro City,Semi-Furnished,0,Good,7500000
1090.0,1,2,19,Metro City,Unfurnished,2,Excellent,3150000
1180.0,2,2,15,Tier-1 City,Semi-Furnished,1,Excellent,3150000
1170.0,2,2,21,Metro City,Semi-Furnished,2,Good,4400000
1275.0,3,2,4,Metro City,Unfurnished,2,Good,4150000
1450.0,3,2,15,Tier-2 City,Fully Furnished,1,Poor,1700000
1000.0,2,2,1,Tier-2 City,Unfurnished,0,Poor,1150000
904.0,2,2,16,Metro City,Semi-Furnished,2,Good,3000000
1660.0,3,3,1,Metro City,Semi-Furnished,1,Good,12500000
1200.0,7,6,5,Rural Area,Unfurnished,1,Good,2750000
1844.0,3,3,3,Tier-1 City,Fully Furnished,1,Excellent,6150000
1207.0,2,2,0,Metro City,Unfurnished,3,Excellent,6200000
1325.0,3,2,3,Metro City,Semi-Furnished,2,Good,6000000
1820.0,3,3,5,Metro City,Semi-Furnished,0,Good,11300000
3170.0,4,5,12,Metro City,Unfurnished,2,Excellent,23000000
2020.0,3,3,8,Metro City,Unfurnished,1,Good,16000000
700.0,2,1,20,Tier-1 City,Semi-Furnished,1,Poor,1300000
1000.0,2,2,0,Metro City,Unfurnished,1,Poor,3400000
1300.0,2,2,9,Metro City,Unfurnished,1,Excellent,6900000
2200.0,4,4,1,Metro City,Unfurnished,0,Poor,19500000
2180.0,3,3,2,Metro City,Semi-Furnished,0,Good,24000000
1450.0,3,3,21,Metro City,Unfurnished,1,Excellent,4200000
1688.0,3,3,12,Tier-2 City,Unfurnished,0,Good,4900000
1246.0,2,2,13,Metro City,Fully Furnished,0,Good,6500000
850.0,2,2,1,Metro City,Semi-Furnished,1,Poor,4500000
2020.0,3,3,13,Metro City,Fully Furnished,1,Good,8500000
3565.0,4,4,0,Metro City,Unfurnished,2,Good,25500000
1161.0,2,2,15,Tier-1 City,Semi-Furnished,1,Good,4000000
4800.0,4,4,9,Metro City,Semi-Furnished,0,Excellent,19000000
2990.0,3,3,8,Metro City,Semi-Furnished,1,Good,17000000
1145.0,2,2,16,Metro City,Unfurnished,0,Good,4950000
1750.0,3,3,14,Rural Area,Unfurnished,1,Good,2850000
1225.0,2,2,24,Metro City,Unfurnished,1,Excellent,4800000
2900.0,3,3,12,Tier-1 City,Semi-Furnished,2,Poor,18800000
1082.0,3,2,6,Tier-1 City,Unfurnished,2,Good,2800000
1322.0,2,2,1,Tier-1 City,Semi-Furnished,1,Good,6000000
2774.0,4,4,20,Metro City,Fully Furnished,2,Good,20800000
381.0,1,1,4,Metro City,Semi-Furnished,2,Good,2800000
950.0,2,2,12,Metro City,Unfurnished,3,Good,4000000
1240.0,3,2,3,Metro City,Fully Furnished,0,Good,6200000
302.0,2,2,9,Metro City,Fully Furnished,0,Good,2500000
1240.0,2,2,18,Metro City,Semi-Furnished,1,Poor,6500000
1295.0,2,2,8,Metro City,Semi-Furnished,2,Excellent,6450000
1147.0,2,2,9,Metro City,Fully Furnished,1,Good,7500000
1063.0,2,2,11,Metro City,Unfurnished,2,Poor,3200000
1260.0,3,2,10,Metro City,Semi-Furnished,2,Excellent,5400000
3820.0,1,1,7,Metro City,Semi-Furnished,1,Poor,30600000
1312.5,3,3,16,Metro City,Fully Furnished,1,Poor,5100000
2100.0,4,3,3,Metro City,Semi-Furnished,2,Good,20400000
1046.0,2,2,9,Metro City,Semi-Furnished,2,Good,7500000
2400.0,4,3,10,Metro City,Fully Furnished,1,Good,10800000
1030.0,2,2,24,Tier-1 City,Semi-Furnished,1,Good,5250000
1020.0,2,2,21,Metro City,Fully Furnished,2,Poor,4700000
1200.0,4,4,13,Rural Area,Semi-Furnished,2,Good,2300000
1535.0,3,3,16,Metro City,Unfurnished,2,Excellent,7800000
1655.0,3,3,15,Metro City,Semi-Furnished,1,Good,9000000
1045.0,2,2,13,Metro City,Fully Furnished,2,Excellent,6000000
1251.0,2,2,4,Metro City,Semi-Furnished,0,Good,5000000
1660.0,3,3,5,Metro City,Fully Furnished,0,Good,8500000
630.0,2,1,7,Metro City,Semi-Furnished,2,Good,3500000
700.0,7,6,6,Tier-2 City,Unfurnished,1,Good,2950000
1810.0,3,4,7,Metro City,Fully Furnished,1,Good,14800000
1165.0,2,2,0,Metro City,Fully Furnished,1,Excellent,3050000
1900.0,3,3,8,Metro City,Semi-Furnished,1,Poor,15500000
1100.0,3,3,2,Metro City,Semi-Furnished,0,Excellent,5000000
1225.0,3,3,20,Metro City,Fully Furnished,2,Good,4500000
1482.0,3,3,1,Metro City,Unfurnished,1,Poor,6100000
1027.0,2,2,1,Metro City,Unfurnished,0,Good,4400000
950.0,2,2,16,Metro City,Unfurnished,3,Good,4000000
1080.0,2,2,14,Metro City,Semi-Furnished,1,Good,4500000
640.0,3,3,20,Metro City,Unfurnished,3,Good,4500000
1342.0,2,2,22,Metro City,Semi-Furnished,2,Good,7350000
1050.0,2,2,1,Metro City,Fully Furnished,1,Excellent,6500000
1150.0,8,9,9,Metro City,Unfurnished,1,Good,17000000
1130.0,3,2,2,Metro City,Fully Furnished,1,Excellent,4500000
1299.0,2,2,2,Metro City,Fully Furnished,1,Good,8500000
2050.0,3,3,2,Metro City,Semi-Furnished,2,Good,13500000
4400.0,3,3,1,Metro City,Fully Furnished,0,Excellent,90100000
1200.0,4,5,17,Metro City,Semi-Furnished,1,Poor,15000000
2400.0,5,5,20,Metro City,Unfurnished,3,Excellent,15000000
3381.0,6,6,15,Tier-1 City,Semi-Furnished,2,Good,15700000
2476.0,3,3,11,Metro City,Semi-Furnished,1,Excellent,33700000
1205.0,2,2,4,Metro City,Semi-Furnished,1,Poor,4100000
1100.0,3,3,2,Metro City,Unfurnished,2,Good,5300000
1600.0,3,3,2,Metro City,Semi-Furnished,0,Good,13000000
1560.0,3,3,25,Tier-2 City,Fully Furnished,1,Good,2850000
1464.0,3,3,1,Metro City,Fully Furnished,1,Good,5600000
880.0,2,2,22,Metro City,Fully Furnished,1,Good,5000000
711.0,1,1,8,Metro City,Unfurnished,1,Good,3600000
2400.0,4,3,13,Metro City,Semi-Furnished,0,Good,37000000
1185.0,2,2,20,Metro City,Semi-Furnished,0,Excellent,7500000
1200.0,4,4,4,Rural Area,Unfurnished,1,Good,2700000
1801.0,3,3,0,Metro City,Unfurnished,1,Good,14000000
1564.0,3,3,10,Metro City,Unfurnished,1,Good,10300000
2247.0,3,3,16,Metro City,Unfurnished,1,Good,14500000
1415.0,3,2,13,Tier-2 City,Fully Furnished,0,Good,1700000
1100.0,2,2,4,Metro City,Unfurnished,3,Good,7500000
1600.0,3,3,20,Metro City,Fully Furnished,2,Good,7900000
3122.0,4,6,22,Tier-2 City,Semi-Furnished,1,Good,9300000
1260.0,4,4,14,Metro City,Semi-Furnished,0,Good,6500000
1035.0,2,2,25,Metro City,Fully Furnished,1,Good,9000000
1360.0,3,2,6,Metro City,Semi-Furnished,0,Good,4750000
2000.0,3,3,3,Metro City,Semi-Furnished,0,Poor,25000000
1230.0,2,2,2,Tier-1 City,Semi-Furnished,1,Poor,6300000
1548.0,3,3,16,Metro City,Fully Furnished,0,Good,8950000
2008.0,3,3,7,Tier-1 City,Unfurnished,1,Good,13150000
1183.0,2,2,9,Metro City,Fully Furnished,1,Excellent,7950000
420.0,1,1,1,Metro City,Semi-Furnished,1,Good,1250000
1211.0,2,2,18,Tier-2 City,Fully Furnished,2,Good,2600000
1320.0,2,2,4,Metro City,Fully Furnished,2,Poor,9100000
1350.0,2,2,7,Metro City,Semi-Furnished,1,Good,9000000
2774.0,4,4,6,Metro City,Fully Furnished,1,Poor,19700000
995.0,2,2,2,Metro City,Fully Furnished,1,Good,4600000
915.0,2,2,20,Metro City,Fully Furnished,3,Good,3700000
1200.0,2,2,0,Metro City,Semi-Furnished,3,Excellent,4950000
1118.0,2,2,3,Metro City,Semi-Furnished,3,Poor,3000000
1520.0,3,2,7,Metro City,Semi-Furnished,3,Excellent,9600000
1580.0,3,3,19,Metro City,Semi-Furnished,1,Good,7300000
1341.0,2,2,18,Tier-1 City,Semi-Furnished,0,Excellent,4700000
1488.0,3,2,4,Metro City,Semi-Furnished,2,Good,6000000
1220.0,3,2,3,Metro City,Unfurnished,3,Good,3500000
1590.0,3,2,19,Metro City,Semi-Furnished,2,Good,13500000
1500.0,3,3,21,Metro City,Unfurnished,1,Excellent,10000000
2024.0,3,3,10,Metro City,Semi-Furnished,1,Poor,15700000
1030.0,2,2,13,Metro City,Fully Furnished,0,Good,4100000
1580.0,3,3,16,Metro City,Fully Furnished,1,Good,7200000
1550.0,3,3,8,Rural Area,Unfurnished,1,Excellent,750000
2792.0,4,4,8,Metro City,Unfurnished,1,Excellent,22000000
1246.0,2,2,1,Tier-2 City,Semi-Furnished,0,Excellent,2500000
2550.0,4,4,3,Metro City,Unfurnished,1,Good,14900000
645.0,1,1,25,Metro City,Unfurnished,1,Excellent,1650000
910.0,2,2,4,Metro City,Semi-Furnished,1,Good,4200000
1684.0,3,3,0,Metro City,Unfurnished,1,Good,12000000
1190.0,3,2,16,Metro City,Unfurnished,1,Poor,5700000
1520.0,3,2,5,Metro City,Fully Furnished,2,Good,6000000
1035.0,2,2,3,Metro City,Semi-Furnished,1,Poor,6000000
1174.0,2,2,10,Metro City,Unfurnished,2,Excellent,6900000
1100.0,3,3,3,Metro City,Fully Furnished,0,Poor,5300000
850.0,1,1,4,Metro City,Fully Furnished,1,Poor,6000000
1667.0,3,3,7,Metro City,Semi-Furnished,1,Good,9200000
1060.0,2,2,9,Metro City,Semi-Furnished,2,Good,5500000
1225.0,2,2,15,Metro City,Semi-Furnished,0,Poor,4700000
920.0,2,2,3,Metro City,Fully Furnished,0,Poor,4600000
2400.0,4,5,5,Metro City,Fully Furnished,0,Excellent,18000000
1274.0,2,2,22,Metro City,Semi-Furnished,0,Good,9000000
1120.0,2,2,11,Tier-2 City,Unfurnished,1,Good,2050000
1040.0,3,2,3,Metro City,Semi-Furnished,1,Excellent,10900000
662.0,1,1,15,Metro City,Unfurnished,2,Good,2900000
1440.0,3,2,14,Metro City,Semi-Furnished,3,Good,6200000
800.0,2,2,10,Metro City,Unfurnished,1,Good,3200000
1340.0,2,2,15,Metro City,Fully Furnished,2,Excellent,6650000
3205.0,4,5,12,Tier-1 City,Semi-Furnished,2,Poor,24500000
497.0,2,1,7,Metro City,Semi-Furnished,1,Good,1700000
1282.0,3,2,3,Metro City,Fully Furnished,1,Excellent,4900000
2378.0,3,3,1,Tier-2 City,Unfurnished,1,Good,12100000
664.0,1,1,5,Metro City,Semi-Furnished,0,Good,3550000
1622.0,3,2,8,Tier-2 City,Fully Furnished,0,Poor,2400000
1504.0,3,2,23,Metro City,Unfurnished,0,Good,10000000
1135.0,2,2,15,Tier-2 City,Unfurnished,0,Good,2450000
1125.0,2,2,12,Tier-1 City,Semi-Furnished,0,Good,4850000
1148.0,2,2,11,Tier-2 City,Semi-Furnished,2,Good,1800000
1120.0,2,2,1,Metro City,Fully Furnished,3,Good,5100000
720.0,3,3,3,Metro City,Fully Furnished,1,Poor,4800000
1460.0,3,3,10,Metro City,Fully Furnished,2,Good,7100000
905.0,2,2,3,Metro City,Semi-Furnished,2,Good,5500000
600.0,7,7,9,Metro City,Semi-Furnished,3,Poor,11000000
1500.0,1,1,14,Metro City,Semi-Furnished,1,Good,7500000
2360.0,4,3,9,Metro City,Unfurnished,1,Excellent,18500000
2500.0,4,4,6,Tier-1 City,Semi-Furnished,1,Good,7450000
1107.0,2,2,4,Metro City,Fully Furnished,1,Excellent,3300000
1450.0,3,3,4,Metro City,Semi-Furnished,2,Good,6100000
1800.0,7,5,22,Tier-1 City,Unfurnished,2,Excellent,4050000
973.0,2,2,2,Metro City,Fully Furnished,2,Good,5600000
1035.0,2,2,15,Metro City,Semi-Furnished,2,Excellent,3850000
1025.0,2,2,17,Metro City,Semi-Furnished,1,Good,4500000
1047.0,2,2,4,Tier-2 City,Semi-Furnished,1,Poor,2250000
1555.0,3,2,3,Rural Area,Unfurnished,1,Good,1100000
2850.0,3,4,5,Metro City,Unfurnished,1,Good,46000000
1533.0,3,3,14,Metro City,Unfurnished,1,Excellent,11500000
1200.0,2,2,8,Tier-2 City,Semi-Furnished,0,Good,3350000
4000.0,6,5,0,Metro City,Semi-Furnished,1,Excellent,54000000
1450.0,3,3,6,Metro City,Unfurnished,1,Good,5350000
2500.0,4,4,6,Tier-2 City,Unfurnished,2,Poor,5900000
1120.0,2,2,10,Metro City,Unfurnished,1,Good,4000000
755.0,1,1,24,Metro City,Unfurnished,0,Good,3000000
2266.0,3,3,15,Metro City,Semi-Furnished,2,Good,16900000
1141.0,2,2,2,Metro City,Unfurnished,2,Excellent,3850000
1240.0,3,3,8,Metro City,Fully Furnished,2,Good,4100000
2400.0,3,2,21,Rural Area,Unfurnished,2,Good,3950000
1197.0,2,2,16,Metro City,Fully Furnished,3,Good,7900000
1000.0,5,5,1,Metro City,Fully Furnished,0,Poor,14000000
1033.0,3,2,3,Tier-2 City,Unfurnished,0,Good,1350000
4830.0,4,5,0,Tier-1 City,Fully Furnished,2,Good,29750000
1045.0,2,2,1,Tier-1 City,Unfurnished,1,Poor,6950000
1300.0,2,2,5,Metro City,Fully Furnished,2,Poor,9150000
1300.0,2,2,2,Metro City,Unfurnished,1,Good,8000000
2378.0,3,3,1,Rural Area,Fully Furnished,1,Good,2800000
1010.0,2,2,4,Metro City,Semi-Furnished,1,Excellent,5000000
3216.0,4,4,2,Metro City,Semi-Furnished,2,Good,22600000
1427.0,3,2,10,Metro City,Semi-Furnished,1,Good,8500000
970.0,2,2,0,Tier-2 City,Unfurnished,1,Good,2000000
2900.0,4,4,0,Metro City,Unfurnished,1,Good,22500000
880.0,2,2,3,Metro City,Semi-Furnished,0,Good,4800000
1055.0,2,2,18,Metro City,Semi-Furnished,2,Good,7500000
1224.0,2,2,2,Metro City,Fully Furnished,0,Good,6700000
3000.0,8,8,5,Metro City,Semi-Furnished,0,Good,15000000
1400.0,3,3,0,Metro City,Unfurnished,3,Excellent,20000000
530.0,1,1,10,Metro City,Semi-Furnished,1,Excellent,1800000
1870.0,3,3,1,Metro City,Fully Furnished,1,Good,11000000
2145.0,3,3,22,Tier-1 City,Unfurnished,2,Good,11700000
1260.0,2,2,23,Metro City,Unfurnished,1,Good,3500000
984.0,2,2,0,Metro City,Fully Furnished,0,Good,5100000
712.0,4,2,5,Metro City,Semi-Furnished,1,Excellent,6750000
1800.0,7,7,11,Metro City,Semi-Furnished,1,Good,25000000
3420.0,4,3,13,Metro City,Unfurnished,1,Good,41000000
1692.0,3,3,19,Metro City,Fully Furnished,1,Good,10800000
3122.0,4,6,9,Tier-2 City,Fully Furnished,2,Excellent,10700000
1105.0,2,2,14,Rural Area,Semi-Furnished,1,Excellent,550000
462.0,3,3,3,Metro City,Unfurnished,3,Good,3800000
1419.0,3,3,0,Metro City,Semi-Furnished,0,Poor,8500000
1314.0,2,2,18,Metro City,Fully Furnished,1,Good,7800000
1100.0,2,2,15,Metro City,Unfurnished,0,Good,7500000
1680.0,3,3,15,Metro City,Semi-Furnished,3,Good,16000000
1645.0,3,3,4,Metro City,Fully Furnished,1,Good,11700000
1070.0,2,2,0,Metro City,Unfurnished,1,Good,4550000
1305.0,3,2,7,Metro City,Unfurnished,1,Excellent,5900000
967.0,2,2,16,Metro City,Semi-Furnished,1,Good,4800000
2200.0,3,2,15,Tier-1 City,Fully Furnished,2,Poor,7850000
1060.0,2,2,2,Metro City,Semi-Furnished,1,Good,6000000
3500.0,4,4,14,Tier-2 City,Unfurnished,2,Good,9000000
829.0,2,2,1,Metro City,Unfurnished,1,Good,2300000
1275.0,2,2,9,Metro City,Fully Furnished,1,Excellent,7600000
1459.0,3,2,6,Metro City,Fully Furnished,1,Poor,9500000
1150.0,2,2,7,Metro City,Unfurnished,1,Poor,5700000
1519.0,3,3,10,Metro City,Unfurnished,0,Excellent,6700000
3100.0,3,3,6,Metro City,Semi-Furnished,2,Good,40000000
875.0,3,3,3,Metro City,Fully Furnished,2,Good,11500000
2350.0,3,4,14,Metro City,Unfurnished,2,Good,16300000
787.0,2,2,11,Metro City,Semi-Furnished,3,Good,3100000
750.0,10,10,19,Tier-2 City,Semi-Furnished,1,Good,2550000
1250.0,4,4,19,Metro City,Fully Furnished,2,Good,13500000
1140.0,2,2,11,Metro City,Semi-Furnished,1,Excellent,7800000
1200.0,6,6,8,Metro City,Unfurnished,1,Poor,17000000
1001.0,2,2,20,Rural Area,Unfurnished,1,Good,500000
920.0,2,2,25,Metro City,Semi-Furnished,1,Good,3700000
935.0,2,2,15,Metro City,Semi-Furnished,1,Good,3500000
914.0,2,2,8,Metro City,Semi-Furnished,1,Good,4900000
2260.0,2,3,10,Metro City,Semi-Furnished,1,Excellent,9000000
3750.0,4,6,3,Metro City,Semi-Furnished,1,Poor,37500000
1180.0,2,2,1,Metro City,Semi-Furnished,0,Poor,4150000
1400.0,3,3,7,Metro City,Semi-Furnished,1,Good,6800000
1300.0,3,2,25,Tier-1 City,Fully Furnished,1,Good,4100000
890.0,2,2,8,Metro City,Fully Furnished,1,Good,3500000
1441.0,3,2,0,Tier-1 City,Semi-Furnished,0,Poor,5650000
940.0,2,2,16,Metro City,Fully Furnished,1,Good,4000000
960.0,4,2,11,Tier-1 City,Unfurnished,0,Good,8000000
1196.0,2,2,20,Metro City,Semi-Furnished,2,Good,5800000
580.0,1,1,14,Metro City,Fully Furnished,1,Good,2750000
1126.0,2,2,17,Tier-1 City,Semi-Furnished,3,Good,2950000
1109.0,2,2,9,Rural Area,Unfurnished,2,Excellent,500000
2180.0,3,3,14,Metro City,Semi-Furnished,2,Good,27300000
820.0,2,2,4,Metro City,Semi-Furnished,1,Good,3700000
2225.0,3,3,6,Rural Area,Semi-Furnished,0,Excellent,950000
1452.0,3,3,17,Tier-1 City,Unfurnished,2,Excellent,4900000
1365.0,3,3,18,Metro City,Fully Furnished,1,Good,8000000
1200.0,2,2,4,Metro City,Semi-Furnished,0,Excellent,3600000
2882.0,4,5,2,Metro City,Semi-Furnished,1,Good,20400000
1346.0,3,2,7,Metro City,Semi-Furnished,1,Good,10000000
1350.0,2,2,9,Metro City,Unfurnished,1,Good,11000000
1697.0,3,3,14,Rural Area,Unfurnished,1,Good,1450000
883.0,2,2,16,Metro City,Semi-Furnished,1,Poor,4500000
1075.0,2,2,5,Tier-2 City,Unfurnished,0,Good,1850000
1262.0,2,2,2,Metro City,Semi-Furnished,1,Good,4700000
600.0,2,3,8,Metro City,Semi-Furnished,0,Good,8500000
1125.0,3,4,1,Metro City,Unfurnished,3,Excellent,7000000
1050.0,1,1,7,Tier-2 City,Semi-Furnished,1,Excellent,2250000
2040.0,7,4,9,Metro City,Semi-Furnished,0,Good,12300000
1733.0,3,2,10,Metro City,Semi-Furnished,0,Excellent,8500000
1530.0,3,3,3,Tier-2 City,Semi-Furnished,1,Excellent,2900000
1075.0,3,2,1,Metro City,Semi-Furnished,1,Good,4500000
1703.0,3,3,21,Metro City,Unfurnished,1,Good,12500000
1850.0,3,3,15,Metro City,Fully Furnished,1,Good,17000000
883.0,2,2,1,Metro City,Semi-Furnished,1,Good,3900000
1050.0,4,6,1,Metro City,Semi-Furnished,1,Good,7400000
1070.0,2,2,8,Metro City,Fully Furnished,0,Good,5000000
1035.0,2,2,4,Metro City,Semi-Furnished,2,Good,3950000
1800.0,2,2,6,Metro City,Semi-Furnished,0,Good,30000000
1870.0,3,3,9,Metro City,Semi-Furnished,1,Good,9000000
1100.0,2,2,9,Metro City,Unfurnished,1,Good,6100000
3040.0,4,4,3,Metro City,Fully Furnished,1,Excellent,13500000
1665.0,3,3,14,Metro City,Semi-Furnished,1,Good,8800000
1426.0,3,2,3,Metro City,Unfurnished,0,Good,7100000
2450.0,4,4,3,Metro City,Semi-Furnished,2,Good,36800000
2400.0,6,8,5,Tier-1 City,Semi-Furnished,1,Excellent,30300000
1750.0,4,4,23,Tier-1 City,Semi-Furnished,1,Good,18650000
1415.0,3,2,0,Tier-2 City,Unfurnished,1,Good,2250000
1220.0,3,3,6,Metro City,Fully Furnished,2,Good,5800000
883.0,2,2,22,Metro City,Semi-Furnished,1,Good,3700000
1563.0,3,3,11,Metro City,Semi-Furnished,0,Excellent,5200000
1073.5,2,2,13,Metro City,Unfurnished,2,Poor,5400000
1370.0,3,2,6,Metro City,Fully Furnished,2,Excellent,6100000
1850.0,3,3,1,Metro City,Semi-Furnished,3,Good,11000000
1500.0,1,1,0,Metro City,Fully Furnished,0,Good,6000000
1560.0,4,4,3,Metro City,Semi-Furnished,1,Good,16000000
1450.0,3,3,15,Metro City,Semi-Furnished,1,Good,5600000
1078.0,2,2,4,Metro City,Semi-Furnished,0,Good,6500000
4000.0,4,4,1,Metro City,Semi-Furnished,1,Good,38000000
935.0,2,2,5,Metro City,Semi-Furnished,1,Good,4600000
4290.0,4,5,0,Metro City,Semi-Furnished,0,Excellent,62500000
1600.0,4,4,4,Metro City,Unfurnished,0,Good,4500000
750.0,4,4,0,Metro City,Fully Furnished,1,Poor,8800000
1205.0,2,2,9,Metro City,Fully Furnished,1,Good,6000000
1200.0,5,4,4,Metro City,Fully Furnished,2,Good,11500000
1200.0,2,2,23,Tier-2 City,Semi-Furnished,0,Good,1600000
1183.0,2,2,0,Metro City,Semi-Furnished,1,Excellent,5850000
984.0,2,2,25,Metro City,Semi-Furnished,2,Good,4600000
1250.0,2,2,2,Tier-2 City,Fully Furnished,1,Good,2600000
1092.0,2,2,10,Metro City,Semi-Furnished,1,Excellent,4900000
1645.0,3,3,4,Metro City,Unfurnished,1,Good,10000000
1215.0,2,2,4,Metro City,Semi-Furnished,1,Excellent,11000000
1186.0,2,2,14,Metro City,Semi-Furnished,0,Excellent,5800000
1800.0,3,3,23,Metro City,Fully Furnished,1,Good,9000000
1157.0,2,2,18,Metro City,Semi-Furnished,0,Good,8400000
1936.0,3,4,0,Metro City,Semi-Furnished,0,Poor,12600000
645.0,1,1,20,Metro City,Semi-Furnished,1,Excellent,1650000
1003.0,2,2,16,Metro City,Semi-Furnished,0,Good,4050000
1500.0,3,2,16,Metro City,Unfurnished,2,Poor,10800000
1060.0,2,2,9,Tier-2 City,Unfurnished,2,Good,2050000
1210.0,2,2,14,Metro City,Fully Furnished,2,Good,5800000
1297.0,2,2,13,Metro City,Semi-Furnished,3,Good,5000000
550.0,1,1,12,Metro City,Fully Furnished,0,Excellent,1200000
1530.0,3,2,6,Metro City,Semi-Furnished,0,Good,7450000
3204.0,3,4,10,Metro City,Fully Furnished,1,Good,39500000
808.0,2,2,8,Metro City,Semi-Furnished,2,Poor,4000000
1108.0,3,2,16,Metro City,Semi-Furnished,0,Poor,6000000
1000.0,3,4,1,Metro City,Unfurnished,1,Good,11000000
1861.0,3,3,4,Metro City,Unfurnished,2,Good,9200000
1283.0,2,2,10,Metro City,Fully Furnished,0,Excellent,6800000
1500.0,3,3,15,Metro City,Fully Furnished,1,Good,6500000
762.5,1,1,14,Metro City,Semi-Furnished,1,Good,4550000
1800.0,3,3,17,Metro City,Unfurnished,2,Poor,6000000
950.0,2,2,7,Metro City,Semi-Furnished,1,Good,3300000
1735.0,3,3,12,Metro City,Semi-Furnished,1,Good,7800000
1395.0,3,2,1,Metro City,Semi-Furnished,0,Good,7000000
778.0,2,2,8,Metro City,Unfurnished,0,Good,2550000
1800.0,3,3,23,Metro City,Fully Furnished,1,Good,8000000
1300.0,3,3,4,Metro City,Semi-Furnished,0,Good,6900000
1000.0,2,2,6,Metro City,Unfurnished,3,Good,3850000
5700.0,4,5,17,Metro City,Semi-Furnished,1,Excellent,65000000
1128.76,3,3,4,Tier-1 City,Unfurnished,2,Good,3500000
1200.0,5,5,3,Rural Area,Fully Furnished,1,Excellent,2900000
1225.0,3,3,20,Tier-2 City,Unfurnished,2,Good,1850000
1484.0,3,3,10,Metro City,Semi-Furnished,1,Good,7500000
1160.0,2,2,5,Metro City,Unfurnished,0,Good,4900000
1707.0,3,3,13,Metro City,Unfurnished,1,Excellent,11500000
2118.0,4,4,2,Metro City,Fully Furnished,3,Good,11100000
432.0,2,2,9,Metro City,Fully Furnished,1,Good,4000000
1500.0,3,3,8,Metro City,Unfurnished,0,Good,5100000
1200.0,3,3,8,Metro City,Fully Furnished,1,Excellent,7000000
1730.0,3,3,7,Metro City,Unfurnished,1,Excellent,17500000
902.0,2,2,12,Metro City,Fully Furnished,1,Good,4200000
1230.0,2,2,4,Tier-1 City,Unfurnished,0,Good,3300000
600.0,4,3,12,Tier-1 City,Unfurnished,2,Good,5400000
970.0,2,2,16,Metro City,Fully Furnished,1,Good,3500000
1300.0,3,2,0,Metro City,Fully Furnished,1,Good,5200000
818.0,2,2,0,Metro City,Unfurnished,0,Good,2600000
1120.0,2,2,1,Metro City,Fully Furnished,1,Good,3950000
600.0,6,5,18,Metro City,Unfurnished,0,Good,13000000
2400.0,3,3,17,Metro City,Semi-Furnished,0,Excellent,29000000
1416.0,2,2,15,Metro City,Semi-Furnished,0,Good,6700000
1485.0,3,3,12,Metro City,Fully Furnished,0,Good,11500000
525.0,1,1,11,Metro City,Semi-Furnished,1,Good,3000000
2650.0,3,4,5,Tier-2 City,Fully Furnished,2,Good,5900000
1000.0,2,2,15,Metro City,Semi-Furnished,1,Good,3400000
1050.0,2,2,5,Metro City,Semi-Furnished,2,Good,5000000
1330.0,3,2,24,Tier-1 City,Unfurnished,0,Good,3200000
1070.0,2,2,16,Tier-2 City,Unfurnished,2,Poor,2400000
1025.0,2,2,22,Metro City,Semi-Furnished,2,Good,5400000
1000.0,2,2,5,Metro City,Unfurnished,2,Good,5300000
1152.0,2,2,23,Metro City,Semi-Furnished,0,Excellent,5400000
1125.0,2,2,9,Metro City,Fully Furnished,1,Good,3250000
2440.0,4,5,0,Metro City,Semi-Furnished,0,Poor,42500000
1243.0,2,2,9,Metro City,Semi-Furnished,2,Good,4600000
711.0,1,1,0,Metro City,Unfurnished,1,Excellent,3800000
630.0,1,1,0,Metro City,Fully Furnished,1,Excellent,4000000
1490.0,3,2,0,Metro City,Unfurnished,2,Excellent,9800000
1050.0,2,2,7,Metro City,Semi-Furnished,2,Good,3700000
1350.0,1,1,7,Metro City,Unfurnished,1,Excellent,5500000
1027.0,2,2,1,Metro City,Semi-Furnished,2,Good,4400000
1117.0,2,2,22,Metro City,Semi-Furnished,0,Excellent,11000000
1075.0,2,2,0,Metro City,Semi-Furnished,1,Good,5250000
1200.0,2,3,16,Metro City,Semi-Furnished,1,Good,8000000
600.0,6,6,11,Metro City,Fully Furnished,1,Good,6500000
850.0,2,1,6,Metro City,Unfurnished,2,Good,1850000
1495.0,2,3,7,Tier-2 City,Semi-Furnished,1,Good,3550000
1010.0,2,2,9,Metro City,Semi-Furnished,1,Good,4050000
1500.0,8,7,4,Tier-1 City,Semi-Furnished,1,Poor,25050000
1310.0,2,2,0,Metro City,Fully Furnished,1,Good,5000000
1310.0,3,2,14,Metro City,Unfurnished,0,Good,5000000
475.0,1,1,3,Metro City,Semi-Furnished,1,Excellent,2600000
1200.0,2,2,5,Metro City,Unfurnished,2,Excellent,4600000
3200.0,3,4,6,Metro City,Fully Furnished,1,Excellent,35000000
780.0,3,3,0,Metro City,Unfurnished,1,Good,6200000
1075.0,2,2,2,Metro City,Unfurnished,2,Good,5350000
1486.0,3,3,17,Metro City,Fully Furnished,1,Good,8300000
1084.0,2,2,16,Metro City,Unfurnished,1,Poor,17900000
5400.0,4,4,15,Metro City,Unfurnished,0,Excellent,25000000
1550.0,3,2,6,Metro City,Unfurnished,1,Good,7350000
1075.0,2,2,0,Metro City,Semi-Furnished,1,Good,3000000
1311.0,2,2,7,Metro City,Semi-Furnished,1,Good,4800000
1600.0,3,3,0,Tier-2 City,Unfurnished,1,Poor,2400000
1350.0,3,2,12,Metro City,Semi-Furnished,2,Good,6800000
1065.0,2,2,3,Tier-2 City,Semi-Furnished,1,Good,1950000
8321.0,4,5,25,Metro City,Fully Furnished,1,Good,291200000
1233.0,2,2,15,Metro City,Semi-Furnished,2,Good,10000000
1100.0,2,2,7,Metro City,Fully Furnished,1,Good,7000000
1041.0,2,2,14,Metro City,Fully Furnished,2,Excellent,3650000
6000.0,4,5,12,Metro City,Fully Furnished,0,Good,40000000
400.0,1,1,2,Metro City,Unfurnished,1,Poor,1150000
6000.0,4,6,4,Metro City,Fully Furnished,1,Excellent,70000000
1200.0,2,2,5,Metro City,Fully Furnished,1,Good,3300000
1200.0,4,4,2,Metro City,Fully Furnished,1,Good,24000000
1200.0,2,2,10,Metro City,Fully Furnished,1,Good,13000000
600.0,7,4,3,Metro City,Fully Furnished,3,Excellent,10000000
420.0,2,1,4,Metro City,Fully Furnished,1,Good,2500000
1843.0,3,3,1,Metro City,Unfurnished,2,Good,9000000
1260.0,2,2,7,Metro City,Fully Furnished,2,Good,4650000
1200.0,2,2,1,Metro City,Semi-Furnished,1,Good,5900000
1320.0,3,3,4,Metro City,Unfurnished,1,Good,6500000
2350.0,5,2,12,Metro City,Fully Furnished,0,Excellent,42300000
2070.0,3,4,4,Metro City,Semi-Furnished,1,Poor,16000000
1425.0,2,2,3,Tier-1 City,Semi-Furnished,1,Good,6900000
1798.0,3,3,2,Tier-1 City,Unfurnished,1,Good,6350000
1145.0,2,2,6,Tier-1 City,Unfurnished,1,Good,2300000
3500.0,6,5,1,Rural Area,Unfurnished,2,Good,1550000
1155.0,2,2,20,Tier-1 City,Semi-Furnished,1,Excellent,2400000
785.0,1,1,12,Metro City,Fully Furnished,2,Good,5500000
1690.0,3,2,0,Tier-2 City,Unfurnished,1,Poor,2500000
1476.0,3,3,15,Metro City,Unfurnished,1,Excellent,12000000
1021.0,2,2,3,Metro City,Unfurnished,2,Poor,4600000
1050.0,2,2,0,Metro City,Unfurnished,0,Excellent,4300000
1100.0,2,2,3,Metro City,Unfurnished,1,Good,7150000
1166.0,2,2,0,Metro City,Unfurnished,1,Excellent,5500000
1151.0,2,2,14,Metro City,Semi-Furnished,1,Good,5050000
2400.0,5,4,9,Metro City,Semi-Furnished,1,Excellent,13000000
1200.0,4,4,10,Metro City,Fully Furnished,0,Good,9000000
1200.0,4,4,2,Metro City,Semi-Furnished,2,Good,11000000
1000.0,6,5,7,Tier-1 City,Semi-Furnished,1,Excellent,7250000
1140.0,2,2,21,Metro City,Fully Furnished,0,Good,3900000
1090.0,2,2,6,Metro City,Semi-Furnished,2,Excellent,5800000
976.0,2,2,3,Metro City,Unfurnished,2,Good,5000000
1127.0,2,2,19,Metro City,Fully Furnished,2,Poor,4500000
3500.0,4,6,5,Metro City,Unfurnished,1,Good,22500000
1326.0,2,2,5,Metro City,Semi-Furnished,0,Good,7800000
1000.0,2,2,2,Metro City,Fully Furnished,0,Good,5000000
1199.0,2,2,2,Metro City,Semi-Furnished,0,Good,8500000
1375.0,3,3,14,Metro City,Unfurnished,1,Good,7500000
1693.0,3,3,13,Tier-1 City,Unfurnished,1,Excellent,4200000
750.0,4,4,6,Metro City,Semi-Furnished,1,Good,6200000
1314.0,2,2,21,Metro City,Unfurnished,1,Good,22500000
1050.0,4,3,19,Metro City,Semi-Furnished,1,Good,8500000
1819.18,3,3,16,Metro City,Unfurnished,1,Good,16800000
915.0,2,2,3,Metro City,Semi-Furnished,1,Excellent,3200000
1069.0,2,2,16,Tier-1 City,Semi-Furnished,1,Good,3100000
440.0,3,3,11,Tier-2 City,Fully Furnished,2,Excellent,1650000
1527.0,3,3,12,Metro City,Semi-Furnished,1,Good,11500000
2790.0,4,4,5,Metro City,Semi-Furnished,0,Good,19800000
1596.0,3,3,1,Metro City,Fully Furnished,0,Excellent,10500000
1050.0,2,2,0,Metro City,Unfurnished,0,Good,5500000
1096.0,2,2,3,Metro City,Semi-Furnished,1,Good,3900000
1100.0,2,2,14,Metro City,Unfurnished,1,Good,5300000
1100.0,2,2,0,Tier-2 City,Unfurnished,0,Poor,1150000
1595.0,3,3,13,Metro City,Semi-Furnished,1,Excellent,11000000
2400.0,6,4,0,Tier-1 City,Unfurnished,1,Excellent,27850000
1400.0,3,2,0,Metro City,Semi-Furnished,1,Good,4050000
1230.0,2,2,0,Metro City,Fully Furnished,1,Good,6800000
1800.0,3,3,9,Metro City,Unfurnished,0,Good,9500000
1223.0,3,2,5,Metro City,Fully Furnished,1,Poor,4300000
1200.0,2,2,19,Metro City,Semi-Furnished,1,Excellent,4700000
3950.0,4,4,2,Tier-1 City,Semi-Furnished,1,Excellent,30800000
1500.0,3,3,6,Metro City,Semi-Furnished,3,Excellent,12100000
1200.0,3,2,2,Tier-1 City,Unfurnished,1,Good,5050000
1200.0,2,2,7,Metro City,Unfurnished,1,Good,5500000
936.0,2,2,6,Rural Area,Unfurnished,2,Excellent,550000
2650.0,4,4,9,Tier-1 City,Unfurnished,1,Good,20450000
1044.0,2,2,10,Rural Area,Semi-Furnished,0,Poor,550000
550.0,2,1,1,Metro City,Fully Furnished,1,Excellent,2000000
4200.0,6,6,3,Metro City,Semi-Furnished,1,Good,18000000
1316.0,2,2,7,Metro City,Semi-Furnished,2,Excellent,5550000
600.0,3,3,12,Metro City,Fully Furnished,2,Good,10000000
929.0,2,2,1,Metro City,Fully Furnished,1,Excellent,5600000
1192.0,2,2,9,Metro City,Fully Furnished,0,Good,7100000
1125.0,4,3,13,Metro City,Fully Furnished,2,Good,12600000
1500.0,2,2,16,Metro City,Semi-Furnished,1,Good,4500000
1405.0,3,3,5,Tier-1 City,Unfurnished,0,Good,3300000
750.0,1,1,20,Metro City,Semi-Furnished,1,Excellent,5100000
1800.0,4,3,10,Metro City,Semi-Furnished,1,Good,8200000
905.0,1,1,0,Metro City,Semi-Furnished,1,Excellent,5000000
3940.0,4,4,2,Metro City,Semi-Furnished,2,Excellent,22000000
3750.0,5,6,8,Metro City,Semi-Furnished,1,Good,29500000
1690.0,3,2,1,Rural Area,Unfurnished,1,Excellent,1850000
938.0,1,1,11,Metro City,Unfurnished,1,Excellent,5000000
1200.0,2,2,8,Metro City,Fully Furnished,1,Excellent,5400000
1200.0,2,2,16,Metro City,Semi-Furnished,0,Good,5000000
900.0,2,2,5,Metro City,Unfurnished,1,Excellent,4500000
1768.0,3,3,15,Metro City,Semi-Furnished,1,Good,8150000
1070.0,2,2,0,Metro City,Semi-Furnished,0,Good,5400000
1623.0,3,3,19,Metro City,Unfurnished,2,Good,15500000
1200.0,2,3,20,Metro City,Unfurnished,2,Good,4500000
1150.0,2,2,17,Metro City,Unfurnished,1,Excellent,7000000
700.0,2,2,7,Metro City,Semi-Furnished,1,Good,3400000
1200.0,2,2,13,Metro City,Semi-Furnished,1,Good,7500000
1181.0,2,2,8,Metro City,Fully Furnished,1,Good,6100000
1715.0,3,3,5,Tier-2 City,Unfurnished,1,Excellent,3200000
1196.0,2,2,9,Tier-1 City,Semi-Furnished,0,Poor,2850000
1325.0,2,2,3,Metro City,Unfurnished,1,Poor,5900000
900.0,3,3,3,Metro City,Unfurnished,1,Good,7900000
1280.0,4,4,0,Metro City,Semi-Furnished,0,Good,11500000
880.0,3,2,1,Metro City,Fully Furnished,1,Excellent,1800000
1450.0,3,3,8,Metro City,Semi-Furnished,1,Excellent,7250000
1162.0,2,2,3,Metro City,Fully Furnished,1,Good,6500000
1072.0,2,2,4,Tier-2 City,Semi-Furnished,2,Good,1600000
1047.0,2,2,14,Metro City,Unfurnished,2,Good,9100000
1420.0,3,3,4,Metro City,Fully Furnished,3,Good,8500000
375.0,1,1,20,Metro City,Fully Furnished,2,Good,2600000
1194.0,2,2,22,Rural Area,Unfurnished,1,Excellent,500000
1200.0,2,2,3,Metro City,Fully Furnished,0,Good,6800000
883.0,2,2,1,Metro City,Semi-Furnished,1,Good,4900000
2400.0,6,6,0,Metro City,Semi-Furnished,1,Good,40000000
1595.0,3,3,19,Metro City,Semi-Furnished,1,Good,10500000
845.0,2,2,3,Metro City,Fully Furnished,1,Excellent,2900000
1320.0,2,2,0,Metro City,Semi-Furnished,0,Poor,9200000
1075.0,2,2,0,Metro City,Fully Furnished,1,Poor,4700000
1450.0,3,3,6,Metro City,Semi-Furnished,1,Excellent,7000000
1175.0,2,2,15,Metro City,Unfurnished,3,Good,4850000
2400.0,4,3,10,Metro City,Unfurnished,0,Good,14000000
1195.0,2,2,21,Metro City,Semi-Furnished,1,Good,3600000
3700.0,4,4,13,Tier-2 City,Semi-Furnished,2,Excellent,9650000
1105.0,2,2,0,Metro City,Unfurnished,2,Good,4000000
1575.0,3,3,16,Metro City,Fully Furnished,1,Good,9000000
2770.0,3,4,7,Metro City,Semi-Furnished,2,Excellent,29000000
1125.0,2,2,2,Metro City,Semi-Furnished,2,Good,6100000
3884.0,4,4,7,Metro City,Semi-Furnished,2,Excellent,24000000
869.0,2,2,2,Metro City,Semi-Furnished,2,Good,3600000
1280.0,2,2,9,Metro City,Semi-Furnished,1,Excellent,5200000
1005.0,2,2,3,Metro City,Semi-Furnished,2,Poor,5600000
1200.0,2,2,1,Metro City,Semi-Furnished,3,Good,7900000
960.0,2,2,9,Metro City,Semi-Furnished,1,Good,5000000
1190.0,2,2,12,Metro City,Unfurnished,1,Poor,6300000
1060.0,2,2,1,Metro City,Semi-Furnished,1,Good,5300000
1380.0,6,7,12,Rural Area,Fully Furnished,1,Poor,1900000
1174.0,2,2,8,Metro City,Fully Furnished,2,Good,7500000
2500.0,4,4,14,Metro City,Semi-Furnished,0,Good,15500000
1600.0,5,5,8,Metro City,Unfurnished,2,Excellent,14000000
1440.0,2,2,2,Metro City,Semi-Furnished,2,Excellent,9800000
5000.0,8,8,22,Metro City,Fully Furnished,1,Good,25000000
1200.0,3,2,10,Metro City,Fully Furnished,1,Good,6600000
1140.0,2,2,3,Metro City,Unfurnished,1,Good,4600000
1750.0,3,3,22,Metro City,Semi-Furnished,2,Good,13000000
1925.0,3,3,1,Metro City,Semi-Furnished,1,Good,11000000
1116.0,2,2,21,Metro City,Unfurnished,1,Excellent,5200000
1151.0,2,2,3,Metro City,Semi-Furnished,2,Excellent,4350000
687.325,2,2,5,Tier-2 City,Unfurnished,1,Poor,1900000
2138.0,3,3,17,Metro City,Unfurnished,2,Poor,11000000
3800.0,4,4,18,Metro City,Semi-Furnished,1,Good,60000000
1200.0,4,4,9,Metro City,Unfurnished,2,Poor,27000000
1850.0,6,6,5,Metro City,Semi-Furnished,1,Excellent,15000000
1565.0,3,2,15,Metro City,Semi-Furnished,1,Poor,5800000
600.0,3,3,1,Metro City,Unfurnished,1,Good,9000000
1050.0,2,2,10,Metro City,Fully Furnished,0,Good,4450000
1615.0,3,3,16,Metro City,Semi-Furnished,1,Good,9000000
1469.0,2,2,5,Metro City,Semi-Furnished,1,Good,9900000
1200.0,2,2,10,Metro City,Unfurnished,1,Excellent,15000000
1048.0,2,2,0,Metro City,Semi-Furnished,0,Poor,5000000
1125.0,2,2,15,Metro City,Semi-Furnished,1,Good,5500000
1200.0,6,4,0,Tier-1 City,Fully Furnished,2,Excellent,5650000
4500.0,4,3,8,Metro City,Fully Furnished,1,Good,22500000
1000.0,6,6,10,Rural Area,Unfurnished,2,Good,1000000
3000.0,5,4,8,Metro City,Unfurnished,1,Poor,17000000
1190.0,3,2,0,Metro City,Semi-Furnished,1,Excellent,3050000
1580.0,3,3,9,Metro City,Unfurnished,2,Excellent,10500000
1106.0,2,2,12,Metro City,Fully Furnished,0,Excellent,4300000
1500.0,3,3,22,Metro City,Semi-Furnished,0,Good,7400000
1265.0,3,2,13,Tier-2 City,Semi-Furnished,1,Good,3600000
4500.0,5,7,23,Metro City,Semi-Furnished,3,Good,29400000
2400.0,4,6,14,Metro City,Fully Furnished,1,Good,60000000
1200.0,2,2,24,Metro City,Unfurnished,1,Good,5500000
1418.0,3,2,6,Metro City,Semi-Furnished,0,Excellent,6500000
2024.0,3,3,9,Metro City,Semi-Furnished,2,Poor,10300000
1530.0,3,3,11,Metro City,Semi-Furnished,2,Excellent,7450000
2268.0,4,3,0,Metro City,Unfurnished,2,Excellent,16300000
825.0,2,2,6,Metro City,Unfurnished,0,Good,3300000
702.0,1,1,10,Metro City,Unfurnished,0,Excellent,3600000
1600.0,3,2,4,Metro City,Fully Furnished,1,Poor,7500000
1650.0,3,3,7,Metro City,Semi-Furnished,1,Good,11000000
1435.0,3,3,6,Metro City,Semi-Furnished,0,Good,7000000
1190.0,2,2,14,Rural Area,Semi-Furnished,1,Good,850000
1100.0,2,2,12,Tier-2 City,Unfurnished,1,Poor,1400000
3050.0,3,2,10,Metro City,Unfurnished,1,Good,9000000
1400.0,3,2,13,Metro City,Semi-Furnished,1,Good,4050000
1540.0,3,3,0,Metro City,Semi-Furnished,1,Good,8500000
1897.0,3,4,5,Metro City,Semi-Furnished,0,Good,9300000
1725.0,3,3,4,Metro City,Semi-Furnished,2,Good,13000000
4000.0,4,5,9,Metro City,Unfurnished,1,Good,28000000
1760.0,2,2,5,Metro City,Semi-Furnished,1,Good,8500000
1200.0,2,2,12,Metro City,Semi-Furnished,2,Excellent,6500000
1016.0,2,2,0,Metro City,Semi-Furnished,0,Good,4000000
1000.0,2,2,16,Metro City,Fully Furnished,1,Good,6000000
1495.0,3,2,16,Metro City,Semi-Furnished,1,Good,6400000
900.0,3,2,14,Rural Area,Semi-Furnished,1,Good,650000
1012.0,2,2,17,Metro City,Semi-Furnished,2,Excellent,4400000
1059.0,2,2,3,Metro City,Semi-Furnished,1,Good,3450000
1200.0,3,3,16,Metro City,Semi-Furnished,0,Good,7400000
1200.0,1,2,6,Tier-2 City,Fully Furnished,2,Poor,2600000
1615.0,3,3,16,Metro City,Fully Furnished,2,Good,6000000
2835.0,4,4,9,Tier-2 City,Unfurnished,0,Excellent,10750000
2400.0,6,5,20,Rural Area,Semi-Furnished,1,Good,5100000
1450.0,3,2,2,Metro City,Unfurnished,0,Good,6300000
2100.0,6,6,3,Metro City,Semi-Furnished,2,Good,9200000
1500.0,3,3,4,Metro City,Fully Furnished,2,Good,9000000
2400.0,3,3,11,Metro City,Fully Furnished,1,Excellent,17000000
1277.0,2,2,7,Metro City,Unfurnished,0,Excellent,6150000
2265.0,3,3,2,Metro City,Fully Furnished,1,Excellent,13600000
1215.0,3,2,9,Metro City,Semi-Furnished,3,Good,5000000
6136.0,4,4,8,Metro City,Unfurnished,1,Good,55000000
1500.0,3,3,10,Metro City,Semi-Furnished,1,Good,10000000
1500.0,3,2,6,Metro City,Unfurnished,1,Good,13000000
1200.0,3,2,15,Metro City,Fully Furnished,0,Poor,8000000
1088.0,2,2,10,Metro City,Fully Furnished,2,Good,3050000
1500.0,3,3,2,Metro City,Semi-Furnished,0,Excellent,10000000
1640.0,3,3,9,Metro City,Semi-Furnished,2,Good,22300000
1930.0,3,3,5,Metro City,Fully Furnished,0,Good,7500000
2504.0,3,3,19,Metro City,Semi-Furnished,2,Excellent,13800000
1260.0,2,2,14,Metro City,Semi-Furnished,1,Excellent,10000000
1200.0,5,4,7,Metro City,Fully Furnished,2,Poor,14000000
1300.0,2,2,20,Metro City,Unfurnished,2,Good,6000000
1270.0,2,2,17,Metro City,Unfurnished,1,Good,8300000
1275.0,2,2,21,Metro City,Fully Furnished,2,Poor,6900000
3329.0,3,3,3,Metro City,Semi-Furnished,1,Good,33000000
1037.0,2,2,25,Metro City,Semi-Furnished,0,Excellent,3650000
1495.0,3,2,11,Metro City,Semi-Furnished,0,Good,7500000
2400.0,6,6,2,Metro City,Unfurnished,2,Excellent,47500000
1500.0,3,3,0,Metro City,Fully Furnished,3,Good,7100000
1380.0,4,3,5,Metro City,Fully Furnished,0,Excellent,5800000
1200.0,6,6,2,Tier-1 City,Unfurnished,1,Good,5450000
2170.0,3,3,4,Metro City,Fully Furnished,1,Poor,15100000
1375.0,3,3,11,Metro City,Semi-Furnished,1,Good,5700000
8500.0,4,4,0,Metro City,Semi-Furnished,1,Excellent,14500000
1500.0,3,2,2,Metro City,Semi-Furnished,1,Good,6450000
1145.0,2,2,6,Tier-1 City,Unfurnished,1,Good,2850000
1826.0,3,3,8,Metro City,Semi-Furnished,0,Poor,13000000
1255.0,2,2,3,Tier-1 City,Unfurnished,1,Good,3750000
2274.24,3,4,1,Metro City,Semi-Furnished,1,Excellent,16000000
2000.0,3,3,15,Metro City,Semi-Furnished,2,Good,20700000
1800.0,3,3,3,Metro City,Unfurnished,2,Excellent,12800000
1200.0,4,5,22,Metro City,Semi-Furnished,3,Excellent,32500000
1080.0,2,2,9,Metro City,Semi-Furnished,1,Good,5500000
1109.0,2,2,21,Metro City,Semi-Furnished,1,Good,6300000
1350.0,3,3,4,Metro City,Fully Furnished,1,Poor,6800000
1990.0,3,3,1,Metro City,Unfurnished,3,Good,9800000
1500.0,3,3,16,Metro City,Fully Furnished,1,Poor,6200000
1290.0,3,2,17,Tier-1 City,Semi-Furnished,1,Excellent,3400000
1160.0,2,2,21,Metro City,Semi-Furnished,1,Excellent,6700000
1679.0,3,3,9,Metro City,Semi-Furnished,1,Poor,9200000
1500.0,3,2,2,Metro City,Unfurnished,1,Good,7000000
985.0,2,2,0,Metro City,Semi-Furnished,2,Excellent,4500000
1113.0,2,2,4,Metro City,Unfurnished,1,Good,4450000
1085.0,2,2,4,Metro City,Semi-Furnished,1,Poor,5700000
2795.0,3,4,8,Metro City,Semi-Furnished,1,Good,23500000
2750.0,6,6,0,Tier-1 City,Semi-Furnished,1,Good,14450000
1305.0,2,2,0,Metro City,Unfurnished,1,Good,9900000
1150.0,2,2,22,Tier-2 City,Unfurnished,3,Excellent,2300000
1702.0,3,3,19,Metro City,Fully Furnished,2,Excellent,10700000
2000.0,3,3,6,Rural Area,Unfurnished,1,Good,1450000
1425.0,3,3,10,Metro City,Unfurnished,1,Excellent,5000000
1090.0,2,2,4,Metro City,Fully Furnished,0,Excellent,3150000
3000.0,7,4,8,Metro City,Semi-Furnished,0,Good,40000000
1304.0,3,3,5,Tier-1 City,Unfurnished,1,Good,4650000
4500.0,9,9,23,Metro City,Fully Furnished,0,Excellent,50000000
2444.0,4,4,6,Metro City,Unfurnished,1,Good,14500000
1035.0,5,5,0,Metro City,Semi-Furnished,1,Poor,17000000
1031.0,2,2,24,Metro City,Semi-Furnished,2,Poor,5450000
1650.0,3,3,1,Metro City,Semi-Furnished,1,Good,10100000
585.0,2,1,9,Metro City,Semi-Furnished,0,Excellent,7000000
1200.0,2,2,1,Tier-2 City,Unfurnished,2,Poor,1700000
1458.0,3,3,18,Metro City,Semi-Furnished,1,Poor,7850000
1246.0,2,2,15,Metro City,Fully Furnished,1,Excellent,6300000
1200.0,6,5,10,Metro City,Fully Furnished,0,Good,26000000
2800.0,7,5,23,Metro City,Fully Furnished,0,Good,9500000
3500.0,4,5,4,Metro City,Unfurnished,1,Good,45000000
1625.0,3,3,1,Metro City,Semi-Furnished,1,Excellent,8000000
750.0,1,2,1,Tier-2 City,Unfurnished,2,Good,1550000
1030.0,2,2,19,Metro City,Fully Furnished,2,Good,3450000
1645.0,3,2,14,Metro City,Unfurnished,2,Excellent,8200000
960.0,2,2,12,Metro City,Semi-Furnished,2,Good,3700000
1909.0,3,3,1,Metro City,Fully Furnished,2,Good,8800000
1108.0,2,2,8,Metro City,Fully Furnished,2,Good,6300000
1450.0,3,3,4,Metro City,Semi-Furnished,2,Excellent,7500000
1200.0,2,2,18,Metro City,Fully Furnished,1,Good,8000000
1500.0,2,1,25,Metro City,Semi-Furnished,0,Good,21800000
1700.0,3,3,19,Metro City,Semi-Furnished,2,Excellent,12000000
1200.0,2,2,10,Metro City,Fully Furnished,1,Excellent,9500000
891.0,2,2,1,Metro City,Fully Furnished,0,Good,2600000
3200.0,4,4,3,Tier-2 City,Fully Furnished,1,Good,17100000
1400.0,3,2,17,Metro City,Unfurnished,1,Good,4050000
1050.0,2,2,7,Metro City,Semi-Furnished,1,Good,4600000
1200.0,6,3,7,Metro City,Fully Furnished,2,Good,17500000
1452.19,2,2,21,Tier-1 City,Semi-Furnished,3,Excellent,8500000
1332.0,3,2,15,Metro City,Semi-Furnished,2,Good,8600000
715.0,3,2,11,Metro City,Unfurnished,1,Good,2900000
1274.0,2,2,13,Metro City,Fully Furnished,1,Good,8100000
1925.0,3,2,12,Tier-1 City,Unfurnished,2,Good,8250000
1250.0,2,1,10,Metro City,Semi-Furnished,1,Poor,5400000
700.0,1,1,9,Metro City,Fully Furnished,1,Poor,3100000
1020.0,2,2,13,Metro City,Semi-Furnished,1,Good,2950000
1150.0,2,2,9,Metro City,Semi-Furnished,2,Poor,4800000
1190.0,2,2,4,Metro City,Fully Furnished,3,Good,4200000
2000.0,4,4,8,Metro City,Semi-Furnished,1,Excellent,8200000
2060.0,3,3,5,Metro City,Semi-Furnished,1,Poor,15000000
1222.0,3,2,8,Metro City,Semi-Furnished,1,Good,6800000
1225.0,2,2,9,Tier-2 City,Unfurnished,2,Good,2950000
1302.5,2,2,0,Tier-2 City,Fully Furnished,2,Poor,1700000
2026.0,3,3,8,Tier-1 City,Semi-Furnished,2,Good,8950000
1050.0,2,2,11,Metro City,Semi-Furnished,1,Good,6800000
1185.0,2,2,2,Metro City,Unfurnished,1,Excellent,5900000
1665.0,3,3,5,Tier-2 City,Unfurnished,0,Excellent,3700000
1288.0,3,2,9,Metro City,Unfurnished,2,Excellent,7000000
2500.0,5,3,2,Metro City,Semi-Furnished,0,Good,18000000
1419.0,3,2,8,Metro City,Unfurnished,0,Good,7300000
520.0,1,2,15,Metro City,Semi-Furnished,1,Good,2900000
720.0,4,4,6,Tier-2 City,Semi-Furnished,1,Good,1650000
1160.0,3,2,8,Rural Area,Fully Furnished,0,Poor,500000
1385.0,3,3,3,Tier-1 City,Semi-Furnished,0,Good,3350000
1252.0,3,3,16,Metro City,Fully Furnished,2,Excellent,5500000
920.0,2,2,2,Metro City,Fully Furnished,0,Good,4000000
1700.0,3,3,5,Metro City,Unfurnished,0,Excellent,15000000
4346.0,4,4,9,Metro City,Unfurnished,1,Excellent,45000000
1346.0,2,2,2,Metro City,Fully Furnished,1,Excellent,7400000
615.0,1,1,0,Metro City,Fully Furnished,0,Excellent,4600000
2357.0,3,3,1,Rural Area,Fully Furnished,2,Poor,1400000
1017.0,2,2,0,Metro City,Semi-Furnished,2,Good,5100000
2820.0,3,3,2,Metro City,Semi-Furnished,2,Good,28500000
1050.0,1,1,7,Rural Area,Fully Furnished,1,Excellent,850000
1108.0,2,2,6,Tier-2 City,Semi-Furnished,1,Excellent,3150000
4209.0,4,4,22,Metro City,Unfurnished,1,Poor,60200000
1529.0,3,3,22,Metro City,Fully Furnished,1,Excellent,5200000
1800.0,3,3,0,Tier-1 City,Semi-Furnished,2,Good,11700000
1868.0,3,3,16,Metro City,Semi-Furnished,2,Poor,13100000
1705.0,3,2,19,Metro City,Semi-Furnished,0,Good,29000000
1200.0,2,2,1,Tier-2 City,Unfurnished,1,Good,1650000
1095.0,2,2,1,Tier-1 City,Unfurnished,2,Good,2950000
1115.0,2,2,21,Tier-1 City,Unfurnished,2,Good,4850000
1660.0,3,3,9,Tier-2 City,Unfurnished,1,Good,4900000
2100.0,3,3,5,Metro City,Semi-Furnished,1,Good,20000000
1185.0,2,2,0,Metro City,Fully Furnished,1,Good,4200000
1107.83,2,2,23,Metro City,Unfurnished,0,Good,4150000
1700.0,3,3,9,Metro City,Unfurnished,1,Poor,14000000
1216.0,2,2,14,Metro City,Fully Furnished,1,Excellent,9700000
1210.0,2,2,21,Tier-1 City,Fully Furnished,1,Good,4000000
3522.0,3,3,7,Metro City,Semi-Furnished,1,Good,38000000
2300.0,3,3,7,Metro City,Unfurnished,0,Poor,14200000
2015.0,2,4,21,Metro City,Unfurnished,2,Excellent,32500000
1600.0,3,3,2,Metro City,Unfurnished,2,Good,9000000
1432.0,3,3,5,Tier-1 City,Fully Furnished,0,Excellent,4950000
416.0,1,1,14,Metro City,Semi-Furnished,0,Poor,1950000
5200.0,4,5,8,Metro City,Semi-Furnished,0,Excellent,24200000
2075.0,3,3,7,Metro City,Unfurnished,1,Good,11500000
1732.46,3,3,1,Tier-2 City,Semi-Furnished,1,Good,4000000
1370.0,2,2,3,Metro City,Fully Furnished,1,Good,8800000
1073.0,2,2,16,Rural Area,Unfurnished,0,Good,800000
1520.0,3,2,17,Metro City,Fully Furnished,2,Good,7500000
1296.0,2,2,10,Metro City,Semi-Furnished,1,Good,7000000
1075.0,3,2,11,Metro City,Semi-Furnished,1,Good,3100000
1397.0,3,2,18,Metro City,Semi-Furnished,2,Poor,5200000
1070.0,2,2,7,Metro City,Unfurnished,2,Good,4700000
2250.0,3,3,11,Metro City,Unfurnished,1,Good,21900000
1875.0,3,2,9,Rural Area,Semi-Furnished,1,Good,1450000
1186.0,3,2,9,Metro City,Fully Furnished,0,Good,5550000
930.0,2,2,12,Metro City,Fully Furnished,2,Good,4600000
5000.0,4,5,0,Metro City,Unfurnished,1,Good,32500000
1250.0,2,2,19,Metro City,Semi-Furnished,1,Excellent,6500000
2023.0,3,4,1,Tier-1 City,Unfurnished,2,Poor,8000000
1047.0,2,2,12,Metro City,Semi-Furnished,0,Good,8400000
1194.0,2,2,14,Metro City,Semi-Furnished,1,Poor,4700000
3700.0,4,4,0,Tier-2 City,Fully Furnished,1,Good,11800000
1309.0,2,2,6,Metro City,Unfurnished,1,Good,6950000
1703.0,3,3,12,Metro City,Unfurnished,1,Good,12600000
1200.0,3,3,3,Metro City,Unfurnished,2,Excellent,16500000
1200.0,3,2,7,Metro City,Semi-Furnished,1,Excellent,6600000
1174.0,2,2,18,Metro City,Unfurnished,2,Good,4700000
3067.0,4,4,20,Metro City,Fully Furnished,1,Poor,23000000
525.0,1,1,6,Metro City,Semi-Furnished,2,Good,2500000
3205.0,4,5,12,Metro City,Semi-Furnished,2,Poor,38000000
1280.0,2,2,1,Metro City,Semi-Furnished,1,Excellent,8800000
5600.0,5,5,5,Metro City,Semi-Furnished,1,Good,54850000
1374.0,3,2,6,Tier-1 City,Semi-Furnished,1,Poor,4650000
1050.0,2,2,18,Metro City,Unfurnished,2,Good,3900000
1826.0,3,3,13,Metro City,Unfurnished,0,Good,12500000
1225.0,2,2,6,Metro City,Semi-Furnished,1,Poor,7000000
1005.0,2,2,16,Metro City,Fully Furnished,1,Excellent,4200000
1215.0,3,2,13,Metro City,Fully Furnished,2,Good,5300000
1040.0,2,2,4,Tier-2 City,Unfurnished,3,Excellent,1450000
1339.0,2,2,18,Tier-2 City,Semi-Furnished,1,Good,3150000
1357.0,2,2,10,Metro City,Unfurnished,0,Excellent,5400000
2400.0,6,4,0,Metro City,Unfurnished,1,Excellent,42000000
1100.0,2,2,9,Metro City,Fully Furnished,2,Good,6500000
1820.0,3,2,9,Metro City,Unfurnished,1,Good,8600000
1762.0,3,3,2,Metro City,Semi-Furnished,2,Excellent,11000000
1270.0,2,2,6,Metro City,Semi-Furnished,2,Good,4500000
1645.0,3,3,12,Metro City,Unfurnished,1,Good,13500000
1881.0,3,3,0,Tier-2 City,Unfurnished,2,Good,5950000
2200.0,3,3,21,Metro City,Semi-Furnished,2,Poor,27500000
1329.0,3,2,17,Rural Area,Semi-Furnished,0,Excellent,500000
1255.0,3,2,10,Metro City,Semi-Furnished,3,Good,7750000
1410.0,3,2,4,Metro City,Fully Furnished,2,Good,5300000
1076.0,2,2,4,Metro City,Semi-Furnished,2,Good,6700000
1209.0,2,2,10,Metro City,Unfurnished,1,Good,10000000
1295.0,2,2,12,Metro City,Semi-Furnished,1,Good,6400000
500.0,1,1,12,Metro City,Unfurnished,1,Good,5100000
2480.0,3,4,0,Metro City,Fully Furnished,1,Poor,26500000
1567.0,2,3,21,Metro City,Fully Furnished,1,Good,14000000
2105.0,2,2,3,Metro City,Fully Furnished,0,Good,7000000
1697.0,3,3,3,Metro City,Unfurnished,2,Excellent,9500000
540.0,1,1,1,Metro City,Semi-Furnished,1,Good,3000000
1200.0,2,2,3,Metro City,Semi-Furnished,1,Good,6000000
1205.0,2,2,5,Metro City,Unfurnished,1,Good,7000000
1500.0,2,2,13,Metro City,Unfurnished,3,Excellent,3000000
1650.0,3,3,2,Tier-2 City,Semi-Furnished,1,Good,4400000
1045.0,2,2,11,Tier-2 City,Unfurnished,2,Good,1800000
1050.0,5,4,13,Tier-1 City,Semi-Furnished,1,Good,5750000
2050.0,4,3,6,Metro City,Unfurnished,1,Good,10000000
665.0,1,1,20,Tier-1 City,Semi-Furnished,0,Excellent,3400000
1007.0,2,2,15,Metro City,Fully Furnished,1,Excellent,4800000
1330.0,3,3,0,Tier-1 City,Semi-Furnished,0,Poor,4700000
600.0,3,2,1,Metro City,Unfurnished,1,Good,8000000
1090.0,2,2,9,Metro City,Semi-Furnished,0,Good,3500000
1085.0,2,2,17,Metro City,Semi-Furnished,1,Good,3050000
3450.0,3,4,1,Metro City,Semi-Furnished,2,Good,20800000
2800.0,4,4,1,Metro City,Semi-Furnished,1,Good,25200000
3537.0,4,5,4,Metro City,Semi-Furnished,1,Good,21000000
1200.0,2,1,4,Metro City,Fully Furnished,1,Excellent,18000000
1490.0,3,2,0,Metro City,Fully Furnished,1,Poor,8800000
1065.0,2,2,3,Rural Area,Fully Furnished,0,Excellent,500000
4400.0,3,3,1,Rural Area,Unfurnished,0,Excellent,11350000
3500.0,3,3,0,Metro City,Fully Furnished,1,Excellent,39500000
1200.0,2,2,2,Metro City,Semi-Furnished,0,Good,4600000
2503.0,4,4,15,Metro City,Fully Furnished,1,Good,18800000
1255.0,2,2,9,Tier-2 City,Semi-Furnished,1,Good,3050000
1160.0,2,2,15,Metro City,Semi-Furnished,1,Good,4650000
1375.0,2,2,12,Tier-1 City,Semi-Furnished,1,Excellent,3550000
2360.0,4,4,11,Metro City,Fully Furnished,1,Poor,65000000
4600.0,4,6,17,Metro City,Semi-Furnished,1,Good,65000000
1200.0,3,2,11,Metro City,Semi-Furnished,1,Good,11000000
550.0,1,1,0,Metro City,Semi-Furnished,1,Good,1700000
1230.0,2,2,2,Metro City,Semi-Furnished,1,Good,5800000
1450.0,3,3,9,Metro City,Unfurnished,1,Excellent,10000000
1200.0,4,4,8,Metro City,Semi-Furnished,2,Good,14000000
1900.0,4,4,4,Metro City,Semi-Furnished,1,Excellent,18500000
1011.0,2,2,13,Metro City,Semi-Furnished,1,Good,5050000
840.0,3,2,8,Metro City,Semi-Furnished,1,Good,3500000
1105.0,2,2,7,Metro City,Semi-Furnished,1,Good,3550000
2400.0,5,5,9,Metro City,Unfurnished,1,Good,41500000
1500.0,2,3,10,Metro City,Fully Furnished,1,Poor,6500000
3630.0,4,6,7,Tier-1 City,Semi-Furnished,1,Good,14700000
1384.0,2,2,5,Metro City,Semi-Furnished,0,Good,5900000
1910.0,3,4,2,Metro City,Semi-Furnished,1,Excellent,15000000
1500.0,4,5,5,Metro City,Fully Furnished,1,Excellent,23300000
1549.0,3,3,9,Metro City,Unfurnished,1,Good,6500000
1555.0,3,3,1,Tier-2 City,Semi-Furnished,0,Good,3900000
1550.0,3,2,4,Tier-2 City,Unfurnished,1,Poor,2900000
1140.0,2,2,14,Metro City,Semi-Furnished,1,Excellent,5600000
600.0,6,3,10,Metro City,Fully Furnished,2,Good,9500000
1225.0,2,2,2,Rural Area,Semi-Furnished,1,Poor,550000
1260.0,2,2,2,Metro City,Semi-Furnished,1,Poor,5500000
1550.0,3,2,4,Tier-1 City,Unfurnished,1,Poor,5150000
1625.0,3,3,17,Metro City,Semi-Furnished,0,Good,12000000
1098.0,2,2,9,Metro City,Unfurnished,1,Excellent,7100000
1221.0,3,3,7,Tier-2 City,Unfurnished,1,Good,2550000
1650.0,3,3,1,Metro City,Fully Furnished,1,Excellent,8550000
2274.24,3,4,1,Rural Area,Unfurnished,1,Excellent,2350000
920.0,2,2,2,Tier-2 City,Unfurnished,0,Good,1750000
1100.0,2,2,10,Metro City,Semi-Furnished,2,Excellent,5400000
1165.0,2,2,21,Rural Area,Unfurnished,2,Good,500000
1225.0,2,2,8,Metro City,Semi-Furnished,3,Good,4700000
1590.0,3,3,9,Metro City,Semi-Furnished,1,Excellent,5400000
1200.0,2,2,13,Metro City,Unfurnished,0,Good,7300000
1250.0,3,2,4,Metro City,Semi-Furnished,0,Good,7000000
600.0,5,5,7,Metro City,Semi-Furnished,0,Good,5000000
2357.0,3,3,1,Metro City,Semi-Furnished,2,Poor,13500000
1500.0,3,3,14,Metro City,Semi-Furnished,1,Excellent,5600000
1610.0,3,3,14,Metro City,Semi-Furnished,0,Good,7850000
1200.0,4,5,16,Metro City,Semi-Furnished,0,Poor,32500000
823.0,2,2,1,Metro City,Semi-Furnished,1,Good,8000000
1520.0,3,2,7,Metro City,Semi-Furnished,1,Good,12500000
1030.0,2,2,14,Tier-1 City,Fully Furnished,1,Excellent,16900000
800.0,4,5,0,Metro City,Unfurnished,1,Excellent,9550000
3425.0,4,5,2,Metro City,Semi-Furnished,1,Good,25000000
1200.0,3,3,21,Tier-2 City,Unfurnished,1,Good,6800000
1613.0,3,3,11,Metro City,Semi-Furnished,1,Poor,15000000
500.0,1,1,4,Tier-1 City,Unfurnished,2,Excellent,4450000
2500.0,4,5,15,Metro City,Unfurnished,1,Poor,24500000
4800.0,4,5,2,Metro City,Semi-Furnished,3,Excellent,35000000
1075.0,3,2,23,Metro City,Semi-Furnished,1,Good,3600000
1500.0,3,3,5,Metro City,Fully Furnished,1,Good,5000000
1100.0,4,4,14,Rural Area,Semi-Furnished,1,Excellent,3000000
1600.0,3,3,1,Metro City,Semi-Furnished,1,Excellent,7500000
2777.29,3,5,4,Metro City,Unfurnished,3,Good,65000000
1150.0,2,2,12,Tier-2 City,Fully Furnished,0,Good,1700000
1200.0,2,2,11,Metro City,Semi-Furnished,1,Good,5500000
2805.0,4,5,14,Rural Area,Semi-Furnished,2,Poor,2050000
1650.0,3,3,11,Metro City,Fully Furnished,2,Excellent,4800000
1050.0,2,2,10,Tier-2 City,Unfurnished,1,Excellent,1350000
2050.0,3,3,24,Tier-2 City,Semi-Furnished,1,Good,5050000
1200.0,2,2,1,Metro City,Unfurnished,3,Poor,7950000
1565.0,3,2,2,Tier-2 City,Unfurnished,2,Good,1850000
1900.0,3,3,3,Rural Area,Semi-Furnished,1,Good,1350000
1603.0,3,3,5,Metro City,Semi-Furnished,1,Excellent,11300000
1074.0,2,2,5,Metro City,Unfurnished,1,Good,5400000
1160.0,2,2,7,Tier-1 City,Semi-Furnished,1,Good,2250000
1132.0,2,2,0,Metro City,Semi-Furnished,1,Excellent,8900000
1007.0,2,2,15,Tier-2 City,Unfurnished,1,Excellent,1700000
1155.0,2,2,5,Metro City,Unfurnished,1,Good,4050000
1200.0,3,3,14,Metro City,Unfurnished,3,Excellent,5650000
1550.0,3,3,14,Metro City,Unfurnished,1,Good,5000000
1070.0,2,2,16,Metro City,Fully Furnished,0,Good,4900000
901.0,2,2,4,Tier-1 City,Semi-Furnished,2,Good,2300000
2422.0,4,4,3,Metro City,Semi-Furnished,3,Good,16000000
1277.0,2,2,2,Metro City,Unfurnished,1,Good,5900000
1050.0,2,2,0,Metro City,Fully Furnished,3,Excellent,8500000
1670.0,3,3,12,Metro City,Semi-Furnished,1,Excellent,16000000
1693.0,3,3,16,Metro City,Semi-Furnished,1,Excellent,7150000
656.0,1,1,2,Metro City,Fully Furnished,0,Good,3500000
1450.0,2,2,2,Metro City,Fully Furnished,1,Good,9000000
1345.0,3,2,13,Metro City,Unfurnished,2,Good,5700000
5965.0,5,5,2,Metro City,Semi-Furnished,1,Good,38500000
1200.0,3,3,8,Metro City,Semi-Furnished,1,Poor,6800000
910.0,2,2,11,Metro City,Unfurnished,1,Good,16000000
1196.0,2,2,21,Metro City,Fully Furnished,0,Good,5800000
2800.0,5,5,9,Metro City,Unfurnished,0,Good,13000000
1350.0,2,2,14,Metro City,Semi-Furnished,2,Excellent,10300000
1220.0,3,2,15,Metro City,Semi-Furnished,1,Good,3600000
3600.0,6,6,5,Metro City,Semi-Furnished,2,Good,14100000
3800.0,6,6,3,Metro City,Unfurnished,1,Excellent,17500000
1350.0,3,3,7,Metro City,Semi-Furnished,3,Good,4700000
550.0,2,1,11,Tier-1 City,Semi-Furnished,1,Excellent,1050000
1227.0,2,2,6,Metro City,Unfurnished,1,Good,7000000
1200.0,10,10,25,Tier-2 City,Unfurnished,0,Excellent,8550000
1200.0,2,2,2,Metro City,Semi-Furnished,3,Excellent,13000000
2700.0,3,3,14,Metro City,Semi-Furnished,1,Good,15000000
1130.0,2,2,15,Metro City,Semi-Furnished,0,Excellent,5200000
4040.0,4,4,8,Metro City,Unfurnished,2,Good,50000000
1550.0,3,2,2,Metro City,Unfurnished,2,Excellent,4950000
1306.0,3,3,5,Metro City,Semi-Furnished,1,Good,5450000
1000.0,6,6,5,Tier-1 City,Unfurnished,1,Poor,10900000
1196.0,2,2,21,Metro City,Fully Furnished,1,Good,4050000
1790.0,3,3,16,Metro City,Fully Furnished,2,Good,12000000
1250.0,3,3,15,Metro City,Semi-Furnished,1,Excellent,5600000
1150.0,8,8,13,Rural Area,Unfurnished,2,Good,800000
675.0,1,1,1,Metro City,Semi-Furnished,2,Good,2700000
1530.0,3,3,7,Metro City,Semi-Furnished,1,Excellent,7650000
2990.0,3,5,10,Metro City,Semi-Furnished,1,Excellent,17300000
532.0,1,1,1,Tier-2 City,Unfurnished,2,Good,650000
1866.0,3,4,16,Metro City,Unfurnished,1,Good,24500000
1010.0,2,2,6,Tier-2 City,Fully Furnished,2,Good,5000000
1165.0,2,2,14,Tier-2 City,Semi-Furnished,2,Excellent,1400000
1232.0,2,2,1,Metro City,Semi-Furnished,0,Excellent,8700000
1573.0,3,3,24,Metro City,Semi-Furnished,1,Good,11500000
1206.0,2,2,2,Metro City,Unfurnished,1,Good,5500000
1105.0,2,2,11,Metro City,Fully Furnished,0,Poor,8000000
680.0,2,1,2,Metro City,Semi-Furnished,1,Good,2100000
1215.0,3,2,1,Metro City,Semi-Furnished,2,Good,4850000
1010.0,2,2,2,Metro City,Semi-Furnished,1,Good,5200000
1460.0,3,2,16,Tier-1 City,Fully Furnished,1,Good,5550000
1640.0,3,3,0,Metro City,Unfurnished,2,Excellent,7000000
1187.0,2,2,11,Metro City,Semi-Furnished,0,Good,4000000
1115.0,2,2,1,Tier-1 City,Fully Furnished,1,Good,3600000
1615.0,3,2,3,Metro City,Semi-Furnished,0,Excellent,15000000
1250.0,2,2,4,Metro City,Semi-Furnished,0,Poor,9000000
640.0,3,3,20,Tier-1 City,Unfurnished,3,Good,2550000
1691.0,3,2,19,Metro City,Semi-Furnished,1,Good,10200000
3800.0,6,8,0,Metro City,Unfurnished,2,Good,20000000
750.0,2,2,6,Metro City,Unfurnished,1,Good,4000000
1198.0,2,2,18,Tier-1 City,Semi-Furnished,1,Excellent,5700000
1220.0,3,3,2,Tier-2 City,Fully Furnished,1,Good,2450000
1550.0,3,3,11,Tier-2 City,Unfurnished,2,Good,2150000
1070.0,2,2,22,Metro City,Fully Furnished,2,Good,3800000
4110.0,4,4,19,Metro City,Fully Furnished,0,Good,59000000
1215.0,2,2,10,Metro City,Semi-Furnished,1,Good,4000000
1355.0,2,2,6,Metro City,Fully Furnished,2,Excellent,9500000
1335.0,3,2,6,Metro City,Fully Furnished,2,Good,7350000
3335.0,4,4,7,Metro City,Semi-Furnished,0,Good,30000000
2170.0,4,3,17,Metro City,Semi-Furnished,1,Good,26500000
1938.0,3,3,8,Metro City,Unfurnished,1,Good,10500000
1170.0,2,2,2,Rural Area,Semi-Furnished,1,Excellent,650000
2800.0,4,4,2,Metro City,Fully Furnished,1,Poor,8900000
1109.0,2,2,4,Metro City,Fully Furnished,1,Good,4150000
1200.0,2,2,14,Metro City,Fully Furnished,1,Excellent,4500000
1100.0,2,2,19,Metro City,Semi-Furnished,2,Good,6800000
1445.0,3,3,14,Metro City,Semi-Furnished,1,Poor,8650000
1565.0,3,2,13,Metro City,Unfurnished,1,Excellent,7500000
1350.0,3,3,5,Metro City,Semi-Furnished,1,Excellent,24000000
1820.0,3,3,1,Metro City,Unfurnished,0,Excellent,8550000
1202.0,2,2,2,Metro City,Unfurnished,2,Excellent,4800000
1556.0,3,3,2,Metro City,Semi-Furnished,3,Good,8600000
1250.0,2,2,10,Rural Area,Semi-Furnished,1,Good,1000000
1837.0,3,2,12,Metro City,Fully Furnished,1,Excellent,9500000
1100.0,2,2,5,Metro City,Unfurnished,2,Good,6100000
2319.0,3,3,1,Metro City,Fully Furnished,0,Good,18000000
929.0,2,2,17,Metro City,Unfurnished,1,Excellent,4800000
1850.0,3,3,3,Metro City,Unfurnished,1,Good,14000000
728.5,1,1,0,Metro City,Semi-Furnished,1,Excellent,3150000
1700.0,3,3,3,Tier-2 City,Fully Furnished,3,Excellent,3150000
3000.0,4,5,19,Metro City,Fully Furnished,2,Excellent,10000000
2500.0,4,6,7,Metro City,Semi-Furnished,2,Good,12250000
1685.0,3,3,9,Metro City,Semi-Furnished,0,Poor,11500000
1200.0,2,2,7,Metro City,Semi-Furnished,1,Good,5300000
3600.0,6,6,12,Metro City,Fully Furnished,1,Good,12000000
941.0,2,2,12,Metro City,Semi-Furnished,2,Good,4800000
2000.0,3,3,5,Metro City,Semi-Furnished,1,Excellent,8500000
1513.0,3,3,0,Metro City,Semi-Furnished,1,Good,10300000
747.0,1,1,12,Metro City,Semi-Furnished,2,Poor,2700000
861.0,2,2,19,Tier-2 City,Semi-Furnished,2,Good,1200000
992.0,2,2,20,Metro City,Unfurnished,0,Good,7000000
416.0,1,1,4,Tier-2 City,Fully Furnished,1,Good,800000
1475.0,3,2,15,Rural Area,Unfurnished,0,Good,3550000
1200.0,5,6,22,Metro City,Unfurnished,1,Good,11000000
984.0,2,2,5,Tier-1 City,Fully Furnished,0,Good,3050000
1345.0,2,2,9,Metro City,Unfurnished,1,Good,5500000
1825.0,3,3,1,Metro City,Semi-Furnished,2,Good,12600000
1075.0,3,2,0,Metro City,Unfurnished,1,Good,5000000
1100.0,2,2,10,Metro City,Fully Furnished,0,Good,4700000
1800.0,4,3,11,Metro City,Fully Furnished,3,Good,70000000
1510.0,3,2,6,Metro City,Unfurnished,1,Excellent,6500000
982.0,2,2,0,Metro City,Fully Furnished,1,Good,4750000
648.0,1,1,8,Metro City,Semi-Furnished,1,Poor,3400000
1221.0,3,3,22,Metro City,Unfurnished,1,Good,6500000
1170.0,2,2,4,Metro City,Unfurnished,0,Good,4000000
1464.0,2,2,23,Metro City,Semi-Furnished,0,Good,5600000
3000.0,7,4,7,Rural Area,Semi-Furnished,1,Good,15300000
1480.0,3,2,8,Tier-2 City,Fully Furnished,1,Good,3550000
1608.0,3,3,12,Metro City,Fully Furnished,0,Good,6800000
1000.0,2,2,16,Metro City,Semi-Furnished,0,Poor,3000000
1240.0,3,2,3,Metro City,Semi-Furnished,0,Excellent,6300000
2041.0,3,3,11,Metro City,Semi-Furnished,2,Poor,12800000
1250.0,3,3,21,Metro City,Fully Furnished,1,Good,4000000
440.0,3,3,1,Metro City,Unfurnished,1,Good,3500000
1200.0,2,2,12,Metro City,Semi-Furnished,0,Excellent,8000000
4000.0,8,8,16,Metro City,Fully Furnished,1,Good,16000000
1150.0,2,2,8,Metro City,Semi-Furnished,2,Good,4000000
1839.0,3,3,21,Metro City,Semi-Furnished,1,Good,16500000
1482.0,3,2,7,Metro City,Semi-Furnished,0,Good,8700000
4000.0,4,4,16,Tier-1 City,Semi-Furnished,0,Excellent,55150000
1804.0,3,3,8,Rural Area,Unfurnished,1,Good,1450000
1169.0,2,2,13,Metro City,Semi-Furnished,0,Good,6400000
550.0,1,1,10,Metro City,Semi-Furnished,2,Good,1700000
1430.0,2,2,2,Metro City,Semi-Furnished,2,Excellent,9750000
1183.0,2,2,17,Tier-2 City,Unfurnished,1,Good,2000000
4062.5,4,4,25,Metro City,Fully Furnished,1,Poor,34100000
4624.5,4,4,5,Metro City,Fully Furnished,0,Good,31450000
930.0,2,2,9,Metro City,Fully Furnished,1,Good,2600000
1125.0,2,2,6,Metro City,Semi-Furnished,2,Good,6500000
1701.0,2,2,0,Metro City,Fully Furnished,0,Good,14500000
1216.0,2,2,12,Metro City,Semi-Furnished,2,Good,7500000
3516.0,4,4,7,Metro City,Fully Furnished,3,Excellent,54000000
1650.0,3,3,3,Metro City,Fully Furnished,3,Excellent,13500000
1000.0,2,2,1,Metro City,Fully Furnished,1,Good,4400000
2750.0,3,5,15,Metro City,Semi-Furnished,2,Good,55000000
812.0,1,1,7,Metro City,Semi-Furnished,2,Good,2600000
1200.0,2,2,0,Metro City,Fully Furnished,2,Good,6500000
1065.0,2,2,9,Metro City,Fully Furnished,2,Good,3500000
4235.0,4,4,17,Rural Area,Unfurnished,1,Good,4100000
1210.0,2,2,3,Metro City,Semi-Furnished,1,Good,10200000
775.0,1,1,11,Tier-1 City,Fully Furnished,1,Excellent,2200000
1550.0,3,3,10,Tier-2 City,Unfurnished,1,Good,2400000
1200.0,4,4,4,Metro City,Semi-Furnished,1,Poor,14000000
1740.0,3,3,5,Metro City,Unfurnished,2,Good,15000000
1800.0,3,3,1,Rural Area,Unfurnished,2,Excellent,1100000
840.0,2,2,7,Metro City,Semi-Furnished,0,Good,2700000
936.0,2,2,6,Metro City,Semi-Furnished,2,Excellent,4300000
1843.0,3,3,3,Metro City,Semi-Furnished,0,Good,8800000
1050.0,1,1,1,Metro City,Unfurnished,1,Good,4400000
1100.0,2,2,4,Metro City,Fully Furnished,0,Poor,4950000
1243.0,2,2,5,Metro City,Semi-Furnished,1,Excellent,4600000
1296.0,2,2,5,Metro City,Unfurnished,3,Good,10500000
1140.0,2,2,6,Rural Area,Unfurnished,1,Good,500000
1050.0,3,2,0,Metro City,Fully Furnished,1,Excellent,5700000
1230.0,2,3,5,Metro City,Fully Furnished,1,Excellent,4700000
1225.0,2,2,2,Metro City,Fully Furnished,0,Good,5500000
1215.0,2,2,8,Metro City,Semi-Furnished,0,Excellent,5900000
1075.0,2,2,25,Metro City,Semi-Furnished,2,Poor,3500000
1130.0,2,2,10,Metro City,Unfurnished,1,Poor,5500000
2496.0,4,4,9,Metro City,Fully Furnished,0,Excellent,12500000
1200.0,3,2,14,Metro City,Fully Furnished,0,Poor,4200000
1233.0,2,2,8,Metro City,Semi-Furnished,2,Good,7750000
1070.0,2,2,2,Metro City,Semi-Furnished,1,Excellent,6000000
1200.0,2,2,15,Metro City,Fully Furnished,1,Excellent,3700000
1075.0,2,2,4,Metro City,Semi-Furnished,1,Good,4500000
3855.0,4,4,4,Rural Area,Semi-Furnished,0,Good,3000000
1200.0,2,2,5,Metro City,Unfurnished,2,Good,4500000
1700.0,3,3,0,Metro City,Semi-Furnished,2,Poor,19400000
2245.0,4,4,2,Metro City,Semi-Furnished,1,Good,15400000
1137.0,2,2,19,Metro City,Semi-Furnished,1,Good,5350000
3206.0,4,5,20,Tier-1 City,Semi-Furnished,1,Good,18700000
1000.0,2,2,13,Metro City,Unfurnished,1,Good,13000000
1375.0,2,2,12,Tier-1 City,Semi-Furnished,1,Excellent,3300000
3500.0,4,3,11,Metro City,Unfurnished,1,Good,45000000
850.0,2,2,5,Metro City,Unfurnished,1,Good,7200000
1100.0,2,2,14,Metro City,Semi-Furnished,0,Good,3800000
1215.0,3,3,19,Metro City,Unfurnished,0,Excellent,4200000
970.0,2,2,12,Rural Area,Unfurnished,1,Good,500000
4400.0,4,5,2,Metro City,Fully Furnished,1,Excellent,52500000
1650.0,3,3,13,Tier-2 City,Unfurnished,1,Excellent,6100000
1200.0,2,2,17,Metro City,Fully Furnished,2,Good,5400000
1750.0,3,3,4,Tier-1 City,Semi-Furnished,1,Excellent,7200000
2005.0,3,3,9,Metro City,Fully Furnished,0,Good,24000000
1150.0,2,2,9,Metro City,Semi-Furnished,0,Poor,6000000
654.0,1,1,10,Metro City,Semi-Furnished,0,Good,2200000
1364.0,3,2,1,Metro City,Semi-Furnished,2,Excellent,5000000
1210.0,2,2,15,Metro City,Fully Furnished,1,Excellent,7600000
1310.0,2,2,4,Metro City,Unfurnished,2,Good,6700000
1300.0,3,2,15,Metro City,Semi-Furnished,0,Good,5200000
3000.0,4,4,0,Metro City,Semi-Furnished,1,Good,12000000
720.0,4,3,18,Metro City,Fully Furnished,1,Excellent,9500000
1819.18,3,3,15,Metro City,Unfurnished,1,Good,16000000
1200.0,7,7,22,Metro City,Semi-Furnished,2,Good,19900000
1500.0,3,2,14,Metro City,Semi-Furnished,1,Excellent,6500000
1153.0,2,2,9,Tier-1 City,Fully Furnished,2,Excellent,3750000
1600.0,3,3,13,Metro City,Unfurnished,1,Good,10400000
2119.0,4,4,2,Metro City,Unfurnished,0,Good,11100000
1500.0,3,3,0,Metro City,Semi-Furnished,1,Good,7500000
1240.0,2,2,7,Metro City,Fully Furnished,1,Excellent,7100000
4250.0,4,4,24,Metro City,Fully Furnished,0,Good,61000000
1050.0,2,2,17,Metro City,Fully Furnished,1,Poor,4500000
1540.0,3,3,0,Tier-1 City,Semi-Furnished,2,Poor,3550000
1100.0,3,2,7,Metro City,Unfurnished,2,Poor,7500000
2990.0,3,5,22,Metro City,Fully Furnished,1,Good,21000000
1044.0,2,2,20,Rural Area,Unfurnished,1,Excellent,1100000
1125.0,2,2,7,Tier-1 City,Fully Furnished,1,Good,3200000
1035.0,2,2,7,Metro City,Unfurnished,1,Good,4250000
1000.0,2,2,0,Metro City,Unfurnished,0,Good,4200000
1033.0,3,2,2,Metro City,Semi-Furnished,2,Good,3050000
1130.0,2,2,10,Tier-2 City,Semi-Furnished,1,Good,1800000
877.0,2,2,19,Metro City,Unfurnished,1,Good,3000000
1555.0,3,3,22,Metro City,Unfurnished,3,Good,10000000
2250.0,3,3,20,Tier-2 City,Unfurnished,1,Good,5650000
1000.0,2,2,16,Metro City,Fully Furnished,1,Good,4200000
1138.0,2,2,5,Metro City,Semi-Furnished,1,Excellent,11000000
1200.0,2,2,8,Metro City,Semi-Furnished,1,Good,4800000
2384.0,3,4,18,Metro City,Unfurnished,1,Good,16500000
1200.0,8,7,1,Tier-2 City,Unfurnished,3,Excellent,5600000
1680.0,3,3,24,Metro City,Unfurnished,3,Good,10100000
920.0,2,2,12,Metro City,Unfurnished,0,Good,6300000
975.0,2,2,0,Metro City,Unfurnished,1,Good,2500000
1655.0,3,3,10,Metro City,Semi-Furnished,1,Good,9700000
1089.0,2,2,4,Metro City,Fully Furnished,0,Good,4350000
1132.0,2,2,12,Rural Area,Unfurnished,1,Poor,900000
2000.0,9,9,4,Tier-2 City,Fully Furnished,0,Excellent,4800000
560.0,1,1,18,Metro City,Unfurnished,0,Poor,9000000
1950.0,3,3,9,Metro City,Unfurnished,1,Good,13200000
1200.0,3,3,9,Metro City,Fully Furnished,0,Excellent,22500000
4075.0,4,5,25,Metro City,Unfurnished,1,Good,22600000
1145.0,2,2,10,Metro City,Unfurnished,1,Good,6300000
1885.0,3,3,1,Metro City,Unfurnished,2,Good,13500000
1198.0,2,2,6,Metro City,Semi-Furnished,1,Excellent,5400000
1140.0,2,2,22,Metro City,Semi-Furnished,1,Good,3400000
1194.0,2,2,12,Metro City,Fully Furnished,1,Good,4600000
2000.0,3,3,18,Metro City,Semi-Furnished,1,Good,9900000
1258.0,2,2,1,Metro City,Unfurnished,1,Good,11500000
3500.0,4,5,10,Tier-1 City,Semi-Furnished,3,Good,28600000
1240.0,2,2,5,Metro City,Semi-Furnished,1,Poor,4500000
1780.0,3,3,1,Metro City,Semi-Furnished,1,Good,10000000
2400.0,1,1,1,Metro City,Semi-Furnished,0,Excellent,20000000
1350.0,9,8,8,Tier-1 City,Semi-Furnished,1,Poor,12800000
1800.0,5,4,1,Metro City,Semi-Furnished,0,Excellent,6800000
1180.0,3,2,18,Tier-1 City,Unfurnished,1,Good,4250000
1100.0,2,2,1,Metro City,Unfurnished,2,Good,4500000
1178.0,2,2,10,Rural Area,Fully Furnished,2,Excellent,850000
1520.0,3,2,1,Metro City,Semi-Furnished,2,Good,9000000
1200.0,2,2,11,Rural Area,Unfurnished,1,Poor,500000
1165.0,2,2,12,Tier-1 City,Unfurnished,1,Good,4950000
1200.0,2,2,16,Tier-2 City,Fully Furnished,0,Excellent,1550000
1395.0,3,3,3,Metro City,Unfurnished,0,Good,8200000
1026.0,2,2,14,Metro City,Unfurnished,2,Poor,5000000
1350.0,2,2,7,Metro City,Fully Furnished,2,Poor,6800000
1040.0,2,2,21,Metro City,Fully Furnished,0,Good,5000000
1375.0,5,5,0,Metro City,Semi-Furnished,1,Poor,12500000
1000.0,2,1,6,Metro City,Unfurnished,1,Good,9000000
2400.0,3,3,16,Metro City,Semi-Furnished,1,Good,31000000
1355.0,3,3,3,Tier-1 City,Semi-Furnished,1,Excellent,5350000
920.0,2,2,9,Metro City,Fully Furnished,2,Excellent,2600000
623.0,4,4,2,Tier-2 City,Fully Furnished,1,Good,2550000
1350.0,3,2,5,Metro City,Semi-Furnished,2,Excellent,4800000
1155.0,2,2,18,Metro City,Unfurnished,1,Good,6000000
2774.0,4,4,10,Metro City,Semi-Furnished,3,Excellent,19700000
1390.0,3,3,19,Metro City,Unfurnished,0,Good,6800000
1200.0,2,1,2,Metro City,Fully Furnished,3,Good,3600000
1140.0,4,3,5,Rural Area,Fully Furnished,1,Excellent,3250000
1604.0,3,3,5,Rural Area,Unfurnished,1,Good,1000000
1050.0,2,2,9,Rural Area,Fully Furnished,1,Poor,500000
1230.0,2,2,10,Metro City,Semi-Furnished,1,Excellent,7900000
1704.0,3,3,4,Rural Area,Unfurnished,1,Good,1250000
600.0,3,3,5,Metro City,Semi-Furnished,0,Good,8600000
1055.0,2,2,2,Metro City,Unfurnished,0,Excellent,4300000
1881.0,3,3,2,Tier-1 City,Semi-Furnished,2,Excellent,7700000
1808.0,3,4,9,Metro City,Fully Furnished,1,Good,8000000
1157.0,3,2,6,Metro City,Unfurnished,2,Excellent,6900000
1290.0,2,2,20,Tier-2 City,Unfurnished,1,Good,3300000
1290.0,2,2,11,Metro City,Unfurnished,1,Good,10000000
1015.0,2,2,10,Metro City,Semi-Furnished,1,Poor,5600000
1250.0,2,2,24,Metro City,Semi-Furnished,2,Poor,7600000
630.5,1,1,5,Metro City,Unfurnished,0,Good,3200000
1281.0,2,2,4,Tier-2 City,Unfurnished,0,Good,3250000
2400.0,3,3,4,Metro City,Semi-Furnished,2,Good,38000000
4000.0,4,5,9,Metro City,Semi-Furnished,0,Excellent,21200000
1040.0,2,2,8,Metro City,Fully Furnished,1,Poor,6850000
1069.0,3,3,8,Metro City,Semi-Furnished,0,Good,6550000
945.0,2,2,22,Tier-2 City,Unfurnished,1,Good,1250000
970.0,2,2,6,Metro City,Semi-Furnished,0,Excellent,3400000
1236.0,2,2,13,Metro City,Unfurnished,1,Good,6150000
1070.0,2,2,0,Metro City,Unfurnished,0,Good,5000000
1586.0,3,3,17,Metro City,Semi-Furnished,1,Excellent,9000000
1370.0,3,2,2,Metro City,Semi-Furnished,1,Excellent,5500000
1960.0,3,3,0,Metro City,Unfurnished,1,Poor,16000000
1180.0,2,2,18,Metro City,Semi-Furnished,2,Excellent,4200000
1550.0,3,2,7,Metro City,Semi-Furnished,2,Good,6000000
1089.0,2,2,9,Metro City,Fully Furnished,1,Good,4000000
3600.0,4,5,2,Metro City,Semi-Furnished,2,Good,40000000
1000.0,2,2,17,Tier-2 City,Unfurnished,1,Good,1100000
1694.0,2,2,3,Metro City,Unfurnished,1,Good,12500000
883.0,2,2,9,Metro City,Semi-Furnished,2,Good,4500000
1230.0,2,2,2,Metro City,Unfurnished,1,Good,5500000
1350.0,2,2,25,Metro City,Fully Furnished,3,Excellent,4500000
1450.0,3,3,19,Metro City,Fully Furnished,1,Poor,9000000
1200.0,3,3,7,Metro City,Unfurnished,1,Good,5600000
1220.0,2,2,20,Metro City,Unfurnished,1,Excellent,5200000
600.0,4,5,2,Metro City,Unfurnished,1,Good,10500000
1452.0,3,3,17,Tier-1 City,Unfurnished,2,Excellent,4550000
1825.0,3,3,13,Metro City,Unfurnished,2,Good,17500000
1200.0,2,2,4,Metro City,Semi-Furnished,1,Good,6000000
1225.0,2,2,0,Rural Area,Unfurnished,0,Good,650000
1359.0,2,2,0,Metro City,Semi-Furnished,1,Good,10400000
1375.0,3,2,12,Metro City,Semi-Furnished,1,Excellent,8500000
1465.0,3,2,5,Metro City,Semi-Furnished,0,Good,7500000
1673.0,3,3,23,Metro City,Semi-Furnished,2,Excellent,11500000
800.0,6,6,4,Metro City,Semi-Furnished,0,Good,7500000
1500.0,4,5,14,Metro City,Semi-Furnished,1,Good,16000000
3250.0,5,5,1,Metro City,Semi-Furnished,1,Poor,39500000
1322.0,2,2,5,Tier-2 City,Semi-Furnished,1,Good,2550000
1277.5,2,2,9,Metro City,Semi-Furnished,3,Excellent,5700000
1200.0,2,2,9,Metro City,Fully Furnished,3,Good,3450000
1568.0,3,2,16,Metro City,Semi-Furnished,1,Good,10000000
1845.0,3,3,21,Metro City,Semi-Furnished,1,Good,9100000
717.0,2,2,17,Metro City,Fully Furnished,1,Good,4950000
1470.0,3,2,0,Metro City,Semi-Furnished,1,Excellent,8500000
1850.0,3,3,0,Metro City,Semi-Furnished,1,Good,10000000
2100.0,3,3,24,Tier-2 City,Fully Furnished,1,Good,2300000
996.0,2,2,10,Metro City,Semi-Furnished,1,Good,4900000
1000.0,2,2,9,Metro City,Semi-Furnished,1,Poor,3500000
1170.0,2,2,10,Metro City,Semi-Furnished,3,Good,8600000
1100.0,2,2,14,Metro City,Semi-Furnished,2,Good,4600000
1200.0,3,2,8,Metro City,Semi-Furnished,2,Good,6600000
5100.0,6,5,7,Metro City,Fully Furnished,2,Good,30000000
2220.0,3,4,3,Metro City,Semi-Furnished,1,Excellent,6500000
1200.0,4,2,20,Tier-1 City,Unfurnished,0,Poor,7400000
1530.0,3,2,12,Tier-1 City,Fully Furnished,1,Excellent,3900000
1950.0,3,3,1,Metro City,Unfurnished,2,Good,23000000
525.0,1,1,0,Metro City,Semi-Furnished,1,Good,2700000
1094.0,2,2,10,Rural Area,Unfurnished,2,Excellent,500000
1170.0,2,2,16,Tier-1 City,Semi-Furnished,2,Poor,3650000
5000.0,4,4,10,Metro City,Unfurnished,3,Good,29000000
1181.7,2,2,22,Metro City,Fully Furnished,0,Excellent,10000000
1350.0,3,3,8,Metro City,Semi-Furnished,0,Excellent,6000000
3000.0,4,4,3,Metro City,Unfurnished,1,Excellent,30600000
1145.0,2,2,16,Tier-1 City,Fully Furnished,0,Good,4450000
1541.0,3,3,11,Tier-2 City,Unfurnished,2,Good,2250000
1295.0,2,2,1,Tier-1 City,Semi-Furnished,1,Excellent,2450000
1905.0,4,3,2,Metro City,Semi-Furnished,3,Good,8600000
510.0,1,1,7,Metro City,Semi-Furnished,1,Poor,2500000
1427.0,3,2,16,Metro City,Fully Furnished,1,Good,4850000
1225.0,2,2,6,Metro City,Semi-Furnished,0,Good,6750000
1300.0,3,3,12,Metro City,Semi-Furnished,1,Good,5500000
1420.0,3,3,19,Metro City,Fully Furnished,2,Poor,6800000
1080.0,2,2,1,Metro City,Unfurnished,0,Good,3800000
400.0,1,1,0,Metro City,Semi-Furnished,0,Excellent,7500000
1500.0,4,4,16,Tier-2 City,Semi-Furnished,0,Good,4050000
1600.0,5,5,10,Metro City,Semi-Furnished,2,Excellent,14000000
650.0,1,1,6,Metro City,Semi-Furnished,1,Good,3500000
381.0,1,1,5,Metro City,Semi-Furnished,1,Good,2800000
2051.0,3,3,15,Metro City,Semi-Furnished,0,Good,17000000
1065.0,3,3,20,Metro City,Semi-Furnished,1,Good,7200000
1140.0,2,2,17,Metro City,Fully Furnished,0,Excellent,5100000
800.0,6,6,3,Rural Area,Unfurnished,1,Poor,1600000
1275.0,3,2,7,Metro City,Fully Furnished,1,Good,9500000
1085.0,2,2,5,Metro City,Semi-Furnished,2,Good,5000000
1090.0,2,2,25,Metro City,Semi-Furnished,2,Excellent,2850000
1306.0,3,3,16,Tier-2 City,Unfurnished,1,Excellent,1600000
1135.0,2,2,14,Metro City,Unfurnished,1,Excellent,4600000
1200.0,4,3,19,Metro City,Unfurnished,0,Good,8700000
1508.0,3,3,0,Metro City,Fully Furnished,1,Excellent,7000000
3122.0,4,6,12,Metro City,Semi-Furnished,1,Excellent,23500000
4111.0,4,4,12,Metro City,Unfurnished,0,Excellent,25000000
1400.0,2,2,2,Metro City,Unfurnished,3,Excellent,6500000
999.0,2,2,0,Tier-1 City,Semi-Furnished,1,Good,2650000
2420.0,4,4,0,Metro City,Fully Furnished,1,Excellent,19000000
1685.0,3,3,16,Metro City,Fully Furnished,1,Good,9500000
1015.0,2,2,14,Metro City,Fully Furnished,2,Good,2600000
1400.0,2,2,0,Metro City,Semi-Furnished,0,Good,6800000
3035.0,3,5,13,Metro City,Semi-Furnished,2,Good,27100000
1070.0,2,2,1,Metro City,Unfurnished,1,Good,5200000
2400.0,4,4,6,Rural Area,Unfurnished,1,Good,7350000
1112.0,2,2,6,Metro City,Unfurnished,1,Poor,8800000
1165.0,2,2,0,Tier-1 City,Fully Furnished,1,Good,3200000
1330.0,2,2,2,Metro City,Fully Furnished,2,Good,9250000
5000.0,4,5,22,Metro City,Unfurnished,1,Good,39500000
1230.0,2,2,10,Metro City,Semi-Furnished,1,Good,5800000
1200.0,2,2,6,Tier-1 City,Fully Furnished,3,Poor,4500000
1174.0,2,2,8,Rural Area,Semi-Furnished,3,Excellent,950000
1590.0,3,2,14,Metro City,Unfurnished,2,Good,12600000
965.0,2,2,21,Metro City,Fully Furnished,1,Good,3800000
1115.0,2,2,10,Metro City,Semi-Furnished,2,Excellent,5000000
1352.0,2,2,5,Metro City,Semi-Furnished,1,Good,8500000
1980.0,3,3,1,Rural Area,Semi-Furnished,1,Excellent,1300000
2830.0,4,5,14,Metro City,Semi-Furnished,1,Good,19000000
1452.0,3,3,7,Metro City,Fully Furnished,0,Poor,6100000
1200.0,2,1,6,Metro City,Unfurnished,1,Excellent,3600000
1020.0,2,2,16,Metro City,Fully Furnished,1,Excellent,5500000
1475.0,2,2,7,Metro City,Semi-Furnished,1,Good,17100000
2497.0,3,3,19,Metro City,Fully Furnished,1,Good,14000000
1174.0,2,2,1,Metro City,Fully Furnished,2,Excellent,7600000
1200.0,3,3,16,Metro City,Semi-Furnished,1,Excellent,20000000
2800.0,3,3,17,Metro City,Semi-Furnished,1,Excellent,25000000
1308.0,2,2,1,Metro City,Semi-Furnished,2,Good,8300000
1535.0,3,3,4,Tier-2 City,Unfurnished,1,Good,3300000
1200.0,3,2,5,Tier-1 City,Semi-Furnished,1,Good,4850000
900.0,2,2,8,Metro City,Unfurnished,1,Good,5500000
950.0,2,2,5,Metro City,Fully Furnished,2,Good,5500000
1200.0,3,2,12,Tier-2 City,Semi-Furnished,0,Excellent,5050000
1313.0,2,2,2,Metro City,Semi-Furnished,0,Poor,6800000
1458.0,3,2,7,Tier-2 City,Unfurnished,2,Excellent,1850000
2675.0,4,4,0,Metro City,Semi-Furnished,1,Good,14000000
1150.0,2,2,3,Metro City,Semi-Furnished,0,Good,4600000
1330.0,2,2,12,Metro City,Fully Furnished,1,Good,7800000
1987.0,3,4,4,Metro City,Unfurnished,2,Good,16500000
1160.0,2,2,14,Metro City,Fully Furnished,1,Poor,4650000
1200.0,2,2,0,Metro City,Unfurnished,1,Good,4600000
1600.0,3,3,3,Metro City,Unfurnished,1,Good,9500000
560.0,1,1,17,Tier-2 City,Unfurnished,1,Good,1750000
1936.0,3,2,21,Metro City,Fully Furnished,0,Excellent,5400000
2038.5,3,3,20,Tier-2 City,Unfurnished,1,Good,4800000
1112.0,2,2,3,Metro City,Semi-Furnished,1,Good,5800000
1256.0,2,2,8,Tier-1 City,Semi-Furnished,1,Good,3550000
793.0,1,1,16,Metro City,Semi-Furnished,0,Good,4000000
1300.0,3,2,12,Metro City,Semi-Furnished,2,Good,5200000
1215.0,3,2,7,Metro City,Fully Furnished,1,Excellent,5300000
1232.0,2,2,4,Tier-1 City,Fully Furnished,1,Good,4750000
1760.0,3,3,3,Metro City,Semi-Furnished,0,Good,14200000
845.0,2,2,7,Metro City,Unfurnished,1,Good,3300000
605.0,1,1,4,Metro City,Semi-Furnished,2,Excellent,4000000
1090.0,2,2,15,Metro City,Fully Furnished,1,Good,4500000
1272.0,2,2,8,Metro City,Semi-Furnished,1,Excellent,5000000
1165.0,2,2,18,Metro City,Semi-Furnished,0,Good,4500000
1290.0,3,2,0,Metro City,Semi-Furnished,1,Good,5100000
1116.0,2,2,3,Metro City,Unfurnished,0,Excellent,5200000
2225.0,3,3,0,Metro City,Unfurnished,1,Poor,16000000
1500.0,3,2,6,Tier-1 City,Unfurnished,2,Excellent,3500000
820.0,2,2,6,Metro City,Semi-Furnished,1,Poor,3900000
770.0,4,3,23,Metro City,Semi-Furnished,0,Excellent,6500000
1200.0,2,2,11,Metro City,Unfurnished,1,Excellent,5200000
3453.0,5,4,1,Metro City,Fully Furnished,1,Good,23100000
1222.0,3,3,11,Metro City,Semi-Furnished,0,Excellent,9500000
1200.0,9,7,1,Metro City,Fully Furnished,3,Good,9500000
2300.0,3,3,4,Metro City,Semi-Furnished,1,Poor,25000000
966.0,2,2,19,Metro City,Semi-Furnished,1,Poor,5800000
814.0,2,2,1,Metro City,Semi-Furnished,1,Good,5300000
1749.0,3,3,1,Metro City,Unfurnished,1,Good,11500000
4800.0,4,4,1,Metro City,Unfurnished,1,Good,70000000
1757.0,3,3,11,Metro City,Fully Furnished,1,Poor,13200000
1000.0,5,4,25,Tier-1 City,Semi-Furnished,1,Good,5450000
7800.0,3,3,16,Metro City,Semi-Furnished,0,Good,200000000
1053.0,2,2,0,Metro City,Unfurnished,2,Excellent,4500000
1170.0,2,2,8,Metro City,Fully Furnished,1,Good,4700000
1495.0,3,2,11,Metro City,Fully Furnished,1,Good,6700000
615.0,1,1,0,Tier-1 City,Fully Furnished,0,Excellent,2600000
1089.0,2,2,14,Metro City,Semi-Furnished,2,Good,4500000
1400.0,5,5,3,Metro City,Semi-Furnished,2,Good,9700000
1345.0,3,2,11,Metro City,Semi-Furnished,1,Excellent,5700000
1311.0,2,2,9,Metro City,Semi-Furnished,1,Good,7800000
1110.0,2,2,4,Metro City,Fully Furnished,1,Good,11000000
1610.0,3,3,16,Metro City,Semi-Furnished,1,Good,9000000
1520.0,3,3,11,Metro City,Fully Furnished,1,Poor,8000000
1194.0,2,2,14,Metro City,Unfurnished,1,Good,4700000
955.0,2,2,14,Metro City,Unfurnished,0,Good,3800000
1274.0,2,2,22,Metro City,Unfurnished,0,Good,7000000
1259.0,2,2,17,Rural Area,Unfurnished,1,Good,1000000
550.0,2,1,18,Metro City,Semi-Furnished,0,Excellent,1600000
2000.0,4,4,12,Metro City,Fully Furnished,1,Good,31200000
1140.0,4,4,3,Metro City,Semi-Furnished,2,Good,9000000
1245.0,2,2,0,Tier-2 City,Semi-Furnished,2,Good,2900000
1500.0,3,3,3,Metro City,Fully Furnished,0,Good,8700000
1314.0,2,2,10,Metro City,Fully Furnished,1,Good,6800000
1500.0,3,2,18,Metro City,Semi-Furnished,1,Excellent,7800000
1350.0,3,2,4,Tier-2 City,Unfurnished,0,Poor,2300000
1400.0,3,3,4,Metro City,Semi-Furnished,2,Poor,9000000
3000.0,6,6,9,Metro City,Unfurnished,1,Poor,15000000
3000.0,6,8,12,Metro City,Fully Furnished,1,Good,9000000
2500.0,3,3,14,Metro City,Fully Furnished,0,Good,35000000
1200.0,2,2,16,Metro City,Unfurnished,0,Good,7200000
920.0,2,2,15,Metro City,Semi-Furnished,2,Good,3300000
1350.0,9,8,8,Tier-1 City,Semi-Furnished,1,Poor,11150000
1000.0,2,2,9,Metro City,Fully Furnished,1,Excellent,5000000
1045.0,2,2,3,Rural Area,Semi-Furnished,1,Good,950000
1308.0,2,2,6,Metro City,Fully Furnished,2,Good,8900000
1260.0,3,2,23,Metro City,Unfurnished,1,Good,8500000
1216.0,2,2,4,Metro City,Semi-Furnished,2,Good,8200000
1340.0,2,2,13,Metro City,Semi-Furnished,1,Good,7300000
1000.0,2,2,14,Metro City,Semi-Furnished,0,Good,2500000
1175.0,2,2,22,Metro City,Semi-Furnished,1,Good,3800000
1135.0,2,2,7,Rural Area,Unfurnished,1,Good,650000
1450.0,3,2,2,Metro City,Semi-Furnished,1,Excellent,8950000
800.0,5,5,1,Tier-2 City,Semi-Furnished,2,Good,4300000
1116.0,2,2,6,Rural Area,Unfurnished,0,Excellent,700000
1360.0,3,2,6,Metro City,Fully Furnished,0,Good,8500000
1045.0,2,2,0,Metro City,Unfurnished,1,Good,5500000
1305.0,3,3,1,Metro City,Fully Furnished,1,Good,3350000
1190.0,2,2,5,Tier-1 City,Unfurnished,2,Good,2800000
1310.0,3,2,17,Metro City,Fully Furnished,1,Good,6800000
1140.0,2,2,23,Metro City,Unfurnished,1,Good,4500000
2215.0,3,4,7,Metro City,Semi-Furnished,1,Good,15000000
600.0,4,4,12,Metro City,Unfurnished,0,Good,6500000
1440.0,2,2,6,Metro City,Fully Furnished,0,Good,6000000
1060.0,2,2,5,Metro City,Unfurnished,2,Good,5500000
1520.0,3,2,17,Metro City,Unfurnished,2,Excellent,10300000
1110.0,2,2,5,Rural Area,Unfurnished,1,Excellent,700000
2400.0,6,5,1,Metro City,Semi-Furnished,0,Good,75000000
1559.0,3,3,6,Metro City,Fully Furnished,2,Good,8150000
1355.0,2,2,7,Tier-1 City,Fully Furnished,2,Good,7050000
1256.0,2,2,6,Metro City,Semi-Furnished,0,Good,6300000
610.0,1,1,2,Tier-2 City,Fully Furnished,0,Good,1150000
1358.0,3,3,10,Metro City,Semi-Furnished,3,Excellent,5000000
2336.5,3,3,6,Tier-2 City,Semi-Furnished,2,Good,4050000
1110.0,2,2,18,Metro City,Semi-Furnished,2,Excellent,3900000
1162.0,2,2,5,Metro City,Semi-Furnished,1,Excellent,5900000
1350.0,2,2,3,Metro City,Semi-Furnished,1,Poor,9900000
1160.0,2,2,0,Metro City,Semi-Furnished,1,Good,4050000
1330.0,5,5,17,Metro City,Unfurnished,2,Good,21000000
1261.0,2,2,13,Metro City,Fully Furnished,0,Good,6100000
1222.0,2,2,21,Metro City,Semi-Furnished,2,Excellent,6300000
1339.0,2,2,11,Metro City,Unfurnished,0,Good,8500000
2569.0,4,5,7,Metro City,Semi-Furnished,1,Excellent,18000000
1095.0,2,2,11,Metro City,Unfurnished,1,Good,3350000
1804.0,3,3,9,Metro City,Fully Furnished,2,Good,15000000
3500.0,3,4,25,Rural Area,Semi-Furnished,1,Poor,6450000
1498.0,3,3,1,Metro City,Semi-Furnished,1,Good,9500000
1525.0,3,3,6,Metro City,Semi-Furnished,0,Excellent,6500000
1268.0,2,2,6,Metro City,Semi-Furnished,0,Good,7300000
960.0,2,2,5,Metro City,Fully Furnished,2,Good,5800000
1196.0,2,2,9,Metro City,Semi-Furnished,1,Good,5700000
745.0,2,2,0,Metro City,Unfurnished,2,Poor,5000000
1500.0,4,4,16,Metro City,Semi-Furnished,2,Good,18000000
1185.0,2,2,13,Metro City,Semi-Furnished,1,Good,4400000
4800.0,4,5,1,Metro City,Unfurnished,0,Good,62900000
1252.0,3,3,25,Metro City,Unfurnished,2,Excellent,5900000
1408.0,2,2,16,Metro City,Semi-Furnished,0,Good,5800000
883.0,2,2,7,Metro City,Semi-Furnished,1,Excellent,3900000
1186.0,3,2,10,Metro City,Fully Furnished,0,Poor,4000000
645.0,1,1,4,Metro City,Semi-Furnished,0,Excellent,1650000
900.0,2,1,14,Metro City,Fully Furnished,0,Good,2500000
1535.0,3,3,8,Metro City,Unfurnished,1,Good,8500000
1200.0,2,2,8,Metro City,Semi-Furnished,0,Good,7500000
1261.0,2,2,13,Rural Area,Semi-Furnished,0,Good,950000
1190.0,2,2,3,Metro City,Semi-Furnished,2,Good,3900000
1060.0,2,2,17,Metro City,Unfurnished,2,Good,3700000
1050.0,2,2,0,Metro City,Semi-Furnished,0,Excellent,5900000
630.0,1,1,15,Metro City,Semi-Furnished,0,Excellent,3450000
3000.0,3,3,13,Metro City,Fully Furnished,0,Excellent,40000000
600.0,2,2,7,Metro City,Unfurnished,1,Poor,6500000
2000.0,3,3,2,Tier-2 City,Semi-Furnished,1,Good,2450000
4000.0,4,6,2,Metro City,Unfurnished,1,Good,37000000
1540.0,3,3,4,Metro City,Unfurnished,0,Good,6500000
1680.0,3,3,9,Tier-1 City,Unfurnished,1,Excellent,8900000
1070.0,2,2,16,Metro City,Fully Furnished,2,Poor,5800000
1135.0,2,2,4,Metro City,Unfurnished,1,Good,3950000
2400.0,4,2,12,Metro City,Semi-Furnished,2,Good,25000000
1390.0,2,2,2,Tier-2 City,Unfurnished,2,Good,3200000
1665.0,3,3,15,Metro City,Fully Furnished,2,Good,5300000
1100.0,3,2,16,Metro City,Fully Furnished,2,Good,5300000
1047.0,2,2,17,Metro City,Fully Furnished,2,Good,8200000
2010.0,3,3,1,Metro City,Unfurnished,2,Good,12500000
1683.0,3,3,10,Metro City,Fully Furnished,0,Excellent,14000000
1305.0,3,3,15,Metro City,Semi-Furnished,1,Excellent,9550000
1195.0,2,2,5,Tier-2 City,Unfurnished,0,Excellent,1750000
1160.0,2,2,0,Metro City,Semi-Furnished,1,Good,4400000
1674.0,3,3,16,Rural Area,Semi-Furnished,2,Excellent,1450000
4700.0,4,5,20,Tier-2 City,Semi-Furnished,1,Good,28700000
1150.0,3,2,0,Tier-1 City,Semi-Furnished,2,Excellent,3800000
2733.0,4,5,15,Tier-1 City,Semi-Furnished,1,Good,15800000
360.0,1,1,9,Metro City,Unfurnished,1,Excellent,2600000
1554.0,3,3,4,Metro City,Unfurnished,1,Good,5500000
1250.0,2,2,19,Metro City,Semi-Furnished,0,Excellent,6500000
2882.0,4,5,5,Tier-1 City,Unfurnished,1,Good,12600000
1000.0,2,2,9,Metro City,Semi-Furnished,2,Excellent,4950000
1304.0,3,3,16,Rural Area,Unfurnished,2,Good,1100000
1170.0,2,2,1,Metro City,Fully Furnished,1,Good,6800000
1200.0,2,2,16,Metro City,Fully Furnished,2,Excellent,4600000
1016.0,2,2,0,Metro City,Semi-Furnished,1,Good,4000000
1334.0,2,2,14,Metro City,Semi-Furnished,1,Good,6200000
1140.0,2,2,12,Metro City,Semi-Furnished,1,Good,5800000
2440.0,3,3,23,Tier-1 City,Semi-Furnished,2,Good,8450000
2732.0,4,4,0,Metro City,Semi-Furnished,2,Excellent,20400000
1200.0,4,2,10,Metro City,Semi-Furnished,2,Good,3500000
2400.0,4,5,1,Metro City,Unfurnished,1,Excellent,39500000
1026.0,2,2,5,Metro City,Semi-Furnished,2,Good,4500000
2559.0,3,3,5,Metro City,Fully Furnished,1,Good,14100000
902.0,2,2,18,Metro City,Semi-Furnished,1,Good,2500000
1150.0,2,2,8,Tier-1 City,Semi-Furnished,0,Good,3700000
2200.0,3,2,9,Metro City,Semi-Furnished,1,Good,16200000
1198.0,2,2,17,Metro City,Unfurnished,0,Good,7700000
2100.0,3,3,2,Tier-2 City,Semi-Furnished,2,Good,8800000
1200.0,3,3,11,Metro City,Fully Furnished,0,Poor,9000000
1080.0,2,2,20,Metro City,Semi-Furnished,1,Excellent,3700000
1140.0,2,2,2,Metro City,Semi-Furnished,2,Good,4900000
1600.0,3,3,3,Metro City,Unfurnished,3,Excellent,6150000
1240.0,3,2,15,Metro City,Semi-Furnished,2,Poor,6500000
1500.0,3,2,19,Metro City,Fully Furnished,2,Poor,6500000
1845.0,3,4,12,Metro City,Semi-Furnished,2,Good,11000000
1130.0,2,2,12,Metro City,Semi-Furnished,0,Excellent,3250000
998.0,2,2,22,Tier-1 City,Semi-Furnished,1,Good,4400000
2800.0,5,3,11,Metro City,Fully Furnished,0,Good,42500000
650.0,2,2,11,Metro City,Semi-Furnished,0,Good,4500000
2500.0,4,4,7,Metro City,Semi-Furnished,2,Excellent,9500000
1150.0,2,2,18,Metro City,Unfurnished,2,Good,3800000
1938.0,3,3,4,Metro City,Unfurnished,3,Excellent,9250000
1050.0,2,2,18,Metro City,Semi-Furnished,3,Good,5000000
1280.0,2,2,5,Tier-2 City,Semi-Furnished,1,Excellent,2250000
1460.0,3,2,9,Metro City,Unfurnished,2,Excellent,5100000
1050.0,2,2,2,Metro City,Unfurnished,0,Good,4800000
1100.0,2,2,7,Metro City,Fully Furnished,1,Excellent,5500000
1749.0,3,3,15,Tier-1 City,Fully Furnished,0,Good,9900000
1800.0,3,3,18,Metro City,Unfurnished,1,Excellent,17500000
1862.0,3,3,7,Tier-2 City,Unfurnished,0,Good,4750000
1300.0,2,2,1,Metro City,Unfurnished,0,Excellent,12000000
1500.0,3,2,6,Metro City,Semi-Furnished,1,Poor,6300000
1118.0,2,2,1,Tier-1 City,Semi-Furnished,2,Good,2600000
1053.0,2,2,7,Tier-1 City,Semi-Furnished,2,Good,2750000
1100.0,3,3,2,Tier-1 City,Semi-Furnished,0,Excellent,3400000
5000.0,5,6,11,Metro City,Semi-Furnished,1,Excellent,36000000
1515.0,3,2,12,Metro City,Fully Furnished,0,Excellent,7900000
1780.0,3,3,4,Metro City,Semi-Furnished,1,Good,8800000
1260.0,2,2,13,Metro City,Semi-Furnished,1,Good,5500000
1300.0,3,3,25,Metro City,Semi-Furnished,1,Good,8900000
3400.0,4,4,21,Metro City,Semi-Furnished,2,Good,20000000
1150.0,2,2,1,Metro City,Unfurnished,1,Good,6900000
1152.0,2,2,8,Rural Area,Semi-Furnished,2,Good,1100000
1223.0,3,2,5,Tier-2 City,Semi-Furnished,1,Poor,1650000
1450.0,3,2,15,Metro City,Unfurnished,1,Good,13500000
1800.0,6,4,25,Metro City,Semi-Furnished,1,Good,32400000
1246.0,2,2,13,Tier-2 City,Semi-Furnished,0,Good,2900000
1450.0,2,2,1,Metro City,Fully Furnished,1,Good,8000000
1400.0,3,2,2,Metro City,Semi-Furnished,0,Good,8600000
3200.0,4,5,16,Metro City,Unfurnished,0,Good,15000000
644.0,1,1,9,Metro City,Semi-Furnished,0,Excellent,4000000
2106.0,3,3,1,Metro City,Semi-Furnished,1,Good,14800000
1555.0,3,3,1,Tier-2 City,Semi-Furnished,0,Good,3100000
450.0,1,1,14,Tier-2 City,Unfurnished,0,Good,500000
1826.0,3,3,14,Metro City,Fully Furnished,3,Good,12100000
817.0,4,2,13,Metro City,Semi-Furnished,1,Good,12000000
1750.0,3,3,4,Metro City,Semi-Furnished,2,Good,12000000
600.0,4,4,5,Metro City,Unfurnished,0,Excellent,9500000
1520.0,3,2,5,Metro City,Semi-Furnished,1,Excellent,7000000
360.0,1,1,9,Tier-1 City,Unfurnished,1,Excellent,1650000
1350.0,2,2,11,Rural Area,Fully Furnished,0,Good,750000
1116.0,2,2,4,Metro City,Semi-Furnished,2,Good,4000000
1050.0,3,3,12,Tier-2 City,Fully Furnished,1,Good,5250000
1540.0,3,2,6,Metro City,Unfurnished,0,Good,7000000
1650.0,4,4,15,Metro City,Semi-Furnished,0,Good,32000000
2072.0,3,3,0,Metro City,Semi-Furnished,2,Good,10800000
1200.0,2,2,21,Metro City,Fully Furnished,2,Good,6800000
1200.0,2,2,6,Tier-2 City,Semi-Furnished,1,Poor,7750000
3000.0,4,3,6,Metro City,Fully Furnished,2,Good,13200000
925.0,2,2,14,Metro City,Semi-Furnished,2,Good,4000000
1205.0,2,2,12,Metro City,Unfurnished,1,Good,7500000
1225.0,2,2,2,Metro City,Unfurnished,2,Good,4750000
2000.0,4,4,0,Tier-1 City,Semi-Furnished,1,Good,6550000
892.0,2,2,0,Metro City,Semi-Furnished,1,Excellent,3900000
1100.0,2,2,1,Metro City,Semi-Furnished,2,Excellent,5500000
1370.0,3,2,12,Metro City,Semi-Furnished,2,Excellent,5500000
700.0,1,1,11,Metro City,Unfurnished,0,Good,2550000
1124.0,2,3,9,Metro City,Fully Furnished,1,Good,8000000
750.0,4,4,15,Metro City,Fully Furnished,2,Good,9500000
1077.0,2,2,16,Tier-2 City,Semi-Furnished,1,Excellent,1250000
2650.0,4,4,0,Metro City,Unfurnished,1,Good,19800000
1390.0,3,2,1,Metro City,Unfurnished,2,Good,8000000
1611.0,3,2,10,Metro City,Semi-Furnished,2,Excellent,6450000
2250.0,5,5,2,Metro City,Semi-Furnished,2,Good,24000000
1699.0,3,3,22,Metro City,Semi-Furnished,2,Good,8200000
1268.0,2,2,13,Tier-1 City,Semi-Furnished,2,Excellent,4200000
1216.0,2,2,17,Metro City,Semi-Furnished,3,Good,7500000
900.0,5,5,10,Metro City,Semi-Furnished,1,Good,5500000
1076.0,2,2,9,Tier-2 City,Unfurnished,2,Excellent,1400000
1033.0,2,2,14,Metro City,Semi-Furnished,1,Poor,4900000
1891.0,4,4,10,Metro City,Unfurnished,3,Good,6600000
1442.0,3,3,7,Tier-1 City,Fully Furnished,1,Excellent,5100000
1330.0,3,2,0,Metro City,Fully Furnished,0,Good,4000000
595.0,1,1,6,Tier-1 City,Fully Furnished,1,Good,2400000
1620.0,3,3,7,Metro City,Fully Furnished,1,Good,11000000
1375.0,2,2,8,Tier-2 City,Semi-Furnished,1,Excellent,1950000
1200.0,2,2,23,Tier-2 City,Semi-Furnished,1,Good,2350000
2856.0,4,5,20,Metro City,Fully Furnished,2,Good,15750000
1199.0,2,2,7,Metro City,Semi-Furnished,3,Good,5000000
1200.0,3,3,2,Tier-2 City,Fully Furnished,1,Good,5200000
1650.0,3,3,7,Metro City,Semi-Furnished,1,Good,9100000
1645.0,3,3,7,Metro City,Semi-Furnished,1,Good,12000000
1000.0,2,2,13,Metro City,Unfurnished,3,Excellent,6000000
1255.0,2,2,6,Tier-2 City,Unfurnished,2,Good,2150000
1200.0,7,8,16,Metro City,Semi-Furnished,0,Good,18000000
2400.0,5,4,0,Metro City,Unfurnished,0,Poor,32500000
1267.0,2,2,22,Metro City,Semi-Furnished,1,Poor,5450000
1460.0,3,2,20,Metro City,Fully Furnished,0,Poor,7300000
784.0,4,2,2,Tier-1 City,Semi-Furnished,1,Good,12000000
1500.0,5,6,8,Metro City,Fully Furnished,2,Excellent,14500000
656.0,1,1,12,Tier-1 City,Semi-Furnished,1,Poor,2600000
530.0,1,1,10,Rural Area,Semi-Furnished,1,Excellent,500000
1200.0,3,4,2,Metro City,Fully Furnished,1,Good,24000000
4560.0,4,5,9,Tier-1 City,Fully Furnished,2,Excellent,24900000
1560.0,3,3,11,Metro City,Semi-Furnished,3,Excellent,7800000
1328.0,2,2,11,Metro City,Unfurnished,2,Good,9100000
1396.0,3,3,0,Metro City,Fully Furnished,2,Excellent,7400000
3200.0,3,4,8,Metro City,Unfurnished,1,Good,14000000
1520.0,3,2,14,Metro City,Unfurnished,1,Excellent,8000000
1447.0,2,2,0,Metro City,Semi-Furnished,2,Excellent,7600000
1010.0,2,2,2,Tier-2 City,Semi-Furnished,1,Good,1600000
1755.0,3,3,2,Metro City,Unfurnished,0,Excellent,11500000
1267.0,3,3,7,Metro City,Unfurnished,1,Excellent,5600000
1500.0,3,2,1,Metro City,Fully Furnished,1,Poor,6500000
3500.0,3,4,25,Tier-1 City,Semi-Furnished,1,Poor,34700000
800.0,3,2,5,Metro City,Fully Furnished,2,Excellent,8000000
1620.0,3,3,7,Rural Area,Unfurnished,1,Good,1200000
1000.0,2,2,21,Metro City,Semi-Furnished,2,Good,2950000
5400.0,4,4,3,Metro City,Semi-Furnished,1,Excellent,72500000
1704.0,3,3,19,Metro City,Unfurnished,0,Poor,11000000
3200.0,4,4,23,Tier-2 City,Unfurnished,2,Excellent,12100000
1850.0,3,3,7,Tier-2 City,Semi-Furnished,1,Poor,4600000
1200.0,6,5,11,Metro City,Unfurnished,2,Good,28000000
1170.0,2,2,2,Metro City,Fully Furnished,0,Good,5700000
1425.0,3,2,0,Tier-1 City,Semi-Furnished,1,Good,5800000
3520.0,3,3,4,Metro City,Unfurnished,1,Poor,43000000
1500.0,3,3,0,Tier-1 City,Fully Furnished,1,Poor,9950000
1200.0,2,2,23,Metro City,Fully Furnished,3,Good,12500000
1322.0,2,2,17,Tier-2 City,Unfurnished,1,Excellent,2350000
1710.0,3,3,13,Metro City,Semi-Furnished,2,Excellent,21000000
2600.0,4,3,9,Metro City,Semi-Furnished,1,Good,9500000
1250.0,3,2,0,Tier-2 City,Unfurnished,0,Good,2000000
1050.0,2,2,12,Tier-1 City,Semi-Furnished,0,Good,3650000
1550.0,3,3,0,Metro City,Fully Furnished,2,Good,11000000
1200.0,8,7,24,Tier-1 City,Semi-Furnished,1,Good,5900000
1330.0,3,2,2,Rural Area,Semi-Furnished,1,Poor,850000
1155.0,2,2,0,Metro City,Fully Furnished,3,Excellent,5600000
1200.0,2,2,14,Metro City,Unfurnished,0,Good,6200000
1830.0,3,3,3,Metro City,Unfurnished,2,Good,12100000
640.0,1,1,1,Metro City,Semi-Furnished,2,Poor,2050000
1450.0,3,3,15,Metro City,Semi-Furnished,1,Good,6550000
1104.0,2,2,22,Metro City,Semi-Furnished,1,Good,3400000
1705.0,3,3,9,Tier-1 City,Semi-Furnished,0,Good,4250000
2060.0,3,3,7,Metro City,Semi-Furnished,1,Good,14900000
900.0,5,5,1,Metro City,Unfurnished,1,Good,13500000
1070.0,2,2,3,Tier-1 City,Semi-Furnished,1,Good,2350000
700.0,7,8,2,Metro City,Semi-Furnished,1,Excellent,10000000
1163.0,3,2,6,Metro City,Unfurnished,1,Good,6200000
1000.0,2,2,3,Metro City,Semi-Furnished,2,Good,3850000
435.0,1,1,4,Metro City,Unfurnished,0,Good,2100000
1372.0,2,2,16,Metro City,Unfurnished,1,Good,6100000
1462.5,3,3,4,Metro City,Fully Furnished,0,Good,6300000
1056.0,2,2,3,Metro City,Unfurnished,2,Excellent,6500000
1476.0,3,3,25,Metro City,Semi-Furnished,2,Excellent,8900000
2275.0,3,4,1,Metro City,Unfurnished,1,Good,17500000
1255.0,2,2,2,Metro City,Fully Furnished,1,Excellent,5650000
1932.47,3,3,2,Metro City,Semi-Furnished,0,Excellent,18300000
925.0,2,2,6,Metro City,Semi-Furnished,0,Excellent,3000000
1371.0,2,2,15,Metro City,Semi-Furnished,1,Good,8600000
1280.0,2,2,7,Tier-2 City,Unfurnished,2,Good,2800000
2425.0,3,3,8,Metro City,Fully Furnished,1,Good,19700000
1996.0,3,3,6,Metro City,Unfurnished,3,Good,13500000
1000.0,2,2,1,Metro City,Semi-Furnished,1,Excellent,2900000
1442.0,3,3,7,Metro City,Fully Furnished,1,Excellent,8000000
1070.0,2,2,12,Tier-1 City,Semi-Furnished,3,Excellent,2400000
1795.0,3,3,21,Metro City,Fully Furnished,1,Excellent,13900000
870.0,2,2,9,Metro City,Semi-Furnished,0,Good,2700000
1050.0,2,2,2,Metro City,Unfurnished,2,Excellent,6500000
1175.0,2,2,20,Metro City,Unfurnished,2,Poor,7500000
1500.0,5,5,3,Metro City,Unfurnished,1,Good,8500000
1305.0,3,2,6,Metro City,Fully Furnished,2,Good,5900000
1476.0,3,3,3,Metro City,Unfurnished,2,Excellent,9500000
799.0,2,2,6,Metro City,Unfurnished,1,Good,3500000
1692.0,3,3,6,Tier-2 City,Unfurnished,0,Good,3800000
1500.0,3,2,0,Metro City,Semi-Furnished,1,Poor,4700000
2400.0,3,3,1,Metro City,Semi-Furnished,1,Good,26000000
1403.0,3,3,8,Metro City,Semi-Furnished,0,Good,5150000
1245.0,2,2,2,Metro City,Fully Furnished,0,Good,8650000
1200.0,2,2,5,Metro City,Unfurnished,2,Excellent,6000000
1523.0,3,2,22,Tier-2 City,Semi-Furnished,1,Excellent,1950000
1350.0,4,4,16,Metro City,Semi-Furnished,0,Good,9000000
970.0,2,2,5,Metro City,Semi-Furnished,1,Good,3500000
445.0,1,1,3,Metro City,Unfurnished,1,Poor,2800000
488.0,1,1,3,Metro City,Unfurnished,2,Good,2000000
804.1,2,2,18,Metro City,Semi-Furnished,0,Excellent,6900000
5800.0,5,7,17,Metro City,Unfurnished,1,Excellent,120000000
1336.0,3,2,0,Metro City,Semi-Furnished,2,Good,5050000
1482.0,3,3,16,Metro City,Semi-Furnished,1,Good,11000000
1183.0,2,2,17,Metro City,Semi-Furnished,1,Good,5950000
1588.0,2,2,16,Metro City,Semi-Furnished,0,Good,5800000
1073.0,2,2,1,Tier-1 City,Semi-Furnished,0,Good,3400000
1280.0,2,2,7,Metro City,Semi-Furnished,2,Good,6000000
2390.0,3,3,0,Metro City,Fully Furnished,1,Excellent,41000000
4110.0,4,4,19,Rural Area,Semi-Furnished,0,Good,6150000
1125.0,2,2,18,Metro City,Semi-Furnished,2,Poor,4000000
1575.0,3,3,8,Metro City,Unfurnished,1,Good,5500000
1400.0,2,2,14,Tier-1 City,Semi-Furnished,1,Excellent,4200000
1250.0,3,3,9,Metro City,Semi-Furnished,1,Good,3800000
1290.0,3,2,18,Metro City,Semi-Furnished,0,Good,3850000
3664.0,3,3,1,Metro City,Semi-Furnished,2,Good,32500000
933.0,2,2,2,Metro City,Fully Furnished,2,Good,6600000
1128.0,2,2,19,Metro City,Unfurnished,1,Good,6550000
1850.0,3,3,7,Metro City,Semi-Furnished,1,Good,15000000
2690.0,4,4,15,Metro City,Fully Furnished,1,Excellent,20100000
2400.0,3,3,7,Rural Area,Unfurnished,0,Good,1450000
4303.0,4,5,22,Metro City,Semi-Furnished,2,Excellent,30000000
1077.0,2,2,16,Metro City,Fully Furnished,1,Excellent,3750000
945.0,2,2,22,Metro City,Semi-Furnished,1,Good,4700000
1610.0,3,3,7,Metro City,Semi-Furnished,1,Excellent,6800000
1700.0,8,3,17,Metro City,Semi-Furnished,2,Good,5000000
1650.0,3,3,1,Metro City,Unfurnished,2,Good,10000000
1365.0,2,2,9,Tier-2 City,Fully Furnished,1,Excellent,3850000
1200.0,2,2,1,Tier-1 City,Semi-Furnished,2,Good,3600000
1591.0,3,3,6,Metro City,Fully Furnished,0,Good,12200000
1850.0,3,3,5,Metro City,Semi-Furnished,2,Excellent,15000000
1464.0,3,2,8,Metro City,Semi-Furnished,1,Excellent,11500000
1180.0,2,2,21,Metro City,Semi-Furnished,0,Excellent,8500000
1626.0,3,3,16,Metro City,Fully Furnished,2,Poor,8500000
1450.0,3,2,2,Metro City,Fully Furnished,1,Good,5100000
5520.0,5,5,4,Metro City,Unfurnished,2,Excellent,37500000
1205.0,2,2,0,Metro City,Semi-Furnished,2,Good,3900000
8000.0,5,5,9,Tier-1 City,Unfurnished,2,Good,36000000
850.0,2,1,6,Tier-1 City,Unfurnished,2,Good,1050000
1140.0,2,2,24,Tier-1 City,Fully Furnished,1,Good,3100000
1255.0,2,2,6,Metro City,Fully Furnished,0,Excellent,5450000
674.0,1,1,14,Metro City,Unfurnished,2,Good,3700000
1950.0,3,4,10,Metro City,Unfurnished,2,Good,9500000
600.0,8,4,15,Rural Area,Fully Furnished,1,Good,2100000
2249.81,4,4,10,Metro City,Semi-Furnished,1,Good,24500000
351.0,1,1,4,Metro City,Unfurnished,1,Poor,1600000
1226.0,2,2,2,Metro City,Semi-Furnished,1,Good,6550000
1919.0,3,3,12,Tier-1 City,Fully Furnished,1,Good,7850000
1300.0,3,2,3,Metro City,Semi-Furnished,0,Good,4700000
545.0,2,1,11,Metro City,Fully Furnished,1,Excellent,3500000
1039.0,2,2,12,Tier-1 City,Unfurnished,2,Good,6000000
1126.0,2,2,11,Metro City,Semi-Furnished,1,Poor,5500000
1665.0,3,3,10,Metro City,Unfurnished,2,Good,7500000
1074.0,2,2,7,Tier-2 City,Fully Furnished,0,Excellent,1950000
1375.0,3,3,3,Tier-1 City,Fully Furnished,0,Excellent,5350000
1645.0,3,3,0,Metro City,Semi-Furnished,1,Good,9500000
1300.0,2,2,19,Tier-1 City,Semi-Furnished,2,Excellent,5200000
1296.0,2,2,1,Metro City,Unfurnished,0,Good,8100000
984.0,2,2,1,Metro City,Semi-Furnished,2,Good,4600000
1033.0,2,2,14,Tier-1 City,Semi-Furnished,1,Poor,3600000
907.0,2,2,3,Tier-1 City,Fully Furnished,0,Good,2550000
1540.0,3,3,0,Rural Area,Unfurnished,2,Poor,750000
1250.0,3,3,1,Metro City,Semi-Furnished,0,Poor,3900000
1200.0,2,2,3,Metro City,Fully Furnished,1,Good,6000000
3200.0,4,4,0,Metro City,Semi-Furnished,1,Good,35000000
1015.0,2,2,14,Metro City,Semi-Furnished,2,Good,3500000
2400.0,5,5,3,Tier-1 City,Semi-Furnished,0,Excellent,8000000
1298.0,2,2,5,Metro City,Unfurnished,1,Excellent,6500000
600.0,4,5,13,Metro City,Fully Furnished,1,Good,7500000
1196.0,2,2,4,Tier-2 City,Unfurnished,2,Excellent,1450000
1309.0,2,2,14,Tier-1 City,Semi-Furnished,0,Poor,6550000
845.0,2,2,7,Metro City,Semi-Furnished,1,Excellent,4600000
600.0,3,3,2,Metro City,Fully Furnished,1,Excellent,6000000
1523.0,3,2,22,Metro City,Fully Furnished,1,Excellent,5600000
1200.0,2,2,23,Metro City,Unfurnished,2,Excellent,7000000
1153.0,2,2,14,Tier-2 City,Unfurnished,0,Good,2150000
1200.0,5,4,9,Metro City,Unfurnished,1,Good,24000000
1200.0,4,4,19,Tier-1 City,Unfurnished,1,Good,8250000
1151.0,2,2,20,Metro City,Unfurnished,1,Poor,4300000
1165.0,2,2,3,Metro City,Semi-Furnished,1,Excellent,3350000
1500.0,2,2,5,Metro City,Semi-Furnished,2,Good,23000000
2111.0,3,4,9,Metro City,Semi-Furnished,1,Good,12000000
5000.0,4,5,22,Metro City,Unfurnished,1,Good,95000000
800.0,2,2,7,Metro City,Fully Furnished,1,Good,8500000
1212.0,2,2,11,Metro City,Semi-Furnished,2,Poor,5000000
801.0,1,1,13,Metro City,Fully Furnished,1,Excellent,3350000
1140.0,2,2,5,Tier-1 City,Fully Furnished,1,Good,3450000
3400.0,3,3,0,Metro City,Semi-Furnished,1,Good,40000000
3216.0,4,4,2,Rural Area,Semi-Furnished,2,Good,2400000
1128.0,2,2,10,Metro City,Semi-Furnished,1,Poor,6550000
530.0,1,1,0,Metro City,Unfurnished,1,Good,1800000
1215.0,2,2,17,Tier-2 City,Unfurnished,1,Good,2200000
1100.0,2,2,0,Tier-2 City,Semi-Furnished,0,Good,1600000
1187.0,2,2,5,Rural Area,Unfurnished,1,Excellent,600000
1200.0,2,2,10,Metro City,Semi-Furnished,0,Excellent,2900000
1615.0,3,3,11,Metro City,Unfurnished,0,Good,5100000
1120.0,2,2,19,Metro City,Semi-Furnished,1,Good,5500000
1760.0,3,3,8,Tier-2 City,Semi-Furnished,2,Good,7550000
1950.0,3,2,19,Metro City,Unfurnished,2,Good,8950000
1088.0,2,2,10,Rural Area,Unfurnished,2,Good,500000
600.0,6,4,22,Tier-1 City,Unfurnished,0,Good,4450000
1325.0,2,2,1,Metro City,Semi-Furnished,0,Excellent,5200000
1675.0,3,2,12,Metro City,Semi-Furnished,1,Good,13500000
674.0,2,1,1,Metro City,Semi-Furnished,2,Good,2000000
1740.0,4,4,16,Metro City,Semi-Furnished,1,Excellent,17500000
2210.0,3,3,12,Metro City,Unfurnished,1,Good,16500000
909.0,3,2,1,Metro City,Semi-Furnished,1,Good,4000000
3200.0,4,4,22,Metro City,Unfurnished,2,Poor,20500000
1563.05,3,3,8,Metro City,Semi-Furnished,2,Good,10500000
1920.0,3,2,0,Metro City,Semi-Furnished,0,Excellent,8800000
2901.0,3,4,18,Metro City,Semi-Furnished,1,Good,19000000
1197.0,2,2,3,Metro City,Fully Furnished,1,Good,8400000
883.0,2,2,1,Metro City,Unfurnished,0,Excellent,3900000
1125.0,2,2,15,Metro City,Fully Furnished,1,Excellent,3250000
1260.0,2,2,0,Rural Area,Semi-Furnished,1,Good,550000
1800.0,4,5,15,Metro City,Semi-Furnished,1,Good,25000000
2122.0,3,3,1,Rural Area,Unfurnished,1,Good,1450000
4640.0,4,4,5,Metro City,Unfurnished,1,Excellent,60000000
1194.0,2,2,1,Metro City,Semi-Furnished,1,Good,4700000
1937.0,3,3,19,Metro City,Fully Furnished,1,Good,16000000
660.0,1,1,7,Metro City,Semi-Furnished,0,Good,3500000
1430.0,3,2,7,Metro City,Unfurnished,1,Good,6100000
770.0,2,1,0,Metro City,Unfurnished,0,Good,4000000
1210.0,2,2,0,Metro City,Unfurnished,2,Excellent,5300000
1450.0,3,2,0,Tier-1 City,Semi-Furnished,1,Good,5300000
1346.0,2,2,7,Metro City,Unfurnished,2,Poor,7150000
1893.0,3,3,3,Metro City,Semi-Furnished,0,Good,11500000
1150.0,2,2,5,Metro City,Unfurnished,1,Poor,12600000
3131.0,4,4,9,Metro City,Fully Furnished,0,Poor,34900000
900.0,2,1,0,Metro City,Unfurnished,0,Good,7000000
1200.0,4,4,3,Metro City,Semi-Furnished,0,Good,12500000
1300.0,2,1,3,Metro City,Semi-Furnished,1,Good,11500000
1310.0,2,2,3,Metro City,Semi-Furnished,1,Good,6000000
1679.0,3,3,6,Metro City,Semi-Furnished,1,Poor,9500000
1176.0,3,2,9,Metro City,Semi-Furnished,1,Good,3550000
1595.0,3,3,19,Metro City,Semi-Furnished,2,Excellent,9000000
1200.0,3,3,20,Metro City,Unfurnished,0,Good,12500000
1300.0,2,2,10,Metro City,Semi-Furnished,2,Good,5000000
1385.0,3,2,14,Metro City,Semi-Furnished,0,Good,4850000
1715.0,3,2,24,Metro City,Unfurnished,2,Excellent,9500000
2790.0,4,5,16,Metro City,Fully Furnished,0,Excellent,19800000
1100.0,5,5,4,Metro City,Semi-Furnished,1,Good,16500000
1028.0,2,2,15,Metro City,Unfurnished,2,Good,5100000
1200.0,2,2,11,Metro City,Fully Furnished,2,Excellent,2000000
1080.0,2,2,5,Metro City,Fully Furnished,0,Good,6000000
1350.0,3,2,0,Metro City,Unfurnished,1,Good,8100000
1100.0,4,2,5,Rural Area,Unfurnished,1,Excellent,950000
3260.0,4,5,22,Metro City,Semi-Furnished,1,Good,38800000
930.0,6,6,1,Tier-1 City,Semi-Furnished,1,Good,10000000
1066.0,2,2,15,Tier-2 City,Semi-Furnished,0,Good,1900000
900.0,4,3,8,Metro City,Fully Furnished,2,Good,5100000
1210.0,2,2,15,Tier-1 City,Semi-Furnished,1,Excellent,6050000
850.0,2,2,7,Metro City,Fully Furnished,2,Good,3800000
1255.0,2,2,1,Metro City,Semi-Furnished,1,Excellent,5250000
1200.0,2,2,12,Metro City,Unfurnished,1,Excellent,5000000
1115.0,2,2,16,Metro City,Semi-Furnished,1,Good,6100000
1942.0,3,3,7,Tier-1 City,Semi-Furnished,3,Good,8800000
2462.0,4,6,13,Metro City,Semi-Furnished,3,Poor,15000000
2144.0,3,3,15,Metro City,Unfurnished,2,Excellent,13500000
1155.0,2,2,24,Metro City,Fully Furnished,1,Poor,5500000
1191.0,3,2,19,Metro City,Semi-Furnished,1,Good,3350000
1680.0,3,3,8,Tier-2 City,Unfurnished,1,Good,3600000
1100.0,3,2,14,Metro City,Fully Furnished,1,Good,4500000
1237.0,3,3,6,Metro City,Semi-Furnished,3,Good,7800000
2273.0,3,3,16,Metro City,Unfurnished,2,Good,15900000
1500.0,4,4,15,Metro City,Unfurnished,1,Excellent,18500000
1410.0,2,2,0,Metro City,Fully Furnished,1,Good,6700000
1128.0,2,2,21,Metro City,Semi-Furnished,0,Good,4000000
1720.0,3,3,11,Tier-1 City,Semi-Furnished,2,Good,6900000
1162.5,3,3,8,Metro City,Unfurnished,2,Excellent,3000000
800.0,4,5,0,Rural Area,Unfurnished,1,Excellent,1600000
4800.0,4,4,7,Metro City,Unfurnished,1,Poor,55000000
1092.0,2,2,9,Metro City,Fully Furnished,0,Good,4400000
1540.0,3,3,3,Metro City,Unfurnished,1,Excellent,7500000
1036.0,2,2,17,Tier-1 City,Fully Furnished,0,Excellent,2650000
1700.0,3,3,14,Tier-1 City,Semi-Furnished,1,Good,6550000
825.0,6,6,2,Rural Area,Semi-Furnished,2,Excellent,3900000
1065.0,2,2,3,Metro City,Unfurnished,1,Good,5600000
1525.0,3,2,2,Rural Area,Semi-Furnished,2,Good,1000000
1082.0,3,2,8,Tier-2 City,Unfurnished,1,Good,2500000
1078.0,2,2,5,Metro City,Unfurnished,1,Good,4500000
3270.0,4,4,5,Metro City,Fully Furnished,1,Good,20500000
753.0,2,3,16,Metro City,Semi-Furnished,2,Excellent,5950000
1650.0,3,3,0,Metro City,Semi-Furnished,0,Good,5200000
1416.0,3,2,1,Metro City,Unfurnished,0,Good,8500000
1149.0,3,2,6,Metro City,Semi-Furnished,1,Good,2900000
1272.0,2,2,7,Metro City,Fully Furnished,1,Excellent,5150000
1200.0,2,2,5,Metro City,Semi-Furnished,1,Excellent,6700000
1000.0,1,1,12,Rural Area,Semi-Furnished,2,Good,550000
965.0,2,2,4,Metro City,Fully Furnished,2,Good,3700000
1705.0,3,3,4,Metro City,Fully Furnished,0,Excellent,9100000
1200.0,5,4,9,Rural Area,Unfurnished,1,Excellent,1000000
1100.0,2,2,20,Metro City,Semi-Furnished,1,Good,9800000
7500.0,5,5,13,Metro City,Semi-Furnished,1,Good,150000000
800.0,2,1,8,Metro City,Fully Furnished,1,Poor,9500000
1150.0,4,3,12,Rural Area,Unfurnished,0,Good,1750000
1691.0,3,3,2,Metro City,Semi-Furnished,1,Good,10000000
1100.0,5,4,12,Metro City,Semi-Furnished,2,Good,15000000
1700.0,3,2,21,Tier-2 City,Semi-Furnished,1,Good,2850000
650.0,2,2,1,Tier-1 City,Semi-Furnished,0,Excellent,4700000
3262.0,4,4,21,Tier-2 City,Unfurnished,0,Good,9300000
625.0,1,1,15,Metro City,Semi-Furnished,2,Good,4350000
662.0,1,1,0,Metro City,Unfurnished,3,Good,3800000
1600.0,4,4,14,Metro City,Unfurnished,1,Poor,5300000
1125.0,2,2,23,Metro City,Unfurnished,3,Good,3250000
2200.0,3,3,21,Tier-2 City,Unfurnished,2,Poor,10950000
1777.26,3,3,20,Metro City,Semi-Furnished,1,Good,10500000
1102.0,2,2,5,Rural Area,Unfurnished,2,Good,750000
2214.0,3,3,22,Tier-1 City,Semi-Furnished,2,Good,21850000
1420.0,2,2,2,Metro City,Fully Furnished,0,Good,9950000
1392.0,2,2,10,Metro City,Semi-Furnished,0,Good,13000000
499.0,6,5,5,Metro City,Fully Furnished,1,Good,8900000
900.0,2,2,19,Metro City,Fully Furnished,1,Excellent,5500000
1200.0,6,4,7,Metro City,Fully Furnished,1,Excellent,11000000
900.0,3,3,3,Tier-2 City,Semi-Furnished,1,Good,3250000
1411.0,3,3,23,Rural Area,Fully Furnished,1,Good,1250000
1525.0,3,3,4,Metro City,Semi-Furnished,1,Excellent,9000000
957.0,2,2,7,Metro City,Semi-Furnished,1,Good,5450000
1113.0,2,2,10,Metro City,Semi-Furnished,0,Good,7000000
1052.0,2,2,22,Metro City,Unfurnished,0,Good,5000000
720.0,3,3,22,Tier-1 City,Semi-Furnished,2,Good,5600000
2825.0,4,4,0,Metro City,Unfurnished,3,Excellent,25000000
1330.0,2,2,7,Tier-1 City,Unfurnished,3,Good,6700000
1116.0,2,2,12,Metro City,Fully Furnished,1,Good,5200000
1220.0,2,2,0,Metro City,Semi-Furnished,1,Good,6800000
1200.0,5,5,18,Metro City,Fully Furnished,2,Good,10000000
1350.0,4,4,7,Metro City,Unfurnished,2,Poor,14500000
2689.0,4,6,3,Metro City,Semi-Furnished,2,Good,24500000
2285.0,3,4,3,Metro City,Fully Furnished,1,Poor,16500000
530.0,1,1,12,Tier-2 City,Unfurnished,2,Good,900000
1009.0,2,2,0,Metro City,Unfurnished,2,Poor,5600000
1200.0,2,2,14,Metro City,Semi-Furnished,2,Good,5100000
1000.0,4,4,15,Metro City,Unfurnished,1,Good,12000000
1720.0,3,3,11,Metro City,Semi-Furnished,2,Good,10600000
1306.0,2,2,1,Metro City,Unfurnished,2,Excellent,5600000
600.0,6,4,20,Metro City,Fully Furnished,1,Good,10500000
1250.0,2,2,19,Metro City,Unfurnished,1,Good,6500000
1030.0,2,2,21,Metro City,Unfurnished,1,Excellent,4950000
5100.0,6,7,1,Metro City,Semi-Furnished,1,Good,22500000
907.0,2,2,3,Metro City,Fully Furnished,0,Good,3800000
1197.0,2,2,6,Metro City,Semi-Furnished,2,Good,4800000
1498.0,3,3,1,Metro City,Fully Furnished,1,Good,7500000
1730.0,3,3,8,Metro City,Unfurnished,1,Good,12000000
1500.0,3,3,10,Metro City,Unfurnished,0,Excellent,13900000
1920.0,3,3,2,Metro City,Unfurnished,1,Good,13400000
1567.2,3,2,16,Metro City,Unfurnished,1,Good,19000000
1200.0,5,5,2,Tier-1 City,Unfurnished,3,Excellent,5150000
1313.0,2,2,6,Metro City,Unfurnished,2,Excellent,6650000
4200.0,5,5,1,Metro City,Semi-Furnished,0,Good,24500000
1210.0,2,2,1,Metro City,Fully Furnished,1,Good,6400000
907.0,1,1,16,Metro City,Semi-Furnished,1,Good,3800000
850.0,2,2,12,Metro City,Unfurnished,1,Good,3500000
1846.0,3,3,10,Metro City,Fully Furnished,2,Good,14000000
1490.0,3,3,1,Metro City,Semi-Furnished,1,Excellent,7900000
3045.0,3,3,1,Metro City,Semi-Furnished,1,Good,17000000
1880.0,3,4,6,Metro City,Fully Furnished,0,Excellent,11000000
1350.0,3,2,3,Rural Area,Unfurnished,0,Excellent,850000
1174.0,2,2,0,Metro City,Fully Furnished,2,Good,7500000
660.0,1,1,0,Metro City,Semi-Furnished,1,Good,5400000
3758.0,3,3,16,Metro City,Semi-Furnished,2,Excellent,30000000
915.0,2,2,12,Metro City,Semi-Furnished,2,Good,3800000
1050.0,2,2,13,Metro City,Semi-Furnished,0,Good,3500000
1007.0,2,2,21,Metro City,Unfurnished,2,Good,6200000
1200.0,3,3,8,Metro City,Semi-Furnished,1,Good,9600000
1040.0,2,2,6,Metro City,Unfurnished,1,Good,5000000
540.0,1,1,16,Metro City,Unfurnished,1,Poor,2250000
1280.0,3,2,8,Metro City,Semi-Furnished,1,Poor,10000000
1350.0,2,2,12,Metro City,Semi-Furnished,0,Excellent,8900000
1437.0,2,2,16,Metro City,Semi-Furnished,1,Excellent,7100000
921.0,2,2,5,Metro City,Fully Furnished,1,Good,2950000
1180.0,3,3,4,Rural Area,Semi-Furnished,2,Good,650000
2266.0,3,3,1,Metro City,Fully Furnished,2,Poor,20700000
1080.0,2,2,5,Metro City,Fully Furnished,2,Excellent,3800000
1250.0,3,3,4,Metro City,Fully Furnished,1,Good,4300000
1125.0,4,4,13,Metro City,Unfurnished,0,Good,18000000
1120.0,2,2,3,Metro City,Unfurnished,0,Good,4300000
1100.0,2,2,4,Metro City,Fully Furnished,3,Good,5500000
3300.0,4,4,18,Metro City,Unfurnished,2,Good,60000000
1400.0,3,2,20,Metro City,Semi-Furnished,1,Excellent,4050000
1859.0,3,3,8,Metro City,Semi-Furnished,0,Good,10800000
1108.0,2,2,5,Tier-2 City,Unfurnished,2,Good,4150000
600.0,2,1,2,Metro City,Semi-Furnished,1,Good,6500000
1200.0,2,2,5,Metro City,Fully Furnished,2,Excellent,4450000
1835.0,3,3,6,Tier-2 City,Unfurnished,0,Excellent,4000000
1180.0,2,2,1,Metro City,Semi-Furnished,0,Good,7400000
2160.0,3,3,8,Metro City,Unfurnished,0,Good,16000000
1760.0,3,3,8,Metro City,Unfurnished,0,Excellent,12800000
921.0,2,2,5,Metro City,Fully Furnished,1,Poor,2950000
1200.0,3,2,15,Metro City,Unfurnished,1,Good,6600000
1520.0,2,2,6,Metro City,Semi-Furnished,1,Good,6200000
1200.0,4,4,20,Metro City,Unfurnished,2,Excellent,13000000
1550.0,4,4,1,Metro City,Semi-Furnished,2,Good,13000000
2000.0,3,3,6,Metro City,Semi-Furnished,1,Good,16500000
3000.0,4,4,5,Metro City,Fully Furnished,2,Good,26400000
510.0,6,4,6,Metro City,Semi-Furnished,1,Good,7000000
1141.0,2,2,11,Metro City,Unfurnished,1,Excellent,4900000
2250.0,4,4,3,Metro City,Unfurnished,1,Excellent,40000000
2000.0,3,3,22,Tier-1 City,Fully Furnished,1,Excellent,13050000
1416.0,3,3,9,Tier-2 City,Semi-Furnished,0,Good,3700000
600.0,1,1,7,Rural Area,Unfurnished,2,Good,500000
1599.0,3,3,8,Metro City,Fully Furnished,2,Excellent,8000000
1621.0,3,3,4,Metro City,Semi-Furnished,3,Good,7200000
1200.0,2,2,20,Rural Area,Semi-Furnished,0,Excellent,1200000
1500.0,3,4,6,Metro City,Semi-Furnished,1,Good,9900000
1705.0,3,3,22,Metro City,Semi-Furnished,0,Good,8500000
1039.0,2,2,7,Metro City,Unfurnished,1,Good,5000000
1296.0,2,2,8,Metro City,Unfurnished,0,Good,8300000
850.0,2,2,6,Metro City,Fully Furnished,1,Good,4250000
2800.0,3,3,15,Metro City,Semi-Furnished,1,Good,33000000
1010.0,2,2,9,Metro City,Fully Furnished,0,Good,4100000
360.0,1,1,8,Metro City,Semi-Furnished,1,Good,1700000
1200.0,6,6,7,Metro City,Unfurnished,1,Good,12000000
1349.0,2,2,3,Metro City,Semi-Furnished,1,Excellent,9700000
1260.0,2,2,3,Metro City,Fully Furnished,1,Good,6200000
1295.0,2,2,14,Metro City,Unfurnished,3,Good,6400000
1565.0,3,2,15,Tier-2 City,Unfurnished,1,Poor,1550000
1085.0,2,2,20,Metro City,Semi-Furnished,1,Good,4750000
1049.0,2,2,10,Metro City,Semi-Furnished,1,Good,5100000
1450.0,3,3,5,Metro City,Semi-Furnished,1,Excellent,7100000
1044.0,2,2,12,Metro City,Fully Furnished,0,Good,3600000
1329.0,3,2,17,Tier-2 City,Semi-Furnished,0,Excellent,1200000
1493.0,3,2,9,Metro City,Unfurnished,2,Excellent,9000000
1065.0,2,2,3,Metro City,Unfurnished,0,Excellent,4250000
4104.0,4,4,16,Metro City,Semi-Furnished,1,Good,36000000
1200.0,5,4,8,Metro City,Fully Furnished,1,Good,24000000
2250.0,3,3,18,Metro City,Fully Furnished,3,Good,11300000
1425.0,3,3,5,Metro City,Semi-Furnished,2,Excellent,5500000
1215.0,2,2,1,Metro City,Fully Furnished,3,Excellent,4500000
1550.0,3,3,0,Metro City,Semi-Furnished,1,Good,6450000
2560.0,3,3,3,Tier-1 City,Fully Furnished,1,Excellent,20550000
1075.0,2,2,1,Metro City,Semi-Furnished,0,Excellent,5350000
1200.0,4,4,14,Metro City,Fully Furnished,0,Poor,30000000
1605.0,3,3,7,Metro City,Semi-Furnished,0,Excellent,26000000
1025.0,2,2,6,Metro City,Unfurnished,0,Good,5400000
1995.0,3,3,6,Metro City,Fully Furnished,1,Good,10000000
1330.0,3,2,7,Metro City,Fully Furnished,1,Good,4800000
1147.0,2,2,20,Metro City,Semi-Furnished,2,Good,6000000
1290.0,3,3,12,Metro City,Semi-Furnished,0,Excellent,4500000
2424.0,3,3,17,Metro City,Semi-Furnished,1,Good,9000000
965.0,2,2,12,Metro City,Semi-Furnished,2,Good,5400000
1065.0,2,2,21,Tier-1 City,Semi-Furnished,1,Good,2350000
1300.0,2,2,9,Metro City,Fully Furnished,1,Excellent,7900000
1130.0,2,2,16,Tier-2 City,Unfurnished,1,Poor,1450000
1325.0,3,2,3,Tier-1 City,Semi-Furnished,0,Good,6900000
1400.0,3,2,2,Metro City,Semi-Furnished,0,Excellent,7300000
1560.0,3,2,6,Tier-1 City,Unfurnished,2,Excellent,4000000
1215.0,2,2,22,Rural Area,Semi-Furnished,2,Excellent,1050000
1255.0,3,2,19,Metro City,Fully Furnished,2,Excellent,9000000
1165.0,2,2,6,Metro City,Unfurnished,1,Excellent,5200000
1150.0,2,2,5,Metro City,Unfurnished,0,Good,5700000
550.0,1,1,11,Metro City,Unfurnished,2,Good,1600000
1690.0,4,3,16,Metro City,Fully Furnished,2,Good,8000000
1504.0,3,2,8,Metro City,Fully Furnished,2,Good,10200000
1093.0,2,2,9,Metro City,Fully Furnished,1,Excellent,3300000
950.0,2,2,4,Metro City,Unfurnished,1,Poor,3200000
1460.0,3,3,8,Metro City,Fully Furnished,1,Good,7300000
1200.0,5,4,3,Rural Area,Semi-Furnished,1,Excellent,1000000
1200.0,2,2,3,Tier-2 City,Semi-Furnished,1,Good,2000000
1197.0,2,2,6,Tier-2 City,Unfurnished,2,Good,1700000
1350.0,3,2,14,Metro City,Unfurnished,2,Good,5450000
2060.0,3,3,1,Metro City,Semi-Furnished,0,Good,14000000
1350.0,3,2,6,Metro City,Semi-Furnished,0,Excellent,7500000
1093.0,2,2,9,Rural Area,Fully Furnished,1,Excellent,500000
1400.0,3,2,2,Metro City,Unfurnished,1,Good,7800000
1230.0,2,2,14,Tier-1 City,Semi-Furnished,1,Good,5350000
1200.0,2,2,6,Metro City,Fully Furnished,1,Poor,20000000
583.0,1,1,8,Metro City,Fully Furnished,1,Good,2700000
1919.0,3,3,11,Tier-1 City,Fully Furnished,1,Excellent,6450000
545.0,2,1,7,Rural Area,Fully Furnished,0,Poor,500000
925.0,1,1,0,Tier-1 City,Semi-Furnished,2,Excellent,2950000
600.0,3,4,0,Metro City,Unfurnished,0,Good,7000000
2856.0,4,5,12,Rural Area,Unfurnished,1,Excellent,1350000
2100.0,4,4,19,Metro City,Fully Furnished,1,Poor,15000000
1564.0,3,3,3,Metro City,Fully Furnished,2,Excellent,10000000
686.0,1,1,5,Metro City,Fully Furnished,2,Good,6250000
2475.0,3,4,1,Tier-1 City,Fully Furnished,1,Excellent,21700000
1044.0,2,2,3,Metro City,Fully Furnished,2,Poor,8500000
1482.0,3,2,17,Metro City,Unfurnished,1,Excellent,8350000
1000.0,2,2,11,Metro City,Fully Furnished,1,Excellent,8000000
1650.0,3,3,17,Metro City,Semi-Furnished,0,Good,15000000
2650.0,3,3,9,Tier-1 City,Unfurnished,3,Poor,9250000
1100.0,2,2,2,Metro City,Fully Furnished,1,Good,5200000
1490.0,3,2,11,Metro City,Semi-Furnished,0,Good,5950000
1250.0,2,2,12,Metro City,Unfurnished,0,Good,3300000
1100.0,2,2,13,Metro City,Fully Furnished,1,Excellent,5500000
1454.0,3,3,3,Metro City,Unfurnished,1,Good,7150000
1200.0,2,2,8,Rural Area,Semi-Furnished,1,Good,650000
1240.0,3,3,2,Rural Area,Fully Furnished,1,Excellent,900000
1830.0,3,2,3,Metro City,Unfurnished,1,Good,11300000
3870.0,4,4,0,Tier-1 City,Unfurnished,1,Poor,24350000
1707.0,3,3,13,Tier-1 City,Unfurnished,1,Excellent,8650000
1200.0,5,4,3,Tier-1 City,Semi-Furnished,1,Poor,23150000
1400.0,2,2,12,Tier-2 City,Fully Furnished,0,Good,6500000
2000.0,3,3,11,Metro City,Semi-Furnished,1,Good,14500000
1024.0,2,2,0,Metro City,Fully Furnished,0,Good,4200000
1894.0,3,3,7,Metro City,Unfurnished,2,Good,11500000
1190.0,2,2,4,Tier-1 City,Fully Furnished,3,Good,2700000
1475.0,3,3,5,Metro City,Unfurnished,0,Poor,8000000
1559.0,3,3,15,Metro City,Fully Furnished,1,Excellent,6200000
600.0,4,4,12,Rural Area,Unfurnished,1,Good,1150000
1400.0,3,2,4,Tier-1 City,Unfurnished,0,Excellent,4000000
1350.0,3,3,16,Tier-2 City,Unfurnished,1,Good,1900000
1015.0,2,2,3,Metro City,Fully Furnished,1,Good,2600000
946.0,2,2,0,Metro City,Unfurnished,3,Good,3800000
850.0,2,1,19,Rural Area,Semi-Furnished,2,Good,500000
600.0,3,2,1,Metro City,Semi-Furnished,0,Excellent,3000000
810.0,4,4,1,Tier-2 City,Fully Furnished,2,Poor,2050000
1095.0,2,2,3,Metro City,Fully Furnished,0,Excellent,6000000
1738.0,3,3,20,Metro City,Semi-Furnished,1,Good,11000000
1240.0,4,4,8,Rural Area,Fully Furnished,2,Poor,1450000
1180.0,2,2,1,Metro City,Fully Furnished,2,Excellent,4200000
1282.0,3,2,0,Metro City,Fully Furnished,0,Excellent,4850000
3600.0,7,7,3,Metro City,Semi-Furnished,1,Good,16000000
940.0,2,2,17,Metro City,Fully Furnished,2,Poor,5000000
1600.0,3,2,18,Metro City,Fully Furnished,1,Excellent,6500000
660.0,2,1,14,Metro City,Fully Furnished,0,Excellent,1800000
1020.0,2,2,3,Metro City,Unfurnished,1,Poor,4100000
1300.0,1,1,15,Metro City,Semi-Furnished,1,Excellent,20000000
2500.0,4,5,6,Metro City,Semi-Furnished,0,Good,32500000
1035.0,2,2,1,Metro City,Unfurnished,2,Excellent,3100000
1445.0,3,2,0,Tier-1 City,Semi-Furnished,2,Good,5600000
2475.0,3,4,4,Metro City,Unfurnished,2,Excellent,33200000
4200.0,4,4,9,Metro City,Unfurnished,1,Good,42000000
1200.0,3,3,9,Metro City,Fully Furnished,2,Good,7200000
1500.0,3,3,2,Tier-1 City,Semi-Furnished,0,Excellent,6400000
1075.0,2,2,2,Metro City,Fully Furnished,2,Excellent,4850000
708.0,2,1,8,Tier-2 City,Fully Furnished,1,Good,2500000
3360.0,4,5,24,Metro City,Semi-Furnished,0,Good,22500000
1250.0,2,2,12,Metro City,Semi-Furnished,2,Good,7900000
1030.0,2,2,18,Metro City,Semi-Furnished,2,Excellent,5500000
1542.0,3,3,4,Metro City,Semi-Furnished,1,Good,9800000
1000.0,4,4,7,Metro City,Unfurnished,2,Good,13000000
702.0,1,1,0,Tier-1 City,Semi-Furnished,1,Good,3550000
1392.0,2,2,10,Tier-2 City,Unfurnished,1,Good,2900000
1061.0,2,2,3,Metro City,Unfurnished,2,Good,5500000
993.0,2,2,21,Metro City,Semi-Furnished,1,Excellent,4550000
1095.0,2,2,4,Metro City,Semi-Furnished,2,Good,3500000
1235.0,2,2,4,Metro City,Semi-Furnished,1,Excellent,14000000
2388.0,3,4,7,Tier-1 City,Fully Furnished,1,Poor,16150000
1250.0,2,2,6,Metro City,Unfurnished,2,Poor,8500000
1220.0,3,3,19,Metro City,Semi-Furnished,0,Poor,5600000
1525.0,3,2,19,Metro City,Semi-Furnished,2,Good,6300000
1490.0,3,2,9,Metro City,Fully Furnished,0,Good,5950000
1333.0,2,2,13,Rural Area,Unfurnished,1,Good,800000
1596.0,3,3,7,Metro City,Semi-Furnished,2,Excellent,11800000
900.0,4,4,4,Tier-1 City,Semi-Furnished,1,Good,4600000
1225.0,2,2,8,Tier-1 City,Fully Furnished,1,Excellent,2600000
1350.0,3,3,2,Metro City,Unfurnished,0,Poor,4700000
1270.0,2,2,11,Metro City,Semi-Furnished,0,Good,5200000
1460.0,3,2,4,Metro City,Fully Furnished,2,Good,6500000
890.0,2,2,14,Rural Area,Unfurnished,1,Good,500000
1350.0,6,4,14,Metro City,Unfurnished,2,Excellent,20300000
1555.0,3,3,15,Metro City,Semi-Furnished,2,Good,7500000
1244.0,8,6,5,Metro City,Fully Furnished,0,Good,13000000
545.0,2,1,11,Metro City,Semi-Furnished,1,Excellent,2700000
4190.0,4,4,4,Metro City,Semi-Furnished,2,Good,32500000
2087.01,3,4,9,Tier-1 City,Semi-Furnished,2,Excellent,9300000
1250.0,3,3,1,Metro City,Semi-Furnished,1,Good,4100000
1200.0,4,4,10,Tier-2 City,Semi-Furnished,0,Excellent,8350000
1100.0,2,2,21,Metro City,Semi-Furnished,1,Good,4700000
1157.0,3,2,4,Metro City,Semi-Furnished,1,Good,7400000
1450.0,3,2,10,Metro City,Semi-Furnished,2,Good,8500000
500.0,1,1,1,Tier-1 City,Fully Furnished,1,Good,750000
3000.0,3,4,0,Metro City,Semi-Furnished,1,Excellent,23500000
1917.0,3,3,5,Metro City,Semi-Furnished,1,Good,12200000
1690.0,3,3,11,Metro City,Fully Furnished,1,Good,7500000
1240.0,2,2,0,Metro City,Semi-Furnished,1,Poor,4300000
1374.0,3,3,0,Metro City,Semi-Furnished,0,Excellent,6800000
1204.0,2,2,10,Metro City,Semi-Furnished,1,Excellent,3850000
965.0,2,2,22,Metro City,Unfurnished,1,Good,3400000
2215.0,3,3,2,Metro City,Fully Furnished,1,Poor,27500000
1310.0,3,2,21,Metro City,Unfurnished,1,Good,8500000
1401.0,3,3,15,Tier-2 City,Semi-Furnished,1,Poor,3100000
985.0,2,2,2,Metro City,Semi-Furnished,1,Excellent,5800000
1180.0,2,2,10,Metro City,Semi-Furnished,0,Good,3900000
1125.0,2,2,9,Rural Area,Semi-Furnished,2,Excellent,600000
1820.0,3,3,20,Metro City,Unfurnished,2,Good,9300000
1000.0,2,2,18,Metro City,Fully Furnished,1,Good,6000000
1260.0,1,1,16,Metro City,Fully Furnished,0,Good,4100000
2292.0,3,2,13,Metro City,Semi-Furnished,1,Good,28500000
1086.0,2,2,2,Metro City,Semi-Furnished,1,Good,4450000
630.0,1,1,1,Metro City,Fully Furnished,1,Good,4700000
823.0,2,2,7,Rural Area,Semi-Furnished,1,Good,700000
1160.0,2,2,5,Tier-2 City,Unfurnished,2,Excellent,1300000
1600.0,3,3,0,Metro City,Fully Furnished,1,Good,12500000
550.0,2,1,18,Metro City,Fully Furnished,1,Excellent,1500000
1050.0,2,2,4,Tier-1 City,Semi-Furnished,1,Excellent,3300000
2072.0,3,3,2,Metro City,Unfurnished,2,Excellent,10800000
1395.0,2,2,9,Metro City,Fully Furnished,1,Good,6350000
5000.0,4,5,9,Metro City,Semi-Furnished,1,Poor,25000000
1221.0,3,3,7,Tier-1 City,Semi-Furnished,2,Good,5250000
1194.0,2,2,12,Metro City,Semi-Furnished,1,Good,5700000
1073.0,2,2,16,Metro City,Semi-Furnished,0,Good,7200000
1150.0,2,2,9,Rural Area,Unfurnished,2,Poor,800000
1250.0,3,2,13,Metro City,Semi-Furnished,0,Good,6900000
2559.0,3,3,8,Tier-1 City,Semi-Furnished,1,Good,26750000
3496.0,4,4,20,Metro City,Fully Furnished,1,Excellent,26200000
1269.0,3,2,16,Metro City,Unfurnished,1,Good,6300000
1450.0,3,2,3,Metro City,Fully Furnished,1,Good,6350000
1500.0,1,1,15,Metro City,Semi-Furnished,2,Good,3750000
1200.0,2,2,3,Tier-2 City,Fully Furnished,1,Good,2000000
1200.0,6,4,18,Metro City,Unfurnished,1,Good,13500000
1400.0,3,2,2,Metro City,Semi-Furnished,1,Good,5500000
1281.0,2,2,4,Metro City,Fully Furnished,0,Good,7400000
1315.0,2,2,1,Metro City,Unfurnished,1,Good,8500000
1278.0,3,3,0,Metro City,Unfurnished,2,Good,6250000
600.0,4,4,0,Metro City,Unfurnished,2,Good,6500000
3000.0,7,6,13,Tier-1 City,Unfurnished,2,Good,11400000
1852.0,3,2,9,Metro City,Semi-Furnished,3,Good,9500000
1760.0,3,3,1,Metro City,Unfurnished,1,Excellent,13900000
1149.0,2,2,2,Tier-2 City,Semi-Furnished,0,Good,5000000
1689.0,3,3,15,Metro City,Unfurnished,0,Good,10300000
1540.0,3,2,3,Metro City,Semi-Furnished,1,Good,4000000
845.0,2,2,1,Metro City,Semi-Furnished,0,Good,3200000
2800.0,4,4,4,Rural Area,Unfurnished,1,Good,3300000
1800.0,3,3,6,Metro City,Semi-Furnished,1,Good,8000000
600.0,1,1,10,Metro City,Unfurnished,1,Good,4300000
2845.0,5,5,12,Metro City,Unfurnished,2,Good,14000000
1320.0,3,3,1,Tier-1 City,Fully Furnished,1,Good,18400000
1335.0,3,2,10,Metro City,Semi-Furnished,2,Excellent,7350000
1537.0,3,3,10,Rural Area,Fully Furnished,1,Excellent,1750000
1645.0,3,3,0,Tier-2 City,Semi-Furnished,1,Good,3150000
900.0,2,2,15,Metro City,Semi-Furnished,1,Excellent,4100000
1853.0,3,3,17,Rural Area,Unfurnished,0,Good,650000
1215.0,2,2,15,Metro City,Unfurnished,1,Excellent,3900000
1886.0,3,3,7,Tier-1 City,Fully Furnished,1,Good,17000000
943.0,2,2,4,Metro City,Unfurnished,1,Good,4800000
886.0,4,4,4,Metro City,Semi-Furnished,1,Good,12000000
1128.0,2,2,16,Metro City,Unfurnished,1,Good,6700000
1200.0,5,4,10,Tier-2 City,Fully Furnished,1,Good,6400000
1670.0,3,2,5,Rural Area,Fully Furnished,1,Excellent,950000
1200.0,3,2,1,Metro City,Unfurnished,1,Good,12000000
1376.0,2,2,12,Metro City,Unfurnished,1,Good,12400000
1630.0,3,2,2,Metro City,Unfurnished,1,Good,9800000
1267.0,2,2,15,Tier-2 City,Unfurnished,1,Good,4050000
1480.0,2,2,13,Metro City,Semi-Furnished,1,Poor,8000000
1116.0,2,2,21,Tier-1 City,Unfurnished,1,Excellent,3350000
1275.0,2,2,24,Metro City,Semi-Furnished,0,Good,7300000
2006.0,3,3,1,Tier-1 City,Fully Furnished,0,Good,20550000
1080.0,2,2,11,Metro City,Semi-Furnished,1,Good,5500000
1659.0,3,3,11,Metro City,Unfurnished,2,Good,13500000
1277.5,2,2,16,Tier-1 City,Semi-Furnished,1,Excellent,7400000
900.0,4,4,4,Metro City,Unfurnished,1,Excellent,17500000
1045.0,2,2,3,Metro City,Semi-Furnished,2,Excellent,4050000
1570.0,3,3,6,Tier-2 City,Semi-Furnished,2,Poor,4050000
3500.0,4,5,18,Tier-2 City,Fully Furnished,1,Good,14850000
1252.0,3,3,0,Metro City,Fully Furnished,0,Excellent,6300000
1824.0,3,3,15,Metro City,Fully Furnished,1,Excellent,12500000
1100.0,2,2,13,Metro City,Unfurnished,1,Good,9000000
1275.0,3,3,2,Metro City,Semi-Furnished,1,Good,4100000
800.0,2,2,8,Metro City,Semi-Furnished,1,Good,4000000
1275.0,3,3,18,Metro City,Semi-Furnished,2,Excellent,7000000
1366.0,2,2,5,Metro City,Unfurnished,0,Good,8300000
925.0,2,2,22,Metro City,Semi-Furnished,1,Good,5100000
1140.0,2,2,13,Metro City,Fully Furnished,1,Good,3900000
1033.0,2,2,3,Tier-2 City,Fully Furnished,0,Good,1850000
1000.0,7,7,4,Metro City,Semi-Furnished,2,Good,25000000
500.0,1,2,1,Tier-2 City,Fully Furnished,3,Poor,3500000
3496.5,3,3,13,Metro City,Fully Furnished,1,Excellent,23750000
1500.0,2,2,6,Metro City,Semi-Furnished,0,Excellent,11500000
1246.0,2,2,17,Metro City,Semi-Furnished,1,Good,6450000
1020.0,2,2,11,Metro City,Semi-Furnished,2,Good,4300000
1082.0,3,2,1,Tier-1 City,Unfurnished,0,Good,3150000
1500.0,2,2,15,Metro City,Semi-Furnished,1,Good,8800000
940.0,2,2,23,Metro City,Fully Furnished,1,Good,4800000
3000.0,3,3,20,Metro City,Semi-Furnished,1,Good,33800000
1033.0,3,2,16,Metro City,Unfurnished,0,Good,2550000
1246.0,2,2,10,Metro City,Unfurnished,2,Good,6450000
1120.0,4,4,25,Metro City,Fully Furnished,0,Good,17500000
1200.0,5,5,4,Metro City,Semi-Furnished,1,Good,26000000
1050.0,2,2,11,Tier-1 City,Semi-Furnished,2,Poor,4800000
1820.0,3,3,0,Metro City,Fully Furnished,1,Good,7700000
2400.0,4,4,15,Metro City,Unfurnished,1,Excellent,60000000
1200.0,2,2,5,Metro City,Unfurnished,2,Good,7000000
550.0,2,1,18,Tier-1 City,Semi-Furnished,2,Good,950000
1050.0,2,2,4,Metro City,Semi-Furnished,1,Excellent,4800000
1522.5,3,3,13,Metro City,Semi-Furnished,1,Excellent,6100000
1002.0,2,2,1,Metro City,Unfurnished,1,Poor,4000000
1200.0,3,2,16,Metro City,Unfurnished,2,Good,9800000
1500.0,3,3,16,Metro City,Semi-Furnished,1,Excellent,17000000
1200.0,2,2,2,Metro City,Unfurnished,1,Good,7000000
1385.0,3,2,1,Rural Area,Semi-Furnished,0,Excellent,750000
1135.0,2,2,7,Rural Area,Unfurnished,2,Good,500000
450.0,1,1,14,Metro City,Semi-Furnished,0,Good,900000
1165.0,2,2,5,Metro City,Fully Furnished,1,Good,9500000
1386.0,2,2,20,Metro City,Unfurnished,1,Poor,8500000
1100.0,2,2,6,Metro City,Semi-Furnished,2,Good,4700000
600.0,1,1,1,Metro City,Semi-Furnished,0,Good,3200000
502.0,1,1,21,Metro City,Semi-Furnished,2,Excellent,2500000
1190.0,2,2,12,Metro City,Unfurnished,1,Excellent,6800000
2800.0,3,3,8,Metro City,Semi-Furnished,1,Good,40000000
1250.0,2,2,1,Metro City,Unfurnished,1,Good,6000000
1549.0,3,3,0,Metro City,Fully Furnished,0,Excellent,8000000
1120.0,8,8,6,Metro City,Semi-Furnished,1,Good,15000000
1693.0,3,3,13,Metro City,Unfurnished,1,Excellent,5750000
1350.0,3,2,14,Tier-1 City,Semi-Furnished,1,Good,8550000
1238.0,2,2,22,Metro City,Semi-Furnished,2,Excellent,6700000
1075.0,3,2,2,Tier-1 City,Semi-Furnished,2,Excellent,2600000
1175.0,2,2,2,Metro City,Semi-Furnished,1,Good,4200000
750.0,1,1,5,Tier-1 City,Unfurnished,1,Good,2900000
1530.0,3,3,12,Tier-1 City,Semi-Furnished,1,Good,2450000
1200.0,2,2,9,Tier-2 City,Unfurnished,0,Good,2300000
1660.4,4,4,7,Metro City,Semi-Furnished,1,Good,21100000
1200.0,4,4,20,Metro City,Fully Furnished,2,Excellent,20000000
1225.0,2,2,2,Tier-1 City,Semi-Furnished,1,Good,2850000
1500.0,5,5,6,Metro City,Fully Furnished,1,Excellent,26500000
1405.0,2,2,8,Metro City,Fully Furnished,0,Excellent,5050000
1200.0,3,2,2,Tier-1 City,Semi-Furnished,2,Excellent,4400000
1920.0,3,3,9,Metro City,Unfurnished,1,Excellent,15000000
2215.0,3,4,4,Metro City,Fully Furnished,2,Good,15000000
850.0,2,2,4,Metro City,Semi-Furnished,3,Poor,2600000
1583.0,3,3,17,Metro City,Semi-Furnished,1,Excellent,7050000
1200.0,3,2,10,Tier-1 City,Fully Furnished,1,Good,3650000
1418.0,2,2,4,Tier-2 City,Fully Furnished,1,Good,2400000
1570.0,3,2,1,Metro City,Fully Furnished,2,Good,6600000
1174.0,2,2,8,Metro City,Semi-Furnished,3,Excellent,7400000
1515.0,3,3,4,Metro City,Semi-Furnished,1,Good,9000000
2475.0,3,4,21,Metro City,Unfurnished,0,Poor,32600000
1125.0,2,2,3,Tier-1 City,Unfurnished,0,Excellent,3100000
1200.0,2,2,6,Metro City,Semi-Furnished,2,Good,7200000
2800.0,4,5,4,Metro City,Semi-Furnished,1,Good,38000000
1161.0,2,2,10,Metro City,Unfurnished,1,Good,5500000
1626.0,3,3,16,Metro City,Fully Furnished,2,Good,8900000
3700.0,4,4,13,Metro City,Semi-Furnished,2,Excellent,31400000
1324.0,3,3,8,Metro City,Semi-Furnished,1,Good,6500000
1300.0,2,2,15,Metro City,Semi-Furnished,2,Good,5800000
850.0,2,2,7,Metro City,Fully Furnished,1,Good,2500000
1050.0,2,2,15,Metro City,Unfurnished,1,Good,6200000
1200.0,5,5,3,Metro City,Semi-Furnished,1,Excellent,22500000
675.0,2,3,1,Metro City,Unfurnished,2,Good,5200000
1150.0,2,2,1,Metro City,Unfurnished,1,Excellent,4600000
6500.0,7,7,0,Metro City,Semi-Furnished,0,Good,10400000
1645.0,3,3,21,Tier-1 City,Semi-Furnished,3,Poor,7750000
1369.1,2,2,2,Metro City,Semi-Furnished,0,Excellent,10400000
1827.0,3,3,4,Metro City,Semi-Furnished,1,Good,10000000
1172.0,2,2,6,Metro City,Fully Furnished,1,Good,7500000
1075.0,3,2,2,Metro City,Semi-Furnished,2,Excellent,4150000
1477.0,3,2,12,Metro City,Fully Furnished,1,Good,7500000
1682.0,3,3,13,Metro City,Semi-Furnished,0,Good,11400000
1394.0,2,2,20,Metro City,Fully Furnished,1,Good,10000000
3100.0,7,7,20,Metro City,Semi-Furnished,1,Good,14500000
1012.0,2,2,3,Metro City,Fully Furnished,2,Excellent,6200000
1115.0,2,2,8,Metro City,Fully Furnished,1,Excellent,5000000
1718.0,3,3,0,Tier-1 City,Fully Furnished,1,Good,10550000
1080.0,2,2,10,Metro City,Unfurnished,2,Good,5200000
1025.0,2,2,7,Metro City,Semi-Furnished,0,Good,2950000
1070.0,2,2,9,Metro City,Semi-Furnished,1,Excellent,4300000
845.0,2,2,19,Rural Area,Semi-Furnished,2,Good,500000
1030.0,2,2,25,Tier-1 City,Unfurnished,1,Good,3500000
1205.0,2,2,10,Metro City,Unfurnished,1,Good,6450000
1080.0,2,2,9,Metro City,Fully Furnished,2,Good,4900000
1230.0,2,2,0,Metro City,Unfurnished,2,Good,5650000
1334.0,2,2,10,Metro City,Semi-Furnished,0,Good,6800000
1200.0,3,3,1,Metro City,Unfurnished,1,Good,4600000
1464.0,2,2,23,Metro City,Semi-Furnished,1,Good,14500000
1636.0,3,3,12,Metro City,Fully Furnished,0,Excellent,8500000
1000.0,5,5,3,Rural Area,Unfurnished,1,Good,1950000
2289.0,3,3,4,Tier-1 City,Semi-Furnished,1,Good,12100000
1115.0,2,2,12,Metro City,Unfurnished,1,Good,5000000
2137.0,3,3,0,Metro City,Semi-Furnished,1,Poor,11000000
3300.0,10,9,2,Tier-1 City,Semi-Furnished,2,Excellent,25850000
750.0,2,2,20,Metro City,Semi-Furnished,1,Good,3650000
1407.0,2,2,5,Metro City,Semi-Furnished,0,Excellent,9850000
918.0,2,2,9,Rural Area,Unfurnished,1,Good,650000
1140.0,2,2,0,Metro City,Unfurnished,2,Good,3850000
2000.0,3,3,8,Metro City,Semi-Furnished,1,Excellent,12500000
1330.0,3,2,4,Tier-1 City,Fully Furnished,2,Good,3600000
1070.0,2,2,14,Metro City,Unfurnished,2,Excellent,4600000
1785.0,3,3,25,Tier-2 City,Unfurnished,0,Good,3950000
1072.0,2,2,0,Metro City,Fully Furnished,1,Good,4300000
2400.0,4,3,25,Metro City,Semi-Furnished,0,Poor,18500000
6000.0,8,8,4,Metro City,Fully Furnished,2,Excellent,22000000
1350.0,4,4,4,Metro City,Unfurnished,2,Good,20000000
1750.0,3,3,10,Metro City,Unfurnished,0,Excellent,12000000
1015.0,2,2,0,Tier-1 City,Semi-Furnished,1,Excellent,3200000
1475.0,3,3,1,Metro City,Semi-Furnished,0,Good,7500000
1160.0,3,2,8,Metro City,Semi-Furnished,2,Good,4050000
1100.0,2,2,7,Metro City,Unfurnished,1,Excellent,4100000
1310.0,2,2,9,Metro City,Semi-Furnished,1,Excellent,8800000
1104.0,2,2,4,Metro City,Semi-Furnished,2,Good,5800000
1246.0,2,2,1,Metro City,Fully Furnished,0,Excellent,6750000
645.0,1,1,0,Metro City,Unfurnished,1,Poor,1650000
2400.0,5,3,5,Metro City,Semi-Furnished,0,Good,51000000
1435.0,3,3,1,Metro City,Semi-Furnished,0,Good,5700000
1025.0,2,2,1,Metro City,Fully Furnished,1,Good,5400000
1200.0,7,7,0,Metro City,Unfurnished,2,Good,16900000
1150.0,2,2,7,Metro City,Fully Furnished,1,Excellent,9000000
2524.0,4,5,19,Metro City,Fully Furnished,2,Excellent,18000000
600.0,4,3,5,Metro City,Semi-Furnished,1,Good,6500000
1200.0,2,2,11,Tier-1 City,Semi-Furnished,0,Good,4750000
1200.0,2,2,5,Metro City,Fully Furnished,2,Good,5400000
4000.0,8,7,21,Metro City,Unfurnished,0,Excellent,11000000
1000.0,2,2,4,Metro City,Semi-Furnished,1,Good,2500000
1450.0,3,3,17,Metro City,Unfurnished,3,Good,5500000
1200.0,5,4,9,Tier-1 City,Unfurnished,1,Excellent,7300000
1200.0,2,2,5,Tier-2 City,Unfurnished,1,Good,1400000
686.0,1,1,5,Tier-2 City,Unfurnished,2,Good,2000000
735.0,1,1,2,Metro City,Semi-Furnished,0,Good,7500000
1362.0,2,2,21,Rural Area,Semi-Furnished,0,Excellent,1000000
1550.0,3,3,2,Tier-2 City,Unfurnished,0,Good,5100000
1179.0,2,2,10,Metro City,Semi-Furnished,1,Good,6600000
1000.0,2,2,4,Metro City,Unfurnished,1,Good,4200000
1170.0,2,2,2,Tier-1 City,Semi-Furnished,1,Excellent,3700000
1340.0,3,3,11,Metro City,Semi-Furnished,1,Good,6600000
883.0,2,2,18,Metro City,Unfurnished,1,Good,5000000
1044.0,2,2,10,Metro City,Unfurnished,0,Poor,3400000
2400.0,5,5,3,Metro City,Semi-Furnished,0,Excellent,12000000
1350.0,3,3,4,Metro City,Semi-Furnished,1,Good,5550000
1133.0,2,2,6,Metro City,Semi-Furnished,2,Good,4000000
1752.0,3,3,5,Rural Area,Unfurnished,2,Excellent,1600000
1444.0,2,2,7,Metro City,Semi-Furnished,1,Excellent,7000000
1350.0,4,4,10,Metro City,Semi-Furnished,1,Poor,23500000
700.0,2,2,19,Metro City,Unfurnished,1,Excellent,3500000
1220.0,2,2,0,Tier-2 City,Semi-Furnished,2,Excellent,2450000
750.0,2,2,13,Metro City,Fully Furnished,2,Excellent,2000000
1427.0,2,2,25,Metro City,Semi-Furnished,2,Good,5200000
1200.0,4,4,0,Metro City,Semi-Furnished,0,Good,11000000
992.0,2,2,21,Metro City,Fully Furnished,2,Poor,6000000
1691.0,3,3,21,Metro City,Fully Furnished,1,Poor,11900000
614.0,2,1,6,Metro City,Unfurnished,2,Good,2800000
492.0,1,1,8,Metro City,Unfurnished,1,Good,4000000
849.0,2,2,9,Rural Area,Semi-Furnished,1,Excellent,500000
1570.0,3,2,1,Rural Area,Unfurnished,2,Good,850000
1100.0,2,2,24,Metro City,Semi-Furnished,1,Excellent,6500000
530.0,1,1,0,Tier-1 City,Unfurnished,1,Good,1250000
2700.0,4,4,7,Metro City,Semi-Furnished,1,Poor,35000000
1290.0,2,2,3,Metro City,Semi-Furnished,1,Good,4900000
1000.0,2,2,15,Rural Area,Unfurnished,1,Good,500000
1120.0,2,2,6,Metro City,Fully Furnished,0,Good,5500000
1425.0,3,2,0,Metro City,Semi-Furnished,1,Good,7450000
1884.0,3,3,5,Metro City,Unfurnished,1,Poor,9500000
1831.0,3,3,5,Metro City,Fully Furnished,1,Good,11000000
1206.0,2,2,14,Tier-1 City,Unfurnished,2,Good,3200000
1410.0,3,2,19,Metro City,Unfurnished,1,Poor,4350000
1464.0,3,3,9,Tier-2 City,Semi-Furnished,2,Excellent,1600000
2640.0,3,5,8,Metro City,Semi-Furnished,1,Good,14200000
986.0,2,2,1,Metro City,Semi-Furnished,1,Good,3000000
1070.0,2,2,6,Metro City,Unfurnished,1,Good,5000000
702.0,4,4,3,Metro City,Unfurnished,1,Good,6500000
2519.0,4,5,19,Tier-2 City,Fully Furnished,1,Good,8500000
1010.0,2,2,22,Metro City,Fully Furnished,0,Good,4050000
810.0,2,2,4,Tier-1 City,Unfurnished,2,Good,1900000
1005.0,2,2,14,Metro City,Semi-Furnished,0,Good,4000000
1485.0,3,3,16,Metro City,Semi-Furnished,3,Excellent,7200000
3071.0,3,4,13,Rural Area,Semi-Furnished,2,Good,4600000
1801.0,3,3,0,Rural Area,Unfurnished,1,Good,1200000
675.0,1,1,13,Metro City,Semi-Furnished,2,Poor,4500000
709.0,1,1,4,Metro City,Semi-Furnished,0,Good,3450000
1200.0,3,2,9,Tier-2 City,Unfurnished,1,Good,1450000
1200.0,4,4,24,Metro City,Semi-Furnished,1,Good,24300000
1100.0,2,2,8,Metro City,Fully Furnished,0,Poor,2800000
1075.0,2,2,20,Metro City,Fully Furnished,2,Excellent,6000000
655.0,1,1,9,Tier-1 City,Unfurnished,0,Good,3550000
1346.0,2,2,4,Metro City,Semi-Furnished,1,Good,7600000
1500.0,7,7,9,Metro City,Semi-Furnished,2,Excellent,13000000
1044.0,2,2,20,Rural Area,Semi-Furnished,1,Excellent,800000
1612.0,3,3,0,Metro City,Unfurnished,0,Excellent,4650000
1080.0,2,2,15,Metro City,Unfurnished,0,Good,5400000
1350.0,2,2,0,Metro City,Semi-Furnished,1,Good,8950000
1093.0,2,2,4,Tier-2 City,Unfurnished,1,Good,1900000
1200.0,5,3,1,Metro City,Unfurnished,1,Excellent,9500000
1400.0,3,3,2,Metro City,Fully Furnished,2,Poor,5300000
1355.0,3,2,0,Metro City,Unfurnished,0,Poor,7500000
1460.0,3,2,17,Metro City,Semi-Furnished,1,Excellent,9700000
2240.0,3,5,2,Metro City,Semi-Furnished,2,Excellent,15500000
1150.0,2,2,0,Metro City,Unfurnished,2,Good,7000000
2700.0,5,4,11,Metro City,Fully Furnished,1,Good,12500000
1300.0,2,2,13,Metro City,Semi-Furnished,1,Good,6100000
1000.0,2,3,10,Metro City,Fully Furnished,2,Good,6000000
760.0,2,2,1,Metro City,Semi-Furnished,0,Excellent,3750000
2400.0,6,5,20,Tier-1 City,Unfurnished,1,Good,20050000
1200.0,3,4,22,Metro City,Unfurnished,2,Good,8000000
1200.0,2,2,18,Tier-2 City,Fully Furnished,2,Good,1950000
1252.0,3,3,16,Tier-1 City,Fully Furnished,2,Excellent,3350000
1150.0,2,2,8,Metro City,Semi-Furnished,2,Poor,5500000
1550.0,3,3,23,Metro City,Semi-Furnished,2,Good,8300000
2087.0,3,4,12,Tier-1 City,Semi-Furnished,0,Excellent,10100000
620.0,2,1,0,Metro City,Semi-Furnished,1,Poor,2350000
460.0,2,1,5,Metro City,Unfurnished,1,Good,2200000
1000.0,3,3,6,Metro City,Unfurnished,2,Excellent,13000000
1750.0,3,3,11,Metro City,Semi-Furnished,0,Excellent,15000000
2100.0,4,3,19,Tier-1 City,Semi-Furnished,0,Excellent,18100000
1025.0,2,2,20,Tier-1 City,Fully Furnished,1,Poor,3600000
1120.0,2,2,10,Metro City,Semi-Furnished,1,Excellent,6500000
972.0,2,2,7,Metro City,Semi-Furnished,1,Poor,4300000
708.0,2,1,13,Tier-2 City,Unfurnished,1,Good,1350000
1290.0,2,2,17,Tier-1 City,Semi-Furnished,1,Good,5100000
1125.0,2,2,4,Metro City,Unfurnished,1,Good,6500000
535.0,1,1,14,Metro City,Semi-Furnished,0,Good,3500000
400.0,1,1,19,Metro City,Semi-Furnished,1,Good,1400000
1133.0,2,2,2,Metro City,Fully Furnished,2,Good,3850000
1500.0,3,3,3,Metro City,Fully Furnished,2,Good,7300000
605.0,1,1,20,Metro City,Semi-Furnished,2,Poor,4000000
1575.0,3,2,0,Tier-1 City,Semi-Furnished,1,Good,6300000
1000.0,2,2,4,Metro City,Unfurnished,2,Good,5800000
3000.0,5,4,2,Metro City,Semi-Furnished,0,Good,30000000
1280.0,2,2,2,Rural Area,Unfurnished,1,Good,1200000
1070.0,2,2,10,Metro City,Semi-Furnished,0,Good,3750000
921.0,2,2,5,Tier-2 City,Semi-Furnished,1,Poor,950000
1200.0,2,1,2,Metro City,Semi-Furnished,1,Good,6500000
1800.0,3,4,8,Metro City,Semi-Furnished,1,Good,11500000
1460.0,2,2,5,Metro City,Unfurnished,0,Good,5800000
2409.0,3,3,10,Metro City,Semi-Furnished,0,Good,36000000
1180.0,3,3,4,Metro City,Fully Furnished,2,Good,4800000
1280.0,2,2,3,Metro City,Semi-Furnished,2,Good,5000000
1055.0,2,2,4,Metro City,Semi-Furnished,1,Excellent,5500000
1266.0,2,2,21,Rural Area,Semi-Furnished,1,Excellent,600000
3436.0,4,5,11,Metro City,Unfurnished,1,Excellent,34100000
2006.0,3,4,5,Tier-1 City,Semi-Furnished,0,Good,12800000
1700.0,3,3,1,Metro City,Fully Furnished,1,Poor,7500000
2500.0,4,4,16,Metro City,Semi-Furnished,1,Good,30000000
1100.0,2,2,3,Tier-1 City,Unfurnished,0,Poor,3150000
1533.0,3,3,0,Metro City,Fully Furnished,2,Excellent,9800000
1197.0,2,2,13,Metro City,Semi-Furnished,1,Excellent,7900000
2791.0,3,3,2,Metro City,Unfurnished,0,Good,22300000
1243.0,2,2,10,Metro City,Fully Furnished,1,Excellent,4600000
1275.0,2,2,6,Rural Area,Unfurnished,1,Excellent,700000
1570.0,3,3,6,Metro City,Fully Furnished,2,Poor,8800000
712.0,1,1,10,Metro City,Fully Furnished,1,Poor,3850000
4482.0,8,6,11,Metro City,Semi-Furnished,3,Good,85200000
1400.0,3,2,1,Metro City,Semi-Furnished,1,Good,4500000
1223.0,2,2,6,Metro City,Semi-Furnished,1,Poor,9300000
1275.0,3,2,3,Metro City,Semi-Furnished,2,Poor,5550000
4000.0,6,6,5,Metro City,Unfurnished,2,Good,85000000
2010.0,3,3,10,Metro City,Unfurnished,1,Excellent,9200000
3526.0,4,4,18,Metro City,Fully Furnished,1,Good,59800000
1804.0,2,2,22,Metro City,Fully Furnished,1,Good,28500000
3675.0,4,4,8,Metro City,Unfurnished,1,Good,17600000
1450.0,3,2,6,Tier-2 City,Unfurnished,1,Excellent,3600000
1410.0,3,2,16,Metro City,Fully Furnished,3,Good,5650000
1100.0,2,2,6,Metro City,Semi-Furnished,1,Good,5500000
3300.0,4,4,1,Metro City,Fully Furnished,1,Excellent,43000000
2000.0,3,3,1,Metro City,Fully Furnished,2,Excellent,17500000
4200.0,4,4,9,Tier-2 City,Unfurnished,1,Good,13550000
3000.0,5,4,5,Rural Area,Fully Furnished,1,Excellent,15400000
1700.0,3,3,10,Rural Area,Unfurnished,2,Good,1150000
1770.0,3,3,6,Metro City,Semi-Furnished,2,Excellent,10000000
1700.0,3,3,0,Rural Area,Unfurnished,1,Good,2650000
1537.0,3,3,0,Metro City,Semi-Furnished,1,Excellent,8100000
1340.0,2,2,25,Metro City,Semi-Furnished,1,Good,6500000
1300.0,2,2,10,Metro City,Fully Furnished,1,Good,9500000
1081.5,2,2,12,Metro City,Fully Furnished,1,Excellent,3850000
1140.0,2,2,12,Metro City,Semi-Furnished,1,Good,4600000
600.0,8,6,1,Metro City,Semi-Furnished,1,Poor,6000000
1050.0,2,2,10,Metro City,Unfurnished,1,Excellent,6500000
3385.5,4,6,7,Metro City,Fully Furnished,1,Good,14200000
2400.0,2,2,1,Metro City,Fully Furnished,1,Good,13500000
1485.0,3,2,4,Metro City,Semi-Furnished,2,Poor,7000000
1197.0,2,2,18,Metro City,Unfurnished,1,Good,8200000
1358.0,3,2,19,Metro City,Semi-Furnished,2,Excellent,4300000
1655.0,3,3,22,Metro City,Fully Furnished,1,Excellent,11500000
1200.0,2,2,2,Metro City,Semi-Furnished,3,Excellent,8000000
1000.0,2,2,13,Metro City,Fully Furnished,2,Good,4500000
1655.0,3,3,10,Metro City,Semi-Furnished,1,Excellent,15500000
1245.0,3,2,15,Tier-1 City,Fully Furnished,1,Good,3100000
845.0,2,2,25,Metro City,Fully Furnished,1,Good,3400000
769.0,2,2,17,Metro City,Fully Furnished,2,Poor,4000000
2376.0,3,3,11,Metro City,Semi-Furnished,2,Excellent,24000000
1100.0,2,2,6,Metro City,Semi-Furnished,0,Good,4600000
1340.0,2,2,20,Metro City,Unfurnished,2,Good,7100000
1194.0,2,2,10,Metro City,Semi-Furnished,1,Good,4700000
3280.0,10,9,1,Metro City,Unfurnished,2,Good,45000000
7500.0,4,6,17,Metro City,Semi-Furnished,0,Good,180000000
1285.0,3,2,19,Metro City,Fully Furnished,1,Good,6800000
2376.0,3,3,14,Metro City,Semi-Furnished,1,Good,20300000
1205.0,2,2,1,Metro City,Semi-Furnished,2,Good,5900000
1820.0,3,3,0,Metro City,Semi-Furnished,2,Poor,15000000
1330.0,2,2,10,Metro City,Unfurnished,2,Good,8000000
750.0,2,2,8,Metro City,Fully Furnished,1,Good,2800000
3385.0,4,4,2,Metro City,Semi-Furnished,2,Good,26000000
1500.0,2,2,3,Metro City,Unfurnished,1,Poor,20300000
1916.0,3,2,0,Metro City,Semi-Furnished,0,Poor,15000000
1149.0,2,2,6,Tier-2 City,Unfurnished,0,Poor,2800000
2500.0,4,6,7,Tier-1 City,Semi-Furnished,2,Good,9300000
1223.0,2,2,2,Metro City,Fully Furnished,3,Good,6000000
400.0,1,1,5,Metro City,Semi-Furnished,2,Excellent,1150000
1330.0,2,2,24,Metro City,Unfurnished,2,Good,7100000
1300.0,3,3,14,Metro City,Unfurnished,2,Good,6400000
1260.0,2,2,7,Metro City,Semi-Furnished,2,Good,12000000
1160.0,2,2,0,Metro City,Semi-Furnished,0,Good,4050000
922.0,2,2,16,Metro City,Unfurnished,1,Good,7000000
2070.0,3,3,7,Metro City,Semi-Furnished,1,Good,16200000
4600.0,9,9,17,Metro City,Semi-Furnished,1,Good,20000000
1140.0,2,2,0,Metro City,Unfurnished,1,Good,3300000
1070.0,2,2,16,Metro City,Unfurnished,1,Excellent,4550000
1225.0,2,2,17,Metro City,Semi-Furnished,0,Poor,4800000
1580.0,3,3,16,Metro City,Semi-Furnished,0,Good,12500000
1200.0,3,2,0,Metro City,Semi-Furnished,3,Good,6600000
900.0,2,2,3,Rural Area,Unfurnished,2,Poor,500000
1945.0,3,3,14,Metro City,Fully Furnished,1,Good,9750000
1020.0,2,2,8,Metro City,Fully Furnished,2,Poor,4200000
1290.0,2,2,18,Metro City,Fully Furnished,1,Poor,7200000
2400.0,7,7,17,Tier-1 City,Unfurnished,2,Good,24650000
995.0,2,1,14,Tier-1 City,Unfurnished,0,Good,1350000
1162.0,2,2,2,Metro City,Semi-Furnished,2,Good,5800000
2550.0,3,4,18,Metro City,Semi-Furnished,2,Excellent,29000000
1770.0,3,3,10,Metro City,Semi-Furnished,1,Good,9000000
600.0,1,1,16,Tier-2 City,Semi-Furnished,1,Good,600000
1255.0,3,2,10,Metro City,Semi-Furnished,1,Good,9500000
1590.0,9,6,4,Metro City,Semi-Furnished,2,Good,15000000
1600.0,3,3,7,Tier-1 City,Semi-Furnished,3,Poor,4200000
1500.0,3,2,8,Metro City,Unfurnished,2,Good,8700000
1786.0,3,2,1,Tier-2 City,Semi-Furnished,2,Excellent,3600000
700.0,3,3,18,Metro City,Semi-Furnished,2,Good,19500000
804.1,2,2,18,Rural Area,Unfurnished,0,Excellent,850000
1500.0,4,4,13,Metro City,Unfurnished,3,Good,19200000
1710.0,3,3,8,Metro City,Semi-Furnished,1,Poor,13500000
985.0,2,2,19,Tier-1 City,Semi-Furnished,1,Poor,3750000
1410.0,3,2,1,Metro City,Unfurnished,2,Excellent,6500000
1272.0,2,2,4,Tier-1 City,Semi-Furnished,1,Poor,4050000
1200.0,2,2,9,Metro City,Unfurnished,3,Good,4700000
1245.0,2,2,22,Metro City,Fully Furnished,1,Good,5900000
1732.5,3,3,0,Tier-1 City,Unfurnished,1,Excellent,6550000
1712.0,3,3,10,Tier-1 City,Fully Furnished,1,Excellent,5150000
1750.0,5,5,4,Metro City,Semi-Furnished,1,Excellent,45000000
3600.0,9,8,22,Tier-2 City,Unfurnished,1,Excellent,4800000
2400.0,2,2,25,Metro City,Fully Furnished,0,Poor,9500000
1255.0,3,2,1,Tier-2 City,Semi-Furnished,2,Good,2900000
1200.0,2,2,18,Rural Area,Unfurnished,2,Good,750000
1020.0,2,2,22,Metro City,Fully Furnished,2,Poor,3900000
1425.0,3,2,11,Metro City,Unfurnished,1,Good,5700000
1065.0,2,2,10,Metro City,Semi-Furnished,2,Good,5000000
1255.0,2,2,19,Metro City,Unfurnished,1,Good,4000000
1310.0,3,2,15,Metro City,Fully Furnished,2,Excellent,3800000
600.0,8,4,8,Metro City,Semi-Furnished,1,Excellent,7200000
1720.0,3,3,4,Metro City,Semi-Furnished,1,Poor,8300000
910.0,5,4,14,Metro City,Semi-Furnished,1,Good,19400000
1320.0,3,2,5,Metro City,Semi-Furnished,1,Good,3800000
3200.0,7,7,0,Metro City,Semi-Furnished,0,Good,15000000
1160.0,2,2,11,Metro City,Fully Furnished,2,Good,5300000
600.0,1,1,2,Metro City,Fully Furnished,1,Excellent,3500000
1246.0,2,2,5,Tier-1 City,Semi-Furnished,2,Good,4700000
1080.0,2,2,2,Metro City,Unfurnished,0,Poor,5000000
1532.0,3,3,12,Tier-2 City,Fully Furnished,1,Good,3150000
2592.0,4,4,6,Tier-1 City,Unfurnished,0,Excellent,16100000
1903.0,5,6,7,Metro City,Unfurnished,1,Good,14000000
800.0,5,5,3,Metro City,Fully Furnished,1,Excellent,9800000
1550.0,3,2,0,Metro City,Semi-Furnished,0,Good,15000000
1000.0,2,2,8,Metro City,Semi-Furnished,1,Excellent,4450000
1150.0,3,2,6,Metro City,Fully Furnished,2,Excellent,4300000
1530.0,2,2,13,Metro City,Unfurnished,1,Excellent,18500000
1400.0,2,1,15,Metro City,Fully Furnished,1,Good,8000000
3539.5,4,4,1,Metro City,Unfurnished,1,Good,42450000
1752.12,3,3,7,Metro City,Semi-Furnished,1,Good,12500000
360.0,4,4,21,Metro City,Semi-Furnished,1,Excellent,3700000
1632.0,4,3,13,Metro City,Fully Furnished,1,Excellent,12800000
1015.0,2,2,4,Metro City,Unfurnished,1,Excellent,6000000
1126.0,2,2,6,Metro City,Semi-Furnished,2,Good,6900000
1998.0,3,3,10,Metro City,Unfurnished,0,Excellent,11700000
1194.0,2,2,8,Metro City,Semi-Furnished,0,Good,4700000
2700.0,4,4,7,Rural Area,Unfurnished,1,Poor,6100000
1220.0,2,2,7,Tier-1 City,Unfurnished,0,Good,3700000
1085.0,2,2,6,Tier-2 City,Unfurnished,0,Good,1550000
2400.0,3,3,4,Metro City,Semi-Furnished,1,Good,26000000
1432.0,3,3,5,Metro City,Fully Furnished,0,Excellent,7900000
1597.0,3,3,1,Metro City,Unfurnished,2,Good,6700000
1216.0,2,2,20,Metro City,Semi-Furnished,2,Good,8300000
1223.0,3,2,9,Metro City,Unfurnished,1,Good,4300000
1260.0,2,2,14,Metro City,Semi-Furnished,2,Excellent,7500000
1260.0,2,2,22,Tier-2 City,Semi-Furnished,2,Good,2450000
708.0,2,1,8,Rural Area,Unfurnished,1,Good,750000
4111.0,4,4,4,Metro City,Fully Furnished,2,Good,37000000
1650.0,3,3,21,Metro City,Semi-Furnished,1,Good,10000000
1100.0,3,3,13,Tier-2 City,Unfurnished,0,Excellent,2100000
1686.0,3,3,0,Metro City,Semi-Furnished,1,Excellent,7700000
2500.0,6,6,18,Metro City,Semi-Furnished,1,Poor,5800000
1050.0,2,2,0,Tier-2 City,Unfurnished,0,Good,1300000
860.0,2,1,7,Tier-1 City,Semi-Furnished,0,Good,3600000
1660.0,3,3,2,Metro City,Semi-Furnished,1,Good,10400000
1424.0,2,2,19,Metro City,Unfurnished,1,Good,9000000
2000.0,4,4,7,Metro City,Fully Furnished,0,Good,9500000
600.0,3,4,15,Rural Area,Fully Furnished,2,Poor,1200000
866.0,2,2,13,Metro City,Semi-Furnished,2,Good,3200000
1559.0,3,3,2,Tier-2 City,Fully Furnished,0,Excellent,2150000
1280.0,2,2,17,Metro City,Unfurnished,1,Excellent,6850000
1190.0,2,2,17,Metro City,Semi-Furnished,0,Good,5500000
1343.0,2,2,0,Metro City,Unfurnished,0,Good,8600000
1550.0,7,7,1,Metro City,Unfurnished,1,Good,16000000
1704.0,3,3,0,Metro City,Unfurnished,2,Good,9450000
600.0,3,3,11,Metro City,Semi-Furnished,1,Excellent,9000000
2000.0,4,4,6,Metro City,Semi-Furnished,2,Good,30000000
1922.0,3,3,3,Tier-2 City,Unfurnished,2,Good,3850000
1200.0,7,6,2,Metro City,Semi-Furnished,3,Good,23500000
812.0,2,2,7,Metro City,Unfurnished,1,Good,3800000
1200.0,3,2,2,Metro City,Semi-Furnished,0,Poor,7500000
896.0,2,2,3,Metro City,Fully Furnished,1,Good,3000000
1677.0,3,3,3,Metro City,Semi-Furnished,1,Good,9200000
1495.0,3,3,1,Metro City,Fully Furnished,2,Good,5500000
674.0,2,2,12,Metro City,Semi-Furnished,2,Excellent,2900000
1000.0,1,1,12,Metro City,Semi-Furnished,1,Good,1900000
1146.0,2,2,16,Metro City,Unfurnished,0,Excellent,5500000
1200.0,2,2,3,Rural Area,Unfurnished,1,Excellent,1350000
1125.0,2,2,2,Metro City,Semi-Furnished,2,Good,6200000
1350.0,3,3,5,Rural Area,Unfurnished,1,Good,750000
1787.0,3,3,5,Metro City,Semi-Furnished,2,Poor,11600000
1252.0,3,3,0,Tier-2 City,Semi-Furnished,0,Excellent,2100000
1075.0,1,1,3,Metro City,Unfurnished,0,Good,5250000
1530.0,3,2,1,Metro City,Fully Furnished,1,Good,6000000
1168.0,2,2,25,Metro City,Semi-Furnished,1,Good,6100000
1615.0,3,3,18,Rural Area,Unfurnished,0,Good,1800000
1250.0,2,2,8,Metro City,Unfurnished,1,Good,4000000
2650.0,4,4,9,Metro City,Unfurnished,1,Good,24000000
2956.0,4,5,2,Metro City,Semi-Furnished,2,Excellent,23400000
1655.0,3,3,13,Rural Area,Unfurnished,1,Good,1000000
906.0,4,3,2,Metro City,Semi-Furnished,2,Poor,5500000
2254.0,3,3,13,Metro City,Semi-Furnished,1,Good,17000000
1575.0,3,3,2,Metro City,Semi-Furnished,1,Excellent,6300000
1200.0,2,2,5,Metro City,Semi-Furnished,1,Excellent,3600000
1100.0,2,2,3,Metro City,Unfurnished,0,Poor,4500000
1400.0,3,3,1,Metro City,Fully Furnished,1,Excellent,4500000
1250.0,3,3,5,Tier-2 City,Semi-Furnished,2,Excellent,1900000
2079.0,3,3,12,Rural Area,Unfurnished,0,Excellent,2950000
950.0,1,1,5,Metro City,Unfurnished,1,Good,4000000
1230.0,2,2,4,Metro City,Unfurnished,0,Good,4400000
2370.0,3,4,21,Metro City,Fully Furnished,0,Good,19500000
1400.0,2,2,9,Metro City,Unfurnished,1,Poor,10000000
1200.0,2,2,7,Metro City,Semi-Furnished,0,Good,4200000
1310.0,3,2,16,Metro City,Semi-Furnished,1,Good,3800000
1420.0,3,2,5,Metro City,Fully Furnished,1,Good,7500000
1352.0,2,2,3,Metro City,Fully Furnished,1,Good,7500000
1470.0,3,3,7,Tier-1 City,Semi-Furnished,1,Excellent,3500000
1034.0,6,5,4,Metro City,Semi-Furnished,1,Excellent,18500000
1200.0,2,2,7,Metro City,Semi-Furnished,1,Good,4000000
1650.0,3,3,20,Rural Area,Semi-Furnished,1,Poor,500000
5108.0,4,5,7,Metro City,Fully Furnished,1,Good,99500000
350.0,4,3,4,Tier-1 City,Unfurnished,1,Good,3300000
1130.0,2,2,0,Metro City,Unfurnished,3,Good,5500000
1093.0,2,2,9,Tier-1 City,Fully Furnished,1,Excellent,2050000
750.0,2,1,9,Metro City,Semi-Furnished,1,Excellent,1850000
1500.0,3,3,1,Metro City,Semi-Furnished,0,Excellent,6200000
1017.0,2,2,20,Metro City,Semi-Furnished,1,Good,2700000
3600.0,3,3,4,Metro City,Fully Furnished,1,Good,15000000
3500.0,4,5,5,Metro City,Fully Furnished,0,Good,45000000
1933.0,3,3,0,Metro City,Fully Furnished,1,Good,12900000
4100.0,4,3,25,Rural Area,Semi-Furnished,2,Good,3000000
1350.0,3,2,1,Metro City,Fully Furnished,1,Good,5400000
1385.0,3,2,1,Metro City,Semi-Furnished,0,Excellent,6650000
1355.0,2,2,1,Tier-1 City,Semi-Furnished,3,Excellent,5050000
1232.0,2,2,0,Rural Area,Unfurnished,0,Good,900000
644.0,1,1,9,Tier-1 City,Semi-Furnished,0,Excellent,2150000
1674.0,3,3,16,Metro City,Unfurnished,2,Excellent,8100000
3500.0,4,4,0,Metro City,Unfurnished,1,Good,30000000
1800.0,3,3,16,Rural Area,Fully Furnished,3,Good,1050000
1160.0,3,2,11,Metro City,Semi-Furnished,2,Good,4200000
1225.0,2,2,0,Metro City,Unfurnished,2,Good,4800000
1093.0,2,2,7,Metro City,Unfurnished,1,Excellent,6800000
2200.0,3,3,3,Metro City,Semi-Furnished,0,Excellent,19000000
1255.0,3,2,9,Metro City,Semi-Furnished,1,Good,7750000
985.0,2,2,5,Tier-1 City,Fully Furnished,1,Good,2950000
1170.0,3,3,9,Metro City,Unfurnished,2,Good,8000000
1185.0,2,2,18,Tier-1 City,Semi-Furnished,1,Good,3050000
2023.0,3,4,1,Tier-1 City,Unfurnished,2,Poor,9350000
1350.0,3,3,9,Metro City,Fully Furnished,0,Excellent,6000000
825.0,2,2,3,Metro City,Unfurnished,1,Excellent,3500000
5667.5,4,5,3,Metro City,Fully Furnished,1,Good,30000000
925.0,2,2,18,Tier-1 City,Semi-Furnished,1,Good,2250000
1100.0,2,2,13,Metro City,Semi-Furnished,1,Poor,5000000
1155.0,3,2,10,Tier-1 City,Unfurnished,2,Good,4100000
1418.0,3,3,7,Metro City,Unfurnished,0,Good,5250000
470.0,1,1,6,Metro City,Unfurnished,1,Good,2100000
825.0,2,2,23,Metro City,Unfurnished,0,Excellent,3200000
1400.0,2,2,12,Metro City,Fully Furnished,0,Good,16800000
1200.0,9,9,14,Metro City,Unfurnished,1,Good,35000000
2470.0,4,5,6,Metro City,Semi-Furnished,1,Excellent,19200000
600.0,1,1,21,Metro City,Fully Furnished,1,Good,1700000
1345.0,3,3,14,Tier-1 City,Unfurnished,1,Good,4300000
1545.0,3,3,0,Rural Area,Semi-Furnished,1,Good,750000
1800.0,3,3,15,Metro City,Semi-Furnished,1,Good,19500000
1219.0,2,2,9,Tier-2 City,Unfurnished,1,Good,1700000
1600.0,3,3,1,Metro City,Semi-Furnished,1,Excellent,7900000
750.0,5,3,7,Metro City,Semi-Furnished,0,Good,8800000
3978.0,4,4,19,Tier-2 City,Unfurnished,0,Good,16050000
3198.0,4,4,10,Tier-1 City,Unfurnished,0,Good,14000000
1200.0,2,2,10,Metro City,Semi-Furnished,1,Poor,7800000
1900.0,3,2,9,Tier-2 City,Unfurnished,1,Good,3550000
1180.0,2,2,4,Metro City,Unfurnished,1,Excellent,7200000
1705.0,3,3,9,Metro City,Semi-Furnished,0,Good,7400000
1244.0,2,3,6,Metro City,Semi-Furnished,1,Excellent,4800000
1135.0,2,2,7,Metro City,Semi-Furnished,1,Good,5800000
1530.0,3,2,15,Metro City,Fully Furnished,1,Excellent,9700000
1100.0,2,2,3,Tier-1 City,Unfurnished,1,Good,4550000
1290.0,3,2,17,Metro City,Unfurnished,1,Excellent,4500000
1935.0,3,4,10,Metro City,Semi-Furnished,2,Good,12500000
600.0,1,1,10,Rural Area,Unfurnished,1,Good,600000
650.0,1,1,2,Metro City,Unfurnished,2,Poor,2300000
1707.0,3,3,7,Tier-2 City,Unfurnished,1,Good,5300000
1900.0,4,2,10,Metro City,Fully Furnished,2,Poor,17000000
1160.0,2,2,23,Metro City,Semi-Furnished,0,Excellent,4050000
1000.0,2,2,5,Metro City,Semi-Furnished,0,Good,4500000
1715.0,3,3,5,Tier-2 City,Unfurnished,1,Excellent,3800000
1508.0,3,3,24,Metro City,Fully Furnished,0,Good,7500000
1862.0,3,3,7,Tier-2 City,Unfurnished,0,Good,3850000
1255.0,3,2,1,Metro City,Semi-Furnished,2,Good,9000000
1569.0,3,3,0,Metro City,Unfurnished,1,Poor,10100000
1917.0,3,3,4,Metro City,Fully Furnished,1,Excellent,13200000
1290.0,2,2,17,Metro City,Semi-Furnished,1,Good,8800000
1140.0,2,2,13,Metro City,Unfurnished,0,Good,4600000
1090.0,2,2,3,Rural Area,Semi-Furnished,1,Poor,900000
1140.0,3,3,20,Metro City,Semi-Furnished,1,Good,13000000
2000.0,2,2,20,Metro City,Unfurnished,0,Excellent,16000000
1395.0,3,2,16,Metro City,Fully Furnished,2,Good,6300000
1700.0,3,3,0,Metro City,Semi-Furnished,1,Good,25000000
1985.0,3,3,4,Metro City,Fully Furnished,1,Good,7500000
1700.0,3,3,16,Metro City,Unfurnished,2,Poor,11500000
1210.0,2,2,18,Tier-1 City,Unfurnished,0,Excellent,1600000
1445.0,3,3,8,Rural Area,Semi-Furnished,1,Good,500000
1400.0,3,2,18,Metro City,Unfurnished,1,Excellent,5500000
2400.0,3,2,4,Tier-2 City,Semi-Furnished,1,Poor,1950000
4304.0,4,4,2,Metro City,Unfurnished,2,Good,69900000
3210.0,4,4,1,Tier-1 City,Fully Furnished,0,Good,13500000
4100.0,4,4,16,Metro City,Fully Furnished,0,Poor,55000000
1100.0,2,2,5,Metro City,Semi-Furnished,2,Excellent,5000000
1410.0,3,3,3,Metro City,Fully Furnished,0,Good,6500000
1725.0,3,3,13,Metro City,Unfurnished,1,Good,8500000
2240.0,7,4,3,Metro City,Semi-Furnished,0,Good,70000000
600.0,4,4,5,Metro City,Fully Furnished,1,Good,7000000
1345.0,3,2,13,Metro City,Fully Furnished,2,Excellent,5700000
510.0,1,1,11,Metro City,Unfurnished,1,Good,2500000
1545.0,3,3,16,Rural Area,Unfurnished,1,Excellent,1000000
668.0,1,1,11,Tier-2 City,Unfurnished,1,Good,1600000
2040.0,3,3,17,Rural Area,Fully Furnished,2,Good,1250000
1650.0,4,5,6,Metro City,Semi-Furnished,2,Excellent,30900000
1741.0,3,3,17,Metro City,Semi-Furnished,1,Excellent,8000000
1665.0,3,3,4,Metro City,Semi-Furnished,2,Poor,8650000
645.0,1,1,3,Metro City,Semi-Furnished,1,Good,5500000
565.0,2,2,3,Metro City,Semi-Furnished,3,Good,1500000
1057.0,2,2,2,Metro City,Semi-Furnished,0,Excellent,3450000
3500.0,3,4,25,Metro City,Semi-Furnished,1,Poor,50000000
1120.0,2,2,5,Metro City,Unfurnished,3,Excellent,7000000
965.0,2,2,11,Metro City,Semi-Furnished,1,Excellent,5600000
1810.0,3,3,9,Metro City,Unfurnished,1,Good,10000000
1116.0,2,2,6,Metro City,Unfurnished,0,Excellent,5200000
1385.0,3,2,5,Metro City,Fully Furnished,1,Good,5800000
1482.0,3,2,1,Metro City,Fully Furnished,3,Good,8350000
2250.0,3,3,4,Metro City,Semi-Furnished,2,Good,18000000
3600.0,6,4,4,Metro City,Semi-Furnished,2,Good,16000000
1020.0,2,2,12,Metro City,Semi-Furnished,0,Good,3900000
1200.0,6,6,4,Metro City,Unfurnished,3,Good,25000000
1300.0,2,2,14,Metro City,Semi-Furnished,2,Good,9100000
1130.0,2,2,22,Metro City,Unfurnished,2,Excellent,6000000
5384.0,5,5,8,Metro City,Unfurnished,1,Good,42000000
1457.0,3,2,21,Metro City,Unfurnished,2,Good,10500000
1142.0,2,2,21,Metro City,Unfurnished,1,Good,3500000
1445.0,3,2,2,Metro City,Unfurnished,1,Excellent,4050000
750.0,4,4,21,Metro City,Unfurnished,0,Poor,8500000
925.0,2,2,6,Tier-2 City,Unfurnished,0,Excellent,850000
1340.0,2,2,1,Metro City,Fully Furnished,1,Good,6500000
1105.0,2,2,3,Metro City,Semi-Furnished,2,Excellent,4650000
4003.0,4,6,4,Metro City,Semi-Furnished,1,Excellent,30000000
1200.0,3,3,0,Metro City,Semi-Furnished,0,Good,12000000
1458.0,3,3,8,Metro City,Fully Furnished,1,Good,6000000
1090.0,2,2,2,Metro City,Unfurnished,1,Good,3150000
2400.0,4,4,4,Metro City,Semi-Furnished,2,Good,70000000
3122.0,4,5,16,Rural Area,Semi-Furnished,1,Good,3400000
1265.0,2,2,2,Metro City,Semi-Furnished,2,Good,8500000
1095.0,2,2,10,Metro City,Fully Furnished,1,Good,5700000
1150.0,3,2,0,Metro City,Fully Furnished,1,Excellent,7750000
6136.0,4,4,22,Metro City,Semi-Furnished,0,Excellent,56000000
1200.0,4,2,5,Metro City,Unfurnished,0,Excellent,17000000
1761.0,3,3,8,Tier-1 City,Semi-Furnished,0,Poor,4800000
3535.0,4,4,17,Metro City,Semi-Furnished,3,Good,21500000
1066.0,2,2,8,Metro City,Semi-Furnished,3,Poor,5500000
1652.5,3,3,24,Metro City,Semi-Furnished,2,Good,9000000
1400.0,3,3,12,Metro City,Semi-Furnished,1,Good,8100000
1200.0,3,3,3,Tier-1 City,Fully Furnished,1,Good,4450000
1650.0,3,3,14,Rural Area,Semi-Furnished,1,Poor,1400000
1235.0,2,2,17,Metro City,Unfurnished,2,Good,6300000
1325.0,2,2,14,Metro City,Semi-Furnished,1,Good,5000000
2858.0,4,4,8,Metro City,Unfurnished,1,Good,13700000
1690.0,3,2,1,Rural Area,Semi-Furnished,1,Excellent,1350000
1418.0,2,2,16,Metro City,Fully Furnished,1,Good,10500000
1355.0,3,3,3,Metro City,Semi-Furnished,1,Excellent,8400000
1475.0,3,2,9,Metro City,Semi-Furnished,2,Good,6300000
3000.0,3,5,10,Metro City,Unfurnished,0,Poor,33500000
1690.0,4,3,16,Tier-1 City,Fully Furnished,2,Good,5350000
1515.0,3,3,24,Tier-1 City,Fully Furnished,3,Good,4900000
3000.0,2,2,3,Tier-2 City,Unfurnished,1,Excellent,19700000
2000.0,4,4,6,Metro City,Semi-Furnished,0,Good,7500000
7500.0,4,4,2,Metro City,Semi-Furnished,1,Good,42500000
1349.0,2,2,7,Metro City,Unfurnished,1,Excellent,5650000
1270.0,3,2,0,Metro City,Semi-Furnished,1,Good,5700000
1400.0,7,6,9,Metro City,Fully Furnished,1,Good,20000000
1108.0,2,2,6,Metro City,Fully Furnished,1,Excellent,8750000
1012.0,2,2,23,Metro City,Fully Furnished,0,Excellent,4500000
1080.0,2,2,18,Metro City,Unfurnished,2,Good,6200000
1850.0,6,3,4,Metro City,Unfurnished,1,Good,17500000
2383.0,4,5,6,Metro City,Semi-Furnished,0,Good,21500000
3800.0,3,2,15,Metro City,Unfurnished,1,Excellent,13000000
1510.0,3,2,3,Metro City,Unfurnished,0,Poor,5500000
1345.0,2,2,6,Metro City,Fully Furnished,1,Good,10800000
800.0,4,4,2,Metro City,Fully Furnished,1,Good,12000000
812.0,1,1,8,Rural Area,Semi-Furnished,2,Excellent,500000
4025.0,4,5,12,Metro City,Unfurnished,2,Poor,80000000
1439.0,3,3,8,Metro City,Semi-Furnished,1,Poor,5700000
1535.0,3,3,5,Tier-2 City,Unfurnished,0,Good,1850000
1240.0,3,2,14,Metro City,Fully Furnished,1,Poor,4300000
1121.0,2,2,13,Metro City,Semi-Furnished,2,Poor,7800000
2800.0,3,3,17,Tier-2 City,Fully Furnished,1,Excellent,11300000
1200.0,8,7,10,Metro City,Unfurnished,1,Good,22000000
1171.0,2,2,3,Metro City,Semi-Furnished,0,Good,7300000
1095.0,2,2,1,Metro City,Unfurnished,2,Good,4000000
770.0,1,1,4,Metro City,Unfurnished,0,Good,4400000
1140.0,2,2,5,Metro City,Fully Furnished,2,Good,5600000
1063.0,2,2,7,Metro City,Unfurnished,1,Good,3300000
1300.0,2,3,9,Metro City,Unfurnished,3,Good,6500000
1150.0,2,2,1,Metro City,Semi-Furnished,2,Poor,7200000
2061.0,3,4,1,Rural Area,Unfurnished,2,Excellent,2950000
1560.0,3,3,2,Tier-1 City,Semi-Furnished,0,Good,5100000
1654.0,3,2,16,Tier-2 City,Unfurnished,2,Good,3050000
1350.0,2,2,19,Tier-1 City,Unfurnished,1,Good,7600000
1100.0,2,2,0,Tier-1 City,Fully Furnished,1,Good,4100000
1500.0,3,2,17,Metro City,Fully Furnished,1,Excellent,7750000
1569.0,3,3,5,Metro City,Unfurnished,1,Excellent,11800000
1612.0,3,3,0,Tier-1 City,Unfurnished,0,Excellent,2800000
1182.0,3,2,10,Metro City,Semi-Furnished,2,Good,6000000
1223.0,3,2,6,Metro City,Fully Furnished,1,Good,4300000
2072.0,3,4,5,Metro City,Semi-Furnished,2,Excellent,15700000
1650.0,3,3,20,Metro City,Semi-Furnished,1,Poor,5200000
1640.0,5,4,0,Metro City,Unfurnished,1,Good,24000000
1000.0,6,5,7,Metro City,Semi-Furnished,1,Excellent,9800000
1200.0,3,3,3,Tier-1 City,Semi-Furnished,1,Good,10600000
5000.0,9,9,7,Tier-1 City,Semi-Furnished,0,Excellent,14050000
500.0,5,5,22,Metro City,Semi-Furnished,3,Excellent,9200000
4144.0,5,5,17,Rural Area,Unfurnished,2,Good,2500000
3050.0,5,5,3,Metro City,Unfurnished,1,Excellent,21300000
1000.0,2,2,10,Metro City,Semi-Furnished,1,Good,5000000
2295.0,6,3,16,Metro City,Semi-Furnished,2,Good,65000000
1353.0,3,2,0,Metro City,Unfurnished,1,Good,11000000
1200.0,2,2,0,Rural Area,Unfurnished,0,Excellent,800000
1400.0,3,2,24,Metro City,Semi-Furnished,0,Good,5700000
6200.0,5,5,11,Tier-1 City,Semi-Furnished,0,Good,43300000
1065.0,2,2,3,Metro City,Semi-Furnished,1,Good,5500000
4856.0,4,5,18,Metro City,Unfurnished,0,Good,41000000
2631.0,4,3,15,Metro City,Fully Furnished,3,Excellent,20000000
1330.0,3,2,5,Metro City,Semi-Furnished,0,Good,6800000
4201.0,4,4,17,Metro City,Semi-Furnished,1,Good,43500000
1280.0,2,2,10,Metro City,Semi-Furnished,1,Good,6000000
1194.0,2,2,14,Tier-1 City,Semi-Furnished,1,Poor,3100000
550.0,2,1,1,Metro City,Unfurnished,2,Poor,6200000
1180.0,2,2,17,Metro City,Semi-Furnished,1,Good,8850000
1095.0,2,2,6,Metro City,Semi-Furnished,2,Good,4500000
1145.0,2,2,11,Tier-1 City,Unfurnished,2,Good,5550000
1200.0,2,2,23,Metro City,Semi-Furnished,2,Good,14000000
720.0,1,1,11,Metro City,Fully Furnished,2,Excellent,3250000
1940.0,3,4,18,Metro City,Fully Furnished,1,Good,11600000
1535.0,3,3,18,Tier-2 City,Unfurnished,1,Good,2750000
4000.0,4,3,7,Metro City,Fully Furnished,2,Excellent,75000000
1600.0,3,3,6,Metro City,Fully Furnished,2,Good,9500000
1350.0,3,2,3,Metro City,Unfurnished,1,Good,17500000
1600.0,3,3,17,Metro City,Semi-Furnished,3,Good,10000000
1323.0,3,2,9,Tier-1 City,Unfurnished,1,Good,2650000
500.0,1,1,20,Metro City,Unfurnished,0,Good,1300000
1920.0,3,3,22,Metro City,Fully Furnished,2,Excellent,13400000
1500.0,3,3,10,Metro City,Semi-Furnished,2,Excellent,6500000
750.0,8,8,2,Metro City,Unfurnished,3,Good,20000000
1363.0,2,2,19,Metro City,Semi-Furnished,1,Good,7900000
2785.0,4,5,23,Metro City,Semi-Furnished,1,Poor,29500000
1070.0,2,2,3,Metro City,Semi-Furnished,1,Good,3700000
1510.0,3,2,23,Metro City,Semi-Furnished,0,Good,10500000
1260.0,2,2,15,Metro City,Semi-Furnished,1,Poor,5800000
1230.0,2,2,6,Metro City,Unfurnished,1,Poor,8000000
1350.0,2,2,0,Tier-1 City,Fully Furnished,1,Good,5750000
2540.0,4,4,15,Metro City,Semi-Furnished,1,Good,11500000
1835.0,3,3,19,Metro City,Fully Furnished,0,Good,8800000
1451.0,2,2,15,Metro City,Semi-Furnished,2,Excellent,8700000
1985.0,3,3,2,Metro City,Unfurnished,1,Good,13000000
1464.0,3,3,4,Metro City,Fully Furnished,0,Good,5600000
2236.0,4,4,7,Metro City,Unfurnished,1,Excellent,15300000
1560.0,3,2,11,Metro City,Unfurnished,3,Good,6250000
1234.6,3,3,20,Metro City,Fully Furnished,2,Good,10400000
600.0,3,4,1,Metro City,Unfurnished,1,Poor,12500000
2145.0,3,3,9,Metro City,Unfurnished,0,Excellent,16500000
1074.0,2,2,7,Metro City,Semi-Furnished,0,Excellent,4300000
646.0,3,2,8,Metro City,Semi-Furnished,2,Excellent,6500000
1560.0,3,3,24,Metro City,Unfurnished,0,Poor,9000000
1125.0,2,2,4,Tier-1 City,Fully Furnished,2,Good,3050000
1950.0,3,4,24,Metro City,Fully Furnished,1,Excellent,12000000
1251.0,2,2,0,Metro City,Fully Furnished,0,Good,5300000
1464.0,3,3,16,Metro City,Semi-Furnished,1,Excellent,5600000
1865.0,3,3,12,Metro City,Fully Furnished,1,Good,12400000
1180.0,3,2,9,Rural Area,Semi-Furnished,0,Good,600000
1804.0,3,3,23,Metro City,Unfurnished,3,Excellent,12100000
1220.0,2,2,7,Metro City,Unfurnished,2,Good,5500000
1680.0,3,3,10,Metro City,Fully Furnished,1,Good,12500000
1200.0,3,2,14,Tier-2 City,Fully Furnished,1,Good,7100000
1715.0,3,3,5,Tier-2 City,Semi-Furnished,1,Excellent,4600000
2453.0,4,3,19,Metro City,Unfurnished,2,Good,25000000
2940.0,4,6,17,Metro City,Fully Furnished,1,Excellent,20100000
1250.0,2,2,4,Metro City,Fully Furnished,1,Good,6000000
2150.0,6,6,1,Metro City,Fully Furnished,1,Good,20500000
1190.0,2,2,2,Metro City,Semi-Furnished,2,Good,6700000
1155.0,2,2,20,Metro City,Unfurnished,1,Good,6900000
2450.0,3,3,1,Metro City,Fully Furnished,0,Excellent,12000000
1310.0,3,3,1,Metro City,Unfurnished,0,Good,6300000
1680.0,3,3,8,Metro City,Fully Furnished,2,Good,11700000
921.0,2,2,1,Metro City,Semi-Furnished,1,Excellent,4000000
1320.0,3,2,2,Metro City,Unfurnished,2,Good,7300000
1740.0,3,3,2,Metro City,Semi-Furnished,1,Excellent,5500000
1215.0,2,2,18,Metro City,Fully Furnished,2,Poor,5000000
1024.0,2,2,4,Metro City,Fully Furnished,0,Good,3200000
1100.0,3,3,13,Metro City,Semi-Furnished,0,Excellent,5300000
840.0,1,1,0,Metro City,Semi-Furnished,2,Excellent,5750000
1350.0,2,2,11,Metro City,Semi-Furnished,0,Excellent,10000000
1725.0,3,3,8,Metro City,Semi-Furnished,2,Good,8500000
1032.0,2,2,9,Metro City,Semi-Furnished,0,Poor,4500000
1150.0,2,2,10,Metro City,Semi-Furnished,1,Good,4600000
4000.0,5,5,8,Metro City,Semi-Furnished,1,Poor,68000000
1026.0,2,2,2,Metro City,Semi-Furnished,0,Good,4100000
1000.0,2,1,6,Tier-2 City,Semi-Furnished,1,Good,4000000
1080.0,6,5,12,Metro City,Semi-Furnished,1,Excellent,16000000
1200.0,2,2,16,Rural Area,Unfurnished,2,Good,1600000
1128.0,2,2,7,Metro City,Semi-Furnished,1,Good,6300000
1156.0,2,2,3,Metro City,Semi-Furnished,1,Excellent,4950000
1015.0,2,2,2,Metro City,Semi-Furnished,1,Good,3350000
1102.0,2,2,6,Metro City,Fully Furnished,1,Good,5350000
955.0,2,2,11,Tier-2 City,Semi-Furnished,2,Poor,1100000
4000.0,4,6,2,Metro City,Fully Furnished,3,Good,44000000
1265.0,2,2,19,Metro City,Semi-Furnished,2,Good,7800000
1804.0,3,3,16,Metro City,Fully Furnished,2,Good,17500000
1200.0,2,2,23,Metro City,Fully Furnished,0,Good,4600000
1732.0,3,3,2,Metro City,Fully Furnished,0,Good,8550000
540.0,1,1,24,Metro City,Fully Furnished,1,Good,3600000
1800.0,3,3,14,Metro City,Fully Furnished,1,Poor,24000000
1500.0,3,2,6,Metro City,Unfurnished,2,Excellent,5400000
1269.0,3,2,2,Metro City,Semi-Furnished,2,Good,7300000
1200.0,2,2,19,Tier-2 City,Fully Furnished,1,Good,2350000
1745.0,3,3,2,Metro City,Semi-Furnished,1,Poor,11000000
1466.0,3,3,15,Metro City,Unfurnished,1,Poor,7750000
1650.0,3,3,18,Metro City,Unfurnished,1,Excellent,8500000
650.0,1,1,24,Metro City,Semi-Furnished,1,Poor,5000000
4046.0,4,4,1,Tier-1 City,Unfurnished,0,Good,26200000
975.0,2,2,1,Metro City,Fully Furnished,2,Good,3200000
4051.0,4,4,8,Metro City,Semi-Furnished,1,Good,34500000
1200.0,2,2,5,Tier-1 City,Semi-Furnished,1,Good,4500000
1188.0,2,2,3,Tier-1 City,Fully Furnished,1,Good,3500000
923.0,1,1,10,Tier-2 City,Semi-Furnished,2,Poor,2000000
1286.0,3,3,14,Metro City,Semi-Furnished,2,Good,6700000
2800.0,4,4,5,Metro City,Semi-Furnished,0,Good,15500000
4500.0,5,7,7,Tier-2 City,Semi-Furnished,2,Good,13450000
600.0,1,1,2,Metro City,Unfurnished,1,Good,2200000
1510.0,2,2,9,Tier-2 City,Semi-Furnished,2,Excellent,2900000
2043.0,5,6,19,Rural Area,Semi-Furnished,3,Excellent,4300000
1550.0,3,2,14,Rural Area,Semi-Furnished,1,Good,800000
2250.0,3,3,2,Tier-2 City,Unfurnished,1,Good,5900000
2072.0,3,3,5,Metro City,Semi-Furnished,1,Good,12200000
5480.0,3,4,5,Metro City,Semi-Furnished,1,Excellent,40000000
1678.0,3,3,11,Metro City,Unfurnished,2,Good,9200000
1115.0,2,2,10,Metro City,Semi-Furnished,3,Good,5000000
1200.0,3,3,10,Metro City,Unfurnished,0,Poor,15000000
1383.0,3,2,10,Metro City,Semi-Furnished,0,Good,7600000
1210.0,2,2,14,Metro City,Semi-Furnished,0,Good,6000000
1400.0,3,2,12,Metro City,Semi-Furnished,2,Excellent,7800000
1560.0,3,3,12,Metro City,Unfurnished,1,Excellent,18800000
900.0,2,2,6,Metro City,Fully Furnished,0,Excellent,14500000
2400.0,4,5,16,Metro City,Semi-Furnished,2,Good,50000000
1375.0,5,5,0,Tier-2 City,Unfurnished,1,Poor,4000000
1216.0,2,2,4,Tier-1 City,Semi-Furnished,2,Good,5000000
2600.0,4,4,0,Metro City,Semi-Furnished,1,Good,32500000
1080.0,2,2,5,Metro City,Semi-Furnished,1,Good,3200000
3200.0,9,8,15,Metro City,Semi-Furnished,2,Good,13000000
1129.0,2,2,22,Metro City,Semi-Furnished,2,Good,4400000
3000.0,4,3,8,Metro City,Semi-Furnished,0,Good,30000000
1065.0,2,2,4,Metro City,Semi-Furnished,0,Good,4250000
1571.0,3,3,0,Metro City,Semi-Furnished,1,Excellent,6500000
1280.0,7,5,18,Metro City,Semi-Furnished,0,Good,15000000
720.0,5,4,20,Metro City,Semi-Furnished,0,Good,6200000
930.0,1,1,6,Metro City,Semi-Furnished,0,Good,3000000
1710.0,3,3,11,Metro City,Unfurnished,3,Good,8500000
1699.0,3,3,4,Metro City,Semi-Furnished,0,Good,9700000
1050.0,2,2,8,Tier-1 City,Semi-Furnished,0,Good,3150000
1095.0,2,2,2,Metro City,Semi-Furnished,2,Poor,4500000
1200.0,2,2,1,Metro City,Unfurnished,2,Good,7500000
2700.0,3,3,4,Metro City,Fully Furnished,1,Poor,20000000
1447.0,2,2,22,Metro City,Unfurnished,1,Poor,7600000
1000.0,2,1,5,Metro City,Unfurnished,3,Good,6500000
3000.0,4,4,21,Tier-1 City,Semi-Furnished,1,Good,11100000
1859.0,3,3,8,Metro City,Semi-Furnished,1,Good,12100000
1220.0,2,2,7,Metro City,Unfurnished,0,Good,6300000
1817.0,3,4,0,Metro City,Semi-Furnished,1,Excellent,15300000
1050.0,2,2,7,Metro City,Semi-Furnished,0,Excellent,4500000
1285.0,2,2,9,Metro City,Unfurnished,1,Poor,5600000
1073.0,2,2,12,Metro City,Semi-Furnished,0,Excellent,3200000
1140.0,2,2,15,Tier-2 City,Unfurnished,1,Excellent,1500000
1065.0,2,2,2,Metro City,Semi-Furnished,2,Poor,5100000
2171.66,3,3,5,Metro City,Semi-Furnished,1,Excellent,29800000
1600.0,3,3,6,Metro City,Semi-Furnished,2,Excellent,15000000
2409.0,3,3,2,Metro City,Semi-Furnished,1,Good,39500000
1250.0,3,3,17,Metro City,Semi-Furnished,1,Poor,5400000
960.0,2,2,13,Tier-2 City,Semi-Furnished,1,Good,1200000
663.0,1,1,5,Tier-2 City,Unfurnished,1,Excellent,1450000
1035.0,2,2,10,Metro City,Unfurnished,2,Excellent,4500000
1850.0,3,3,13,Metro City,Semi-Furnished,2,Excellent,16800000
760.0,1,1,7,Metro City,Fully Furnished,1,Good,5050000
1200.0,4,4,12,Metro City,Unfurnished,0,Good,20000000
3179.0,4,5,16,Metro City,Unfurnished,1,Good,35100000
775.0,2,2,14,Metro City,Unfurnished,1,Good,2950000
1240.0,2,2,11,Metro City,Semi-Furnished,1,Good,6000000
1900.0,3,2,9,Metro City,Fully Furnished,1,Good,12000000
1300.0,3,2,0,Tier-2 City,Unfurnished,1,Good,2000000
1163.0,2,2,8,Metro City,Semi-Furnished,1,Excellent,6800000
1210.0,2,2,10,Metro City,Unfurnished,2,Excellent,7400000
1080.0,2,2,11,Metro City,Fully Furnished,0,Good,3800000
1250.0,2,2,21,Metro City,Unfurnished,1,Good,6200000
2400.0,7,3,7,Metro City,Semi-Furnished,2,Good,15000000
1161.0,2,2,24,Metro City,Semi-Furnished,1,Good,6400000
1525.0,3,2,2,Metro City,Fully Furnished,2,Good,6700000
1145.0,2,2,22,Metro City,Semi-Furnished,2,Good,4600000
1450.0,6,6,5,Metro City,Semi-Furnished,1,Poor,25000000
984.0,2,2,3,Metro City,Unfurnished,2,Good,12500000
1452.0,3,3,2,Metro City,Unfurnished,2,Excellent,6000000
1050.0,2,2,1,Metro City,Unfurnished,0,Good,5200000
1155.0,2,2,15,Metro City,Fully Furnished,0,Good,5700000
800.0,2,2,6,Metro City,Semi-Furnished,0,Good,3000000
1050.0,2,2,5,Metro City,Semi-Furnished,1,Good,5000000
1738.0,3,3,20,Tier-1 City,Semi-Furnished,1,Good,7650000
1535.0,3,3,16,Metro City,Semi-Furnished,1,Excellent,8600000
1030.0,2,2,14,Metro City,Semi-Furnished,2,Good,4900000
2138.0,3,3,17,Tier-1 City,Unfurnished,2,Poor,7700000
1280.0,2,2,14,Metro City,Fully Furnished,2,Good,4000000
1145.0,2,2,1,Metro City,Unfurnished,1,Excellent,5850000
1179.0,2,2,18,Metro City,Unfurnished,0,Excellent,7500000
1460.0,3,3,23,Tier-1 City,Semi-Furnished,1,Excellent,5650000
1750.0,3,2,7,Metro City,Fully Furnished,1,Poor,7500000
1530.0,3,3,12,Metro City,Unfurnished,1,Good,7500000
1910.0,3,3,2,Metro City,Semi-Furnished,0,Good,19000000
1225.0,2,2,19,Metro City,Unfurnished,2,Good,3700000
705.0,1,2,16,Metro City,Unfurnished,1,Good,5000000
1165.0,2,2,2,Metro City,Fully Furnished,0,Excellent,4300000
1843.0,3,3,12,Metro City,Fully Furnished,1,Good,9600000
1570.0,3,3,9,Metro City,Semi-Furnished,2,Good,7800000
1888.0,3,4,0,Metro City,Semi-Furnished,0,Good,9500000
2150.0,3,4,3,Metro City,Unfurnished,1,Excellent,12500000
1278.0,3,3,6,Metro City,Semi-Furnished,0,Excellent,7000000
1152.0,2,2,2,Metro City,Semi-Furnished,1,Excellent,9000000
1075.0,2,2,22,Metro City,Semi-Furnished,0,Good,4700000
715.0,1,1,8,Metro City,Semi-Furnished,1,Good,4600000
827.0,2,2,6,Metro City,Unfurnished,2,Good,3400000
596.0,2,2,5,Metro City,Semi-Furnished,0,Excellent,2200000
1806.0,6,6,8,Metro City,Unfurnished,2,Good,37000000
3000.0,8,4,3,Tier-1 City,Semi-Furnished,1,Excellent,8850000
1620.0,3,2,6,Tier-2 City,Semi-Furnished,0,Good,2550000
1250.0,3,3,3,Metro City,Fully Furnished,1,Good,5000000
1610.0,3,3,11,Metro City,Semi-Furnished,1,Excellent,7400000
665.0,1,1,11,Tier-2 City,Unfurnished,2,Good,2100000
1245.0,2,2,14,Metro City,Fully Furnished,1,Excellent,6000000
1933.0,3,3,4,Metro City,Fully Furnished,0,Good,14000000
1000.0,2,2,4,Metro City,Fully Furnished,3,Good,3600000
2585.5,4,4,1,Metro City,Semi-Furnished,3,Excellent,13950000
1040.0,2,2,21,Metro City,Unfurnished,1,Good,5000000
1200.0,3,3,7,Metro City,Fully Furnished,2,Excellent,22500000
913.0,2,2,16,Metro City,Unfurnished,2,Good,3200000
1440.0,3,2,3,Metro City,Semi-Furnished,1,Good,6500000
1085.0,2,2,10,Metro City,Semi-Furnished,2,Good,3400000
1200.0,2,2,4,Metro City,Semi-Furnished,2,Good,6200000
1100.0,2,2,18,Metro City,Unfurnished,1,Good,5400000
1100.0,2,2,1,Metro City,Semi-Furnished,2,Good,3850000
1595.0,3,3,13,Rural Area,Unfurnished,1,Excellent,1800000
1093.0,2,2,14,Metro City,Semi-Furnished,0,Good,7200000
1200.0,4,4,14,Metro City,Unfurnished,1,Excellent,11000000
1162.0,2,2,1,Metro City,Unfurnished,0,Good,5200000
1240.0,2,2,8,Rural Area,Fully Furnished,2,Excellent,800000
1617.5,3,3,13,Metro City,Fully Furnished,2,Poor,7350000
800.0,4,4,22,Tier-1 City,Semi-Furnished,0,Poor,6700000
1495.0,3,2,3,Metro City,Unfurnished,1,Good,7000000
3250.0,4,5,5,Metro City,Fully Furnished,1,Poor,85000000
1210.0,2,2,9,Tier-2 City,Fully Furnished,1,Excellent,2900000
3584.0,4,4,4,Metro City,Unfurnished,1,Good,19900000
1200.0,3,2,5,Metro City,Fully Furnished,1,Excellent,6600000
1530.0,3,3,13,Metro City,Fully Furnished,1,Excellent,7100000
950.0,1,1,24,Metro City,Unfurnished,1,Good,4000000
1457.0,3,2,21,Rural Area,Fully Furnished,2,Good,1700000
1610.0,3,2,13,Metro City,Semi-Furnished,1,Poor,11500000
1783.0,3,3,13,Metro City,Fully Furnished,1,Poor,8500000
1159.0,2,2,6,Metro City,Fully Furnished,1,Excellent,6000000
2400.0,4,4,6,Metro City,Unfurnished,1,Good,40500000
1500.0,5,6,8,Rural Area,Unfurnished,2,Excellent,1450000
1015.0,2,2,20,Tier-1 City,Semi-Furnished,0,Good,3800000
3000.0,4,4,5,Metro City,Unfurnished,2,Poor,20000000
1200.0,2,2,12,Metro City,Fully Furnished,1,Good,3400000
1100.0,2,2,3,Metro City,Fully Furnished,2,Good,4000000
2700.0,4,3,21,Tier-2 City,Semi-Furnished,1,Excellent,2400000
1200.0,9,9,3,Metro City,Semi-Furnished,1,Good,18500000
1050.0,2,2,3,Tier-2 City,Unfurnished,1,Good,2350000
3750.0,4,4,16,Metro City,Semi-Furnished,2,Good,21000000
1942.0,3,3,0,Metro City,Fully Furnished,0,Excellent,10200000
1225.0,2,2,8,Metro City,Semi-Furnished,1,Good,3550000
1200.0,8,8,6,Metro City,Unfurnished,1,Good,25000000
1062.0,2,2,14,Metro City,Semi-Furnished,1,Excellent,5000000
1375.0,3,2,5,Metro City,Semi-Furnished,2,Good,7500000
1935.0,3,3,17,Metro City,Fully Furnished,2,Good,11000000
1513.0,3,3,0,Rural Area,Unfurnished,1,Good,950000
1569.0,3,3,4,Metro City,Fully Furnished,1,Good,15000000
1028.0,2,2,25,Metro City,Semi-Furnished,1,Excellent,4550000
1150.0,1,1,9,Metro City,Semi-Furnished,1,Good,5200000
1075.0,3,2,2,Metro City,Unfurnished,0,Good,3200000
1254.0,2,2,5,Tier-1 City,Unfurnished,1,Good,3200000
883.0,2,2,15,Metro City,Unfurnished,2,Good,4900000
1890.0,3,2,5,Metro City,Unfurnished,2,Excellent,10000000
633.0,2,1,8,Metro City,Unfurnished,2,Good,1800000
1318.0,3,2,1,Metro City,Fully Furnished,1,Excellent,8550000
1130.0,2,2,0,Rural Area,Fully Furnished,3,Good,900000
1470.0,3,2,13,Metro City,Fully Furnished,1,Good,10200000
1503.0,3,2,16,Metro City,Fully Furnished,1,Good,9300000
1346.0,2,2,2,Metro City,Semi-Furnished,1,Good,9600000
1573.0,3,3,16,Tier-1 City,Semi-Furnished,1,Good,7150000
970.0,6,6,19,Metro City,Unfurnished,1,Excellent,10500000
1385.0,3,2,22,Metro City,Fully Furnished,1,Excellent,4850000
1858.0,3,2,5,Metro City,Semi-Furnished,1,Excellent,16700000
656.0,1,1,1,Tier-1 City,Semi-Furnished,1,Excellent,3800000
1163.0,3,3,0,Metro City,Unfurnished,0,Good,18000000
2500.0,3,4,17,Metro City,Semi-Furnished,0,Good,11200000
720.0,1,1,15,Metro City,Fully Furnished,1,Excellent,2800000
1105.0,2,2,21,Metro City,Unfurnished,1,Good,5250000
2265.0,3,3,1,Metro City,Semi-Furnished,1,Good,15900000
2153.0,3,4,4,Metro City,Semi-Furnished,0,Good,12000000
1830.0,3,3,17,Metro City,Fully Furnished,0,Good,9000000
1300.0,2,2,13,Metro City,Semi-Furnished,1,Good,6600000
1250.0,3,2,4,Metro City,Semi-Furnished,1,Good,5000000
4800.0,4,4,3,Metro City,Semi-Furnished,1,Good,42000000
1130.0,2,2,19,Metro City,Semi-Furnished,2,Poor,3600000
1508.0,3,2,0,Rural Area,Unfurnished,0,Good,1200000
1130.0,2,2,16,Metro City,Semi-Furnished,0,Excellent,3250000
1200.0,5,5,11,Metro City,Unfurnished,1,Excellent,16200000
1186.0,2,2,10,Metro City,Fully Furnished,1,Good,7600000
1200.0,2,2,1,Metro City,Fully Furnished,0,Good,8000000
1252.0,3,2,7,Metro City,Fully Furnished,0,Good,7100000
750.0,10,10,19,Metro City,Semi-Furnished,1,Good,9000000
965.0,2,2,22,Rural Area,Unfurnished,1,Good,500000
1535.0,3,3,8,Metro City,Unfurnished,1,Good,6600000
1555.0,3,3,25,Metro City,Semi-Furnished,1,Excellent,7500000
1380.0,1,1,3,Metro City,Unfurnished,1,Excellent,6200000
1270.0,3,2,2,Metro City,Unfurnished,2,Excellent,6500000
920.0,2,2,25,Rural Area,Unfurnished,2,Good,800000
1650.0,5,5,0,Metro City,Unfurnished,3,Poor,45000000
2600.0,4,4,10,Metro City,Semi-Furnished,0,Good,11500000
1255.0,2,2,9,Metro City,Semi-Furnished,1,Good,7300000
530.0,1,1,12,Metro City,Fully Furnished,2,Good,2000000
1884.0,3,4,8,Metro City,Semi-Furnished,1,Poor,11800000
3750.0,4,4,14,Metro City,Fully Furnished,0,Excellent,76000000
1665.0,3,3,1,Tier-1 City,Semi-Furnished,2,Good,7050000
1200.0,2,2,9,Metro City,Fully Furnished,0,Good,3400000
1600.0,3,3,3,Metro City,Semi-Furnished,1,Excellent,10000000
1135.0,2,2,14,Tier-1 City,Unfurnished,1,Excellent,3150000
3600.0,4,4,14,Metro City,Semi-Furnished,2,Excellent,33000000
630.0,1,1,0,Metro City,Fully Furnished,1,Good,2850000
1255.0,3,3,16,Tier-1 City,Semi-Furnished,0,Excellent,4900000
1850.0,3,2,16,Metro City,Unfurnished,3,Good,8800000
1826.0,3,3,14,Metro City,Fully Furnished,3,Good,13000000
1440.0,2,2,19,Metro City,Unfurnished,2,Excellent,16500000
1718.0,2,3,3,Metro City,Fully Furnished,1,Good,27500000
1200.0,2,2,17,Metro City,Unfurnished,0,Good,4650000
2400.0,3,3,4,Tier-1 City,Semi-Furnished,1,Good,20050000
1357.0,2,2,21,Metro City,Semi-Furnished,3,Good,12300000
2087.01,3,4,9,Metro City,Semi-Furnished,2,Excellent,13500000
1365.0,2,2,4,Metro City,Unfurnished,2,Good,7300000
7400.0,4,5,6,Metro City,Fully Furnished,1,Poor,185000000
919.0,2,2,5,Metro City,Fully Furnished,1,Excellent,2800000
1200.0,3,2,2,Metro City,Unfurnished,1,Excellent,7000000
1500.0,2,2,4,Metro City,Fully Furnished,1,Excellent,4000000
1625.0,3,2,5,Metro City,Unfurnished,0,Excellent,4900000
1080.0,2,2,4,Metro City,Semi-Furnished,1,Excellent,5500000
1693.0,3,3,2,Metro City,Semi-Furnished,2,Poor,8900000
1665.0,3,3,5,Metro City,Unfurnished,0,Excellent,9500000
1300.0,3,3,3,Metro City,Semi-Furnished,0,Good,6900000
1130.0,2,2,0,Metro City,Semi-Furnished,1,Good,7800000
1480.0,3,2,13,Metro City,Semi-Furnished,1,Good,6400000
1464.0,3,3,9,Metro City,Semi-Furnished,1,Poor,5600000
1065.0,2,2,15,Metro City,Unfurnished,1,Good,3400000
1745.0,3,3,11,Metro City,Semi-Furnished,0,Excellent,10400000
1162.0,2,2,4,Rural Area,Unfurnished,0,Good,700000
700.0,4,4,2,Metro City,Fully Furnished,0,Good,11000000
1756.0,3,3,5,Metro City,Fully Furnished,2,Good,30700000
532.0,1,1,1,Metro City,Semi-Furnished,2,Good,2250000
2775.0,4,3,2,Tier-1 City,Fully Furnished,1,Good,13100000
2750.0,4,4,1,Metro City,Fully Furnished,1,Good,22000000
1627.86,3,3,2,Tier-1 City,Semi-Furnished,0,Good,5600000
845.0,2,2,6,Metro City,Unfurnished,0,Excellent,3300000
650.0,1,1,18,Rural Area,Unfurnished,2,Poor,500000
750.0,2,2,20,Metro City,Fully Furnished,1,Good,4000000
980.0,2,2,15,Metro City,Unfurnished,2,Poor,2500000
1220.0,3,3,5,Metro City,Fully Furnished,1,Poor,5700000
1150.0,2,2,22,Tier-1 City,Semi-Furnished,0,Excellent,2700000
1170.0,2,2,0,Metro City,Unfurnished,2,Good,4500000
1200.0,6,5,18,Metro City,Semi-Furnished,2,Poor,13000000
1645.0,3,3,22,Metro City,Semi-Furnished,0,Good,11700000
1430.0,2,2,7,Metro City,Semi-Furnished,2,Excellent,11000000
1950.0,5,6,11,Metro City,Fully Furnished,1,Excellent,17500000
1595.0,3,3,10,Metro City,Unfurnished,1,Poor,11500000
2400.0,2,3,5,Metro City,Unfurnished,1,Excellent,15000000
1007.0,2,2,12,Metro City,Semi-Furnished,0,Good,5300000
1755.0,3,3,1,Metro City,Unfurnished,0,Poor,12200000
1610.0,3,2,14,Metro City,Unfurnished,1,Good,11500000
1110.0,2,2,22,Rural Area,Semi-Furnished,0,Excellent,750000
2225.0,3,2,11,Metro City,Unfurnished,2,Excellent,12500000
1207.0,2,2,0,Metro City,Semi-Furnished,1,Good,4350000
1530.0,3,3,11,Tier-2 City,Semi-Furnished,1,Good,1950000
1100.0,2,2,22,Metro City,Unfurnished,1,Poor,5000000
1025.0,2,2,20,Metro City,Semi-Furnished,1,Poor,6500000
1300.0,2,2,11,Metro City,Unfurnished,2,Poor,6500000
1820.0,3,3,20,Metro City,Unfurnished,0,Good,8500000
850.0,2,2,25,Metro City,Semi-Furnished,1,Excellent,4500000
2400.0,5,5,11,Tier-1 City,Unfurnished,1,Good,16650000
600.0,3,2,25,Metro City,Semi-Furnished,1,Good,8500000
1000.0,2,2,25,Metro City,Semi-Furnished,0,Poor,4400000
1200.0,2,2,2,Tier-1 City,Fully Furnished,0,Excellent,2850000
1320.0,2,2,5,Metro City,Semi-Furnished,3,Poor,16000000
925.0,2,2,18,Metro City,Semi-Furnished,1,Good,3800000
1100.0,2,2,3,Metro City,Unfurnished,1,Excellent,4350000
4800.0,4,6,1,Metro City,Semi-Furnished,1,Good,42000000
656.0,2,2,15,Metro City,Semi-Furnished,1,Excellent,2500000
3200.0,4,4,23,Metro City,Semi-Furnished,2,Excellent,35000000
985.0,2,2,3,Metro City,Fully Furnished,1,Excellent,5000000
1295.0,3,2,3,Metro City,Semi-Furnished,1,Good,5950000
1631.0,3,3,0,Metro City,Fully Furnished,0,Good,8000000
1200.0,5,4,1,Metro City,Semi-Furnished,2,Good,7000000
1364.0,3,2,25,Metro City,Semi-Furnished,1,Good,4650000
875.0,2,2,3,Metro City,Fully Furnished,2,Good,5300000
1614.0,3,2,19,Metro City,Semi-Furnished,1,Good,10000000
1200.0,3,4,5,Metro City,Fully Furnished,0,Good,20500000
1200.0,3,2,8,Tier-2 City,Unfurnished,1,Excellent,2500000
1161.0,2,2,15,Rural Area,Unfurnished,1,Good,900000
6200.0,4,4,13,Tier-1 City,Unfurnished,3,Good,48600000
1220.0,2,2,16,Metro City,Unfurnished,1,Excellent,5500000
827.0,2,2,2,Tier-1 City,Semi-Furnished,3,Good,3200000
966.0,2,2,3,Metro City,Fully Furnished,2,Excellent,5000000
1300.0,3,2,22,Metro City,Fully Furnished,1,Good,5500000
1045.0,2,2,3,Metro City,Unfurnished,1,Good,7700000
920.0,2,2,9,Metro City,Semi-Furnished,2,Good,3300000
600.0,1,1,9,Metro City,Unfurnished,1,Excellent,1650000
710.0,6,6,8,Metro City,Fully Furnished,3,Good,16000000
690.0,5,4,11,Metro City,Semi-Furnished,1,Good,8300000
2077.0,3,3,10,Metro City,Unfurnished,2,Good,17500000
1200.0,3,3,13,Metro City,Unfurnished,1,Excellent,6600000
1045.0,2,2,1,Metro City,Unfurnished,1,Poor,9900000
927.0,2,2,3,Metro City,Unfurnished,0,Good,5000000
1020.0,2,2,21,Tier-1 City,Semi-Furnished,2,Good,2400000
1485.0,2,2,3,Metro City,Fully Furnished,0,Good,9650000
1260.0,3,5,19,Metro City,Semi-Furnished,1,Good,18500000
1830.0,3,3,0,Metro City,Semi-Furnished,2,Poor,9200000
2400.0,3,2,9,Tier-1 City,Unfurnished,1,Excellent,7900000
2000.0,3,3,12,Metro City,Semi-Furnished,0,Excellent,7600000
1102.0,2,2,8,Metro City,Semi-Furnished,1,Poor,5200000
2600.0,4,5,22,Metro City,Semi-Furnished,1,Good,12000000
1190.0,2,2,3,Metro City,Fully Furnished,2,Good,4850000
2000.0,4,4,8,Tier-1 City,Semi-Furnished,1,Excellent,4900000
640.0,1,1,25,Metro City,Semi-Furnished,3,Good,4500000
1060.0,2,2,2,Metro City,Semi-Furnished,1,Good,5500000
1800.0,3,3,17,Metro City,Fully Furnished,2,Excellent,9300000
1060.0,2,2,8,Tier-2 City,Semi-Furnished,2,Good,1900000
645.0,1,1,4,Metro City,Unfurnished,1,Excellent,1650000
1243.0,2,2,0,Tier-1 City,Unfurnished,1,Good,3700000
2000.0,3,3,21,Tier-1 City,Unfurnished,2,Good,7050000
4500.0,4,3,8,Tier-1 City,Fully Furnished,1,Good,13050000
1110.0,2,2,21,Metro City,Unfurnished,1,Good,5200000
1320.0,3,2,2,Rural Area,Semi-Furnished,2,Good,1250000
1650.0,4,3,21,Metro City,Unfurnished,2,Excellent,22000000
1244.0,2,2,11,Metro City,Unfurnished,1,Good,8800000
1250.0,3,3,4,Rural Area,Semi-Furnished,2,Good,800000
2088.0,4,5,9,Metro City,Semi-Furnished,1,Good,11000000
1500.0,4,4,16,Metro City,Unfurnished,0,Good,10500000
1630.0,3,3,16,Tier-1 City,Fully Furnished,0,Good,4350000
1200.0,5,5,23,Metro City,Semi-Furnished,3,Excellent,12000000
1580.0,3,3,13,Metro City,Semi-Furnished,1,Good,10000000
600.0,6,4,22,Metro City,Unfurnished,0,Good,6500000
1109.0,2,2,14,Tier-2 City,Unfurnished,2,Poor,950000
3600.0,4,5,12,Metro City,Fully Furnished,1,Good,22000000
1160.0,2,2,9,Tier-2 City,Unfurnished,0,Good,1250000
4750.0,4,5,19,Metro City,Fully Furnished,1,Excellent,60000000
1000.0,2,2,5,Metro City,Unfurnished,1,Good,3500000
900.0,2,2,6,Metro City,Semi-Furnished,2,Good,4100000
1662.0,3,3,16,Metro City,Semi-Furnished,2,Excellent,9000000
1170.0,2,2,18,Metro City,Fully Furnished,1,Good,5000000
1703.0,3,3,13,Metro City,Fully Furnished,1,Good,13000000
1245.0,2,2,10,Metro City,Semi-Furnished,2,Good,5900000
1185.0,2,2,11,Metro City,Semi-Furnished,0,Excellent,5900000
1100.0,2,2,4,Tier-2 City,Semi-Furnished,1,Poor,1950000
1375.0,2,2,12,Metro City,Semi-Furnished,1,Excellent,4500000
2111.0,3,4,9,Tier-1 City,Semi-Furnished,1,Good,7550000
1890.0,3,4,1,Metro City,Semi-Furnished,0,Good,8500000
1128.0,2,2,6,Metro City,Unfurnished,0,Good,6550000
1000.0,2,2,9,Metro City,Unfurnished,1,Excellent,4000000
635.0,2,1,3,Metro City,Fully Furnished,0,Poor,2200000
1255.0,2,2,0,Metro City,Fully Furnished,2,Excellent,6500000
1400.0,3,2,16,Metro City,Semi-Furnished,1,Excellent,6200000
1800.0,3,3,1,Tier-1 City,Unfurnished,1,Excellent,10900000
720.0,2,2,2,Metro City,Semi-Furnished,2,Excellent,6500000
1419.0,3,3,1,Metro City,Fully Furnished,0,Good,7500000
1548.3,4,4,1,Metro City,Fully Furnished,1,Good,12900000
1500.0,2,2,16,Rural Area,Semi-Furnished,1,Good,750000
1540.0,3,2,16,Metro City,Semi-Furnished,1,Excellent,6400000
2500.0,5,7,17,Metro City,Semi-Furnished,0,Good,12500000
1060.0,2,2,1,Tier-2 City,Semi-Furnished,1,Good,2350000
2365.0,3,4,6,Metro City,Unfurnished,1,Excellent,17500000
1266.67,2,2,2,Rural Area,Unfurnished,1,Excellent,1050000
1232.0,2,2,4,Tier-2 City,Fully Furnished,1,Good,3100000
3000.0,6,8,25,Metro City,Fully Furnished,1,Poor,40000000
2800.0,4,4,9,Metro City,Unfurnished,2,Good,24000000
1204.0,4,4,0,Metro City,Fully Furnished,1,Good,12500000
1000.0,2,2,1,Tier-1 City,Unfurnished,1,Good,4850000
3000.0,4,5,1,Metro City,Semi-Furnished,1,Good,50000000
3150.0,4,5,5,Metro City,Unfurnished,1,Good,21200000
1100.0,2,2,22,Metro City,Unfurnished,2,Excellent,6500000
2268.0,4,3,16,Metro City,Semi-Furnished,2,Good,14600000
1222.0,2,2,25,Metro City,Fully Furnished,1,Good,4500000
2072.0,3,4,14,Metro City,Semi-Furnished,2,Excellent,15200000
1900.0,3,2,9,Metro City,Semi-Furnished,1,Excellent,17000000
1999.0,3,3,18,Metro City,Fully Furnished,1,Poor,13500000
1950.2,3,3,1,Metro City,Unfurnished,1,Poor,19300000
2180.0,3,3,12,Metro City,Semi-Furnished,0,Excellent,28500000
1200.0,4,4,9,Metro City,Unfurnished,2,Excellent,13000000
1750.0,3,3,0,Metro City,Semi-Furnished,1,Excellent,15000000
1115.0,2,2,3,Metro City,Unfurnished,2,Good,5000000
1160.0,2,2,1,Metro City,Fully Furnished,1,Excellent,4200000
3900.0,4,5,5,Metro City,Unfurnished,2,Good,31000000
1250.0,2,2,2,Tier-1 City,Fully Furnished,0,Poor,5500000
1208.0,2,2,2,Metro City,Semi-Furnished,1,Excellent,7000000
1405.0,3,2,25,Tier-1 City,Semi-Furnished,0,Good,5550000
850.0,5,4,3,Metro City,Fully Furnished,0,Good,9000000
1732.5,3,3,0,Metro City,Unfurnished,1,Excellent,9200000
635.0,1,1,8,Metro City,Fully Furnished,1,Good,2800000
1085.0,2,2,15,Metro City,Fully Furnished,1,Good,4300000
1730.0,3,3,4,Metro City,Semi-Furnished,1,Good,13900000
2159.0,3,3,10,Metro City,Unfurnished,1,Good,11000000
694.0,1,1,0,Tier-2 City,Unfurnished,1,Good,1400000
1492.0,2,2,8,Metro City,Semi-Furnished,1,Excellent,6500000
950.0,2,2,12,Metro City,Fully Furnished,1,Good,4000000
1160.0,2,2,1,Metro City,Semi-Furnished,1,Good,5200000
2145.0,3,4,2,Metro City,Fully Furnished,2,Poor,27000000
3200.0,4,4,23,Metro City,Fully Furnished,1,Good,120000000
1404.0,3,2,7,Metro City,Semi-Furnished,1,Good,5350000
1737.0,3,3,6,Rural Area,Unfurnished,2,Excellent,750000
570.0,2,2,3,Metro City,Semi-Furnished,3,Good,6200000
1056.0,2,2,10,Metro City,Semi-Furnished,3,Excellent,6100000
1350.0,3,2,14,Metro City,Semi-Furnished,1,Good,13000000
2180.0,3,3,2,Metro City,Semi-Furnished,1,Good,17000000
1921.0,3,4,11,Metro City,Unfurnished,0,Good,12900000
3155.0,3,4,0,Metro City,Unfurnished,1,Good,37000000
1100.0,3,3,1,Metro City,Fully Furnished,0,Good,5800000
2912.0,4,6,20,Metro City,Fully Furnished,1,Good,21000000
1495.0,2,2,20,Metro City,Unfurnished,2,Good,7950000
1653.0,3,3,5,Metro City,Semi-Furnished,1,Good,8500000
1728.0,3,3,5,Tier-2 City,Unfurnished,2,Good,3850000
1350.0,3,2,17,Metro City,Unfurnished,0,Good,4700000
1334.0,2,2,2,Metro City,Fully Furnished,1,Poor,4250000
1090.0,2,2,8,Tier-1 City,Fully Furnished,0,Excellent,4000000
1299.0,2,2,2,Tier-1 City,Semi-Furnished,0,Good,6500000
1245.0,3,2,8,Metro City,Fully Furnished,2,Good,6850000
1250.0,2,2,14,Metro City,Semi-Furnished,1,Poor,7200000
1260.0,2,2,11,Metro City,Semi-Furnished,1,Poor,7000000
1153.0,2,2,13,Metro City,Unfurnished,0,Good,6000000
700.0,1,1,15,Metro City,Unfurnished,0,Good,3800000
7000.0,4,5,9,Metro City,Semi-Furnished,0,Excellent,205000000
1200.0,2,2,19,Metro City,Semi-Furnished,2,Excellent,9300000
3000.0,3,3,2,Metro City,Semi-Furnished,1,Good,40000000
1200.0,2,2,8,Metro City,Semi-Furnished,0,Good,7000000
1400.0,2,2,13,Metro City,Unfurnished,1,Excellent,10000000
1100.0,2,2,5,Metro City,Fully Furnished,0,Excellent,4600000
3405.1,4,6,4,Metro City,Semi-Furnished,0,Excellent,40000000
1140.0,2,2,15,Metro City,Fully Furnished,1,Good,3400000
1326.0,2,2,21,Metro City,Unfurnished,1,Good,6200000
1259.0,2,2,5,Metro City,Fully Furnished,1,Good,6750000
1095.0,2,2,0,Tier-1 City,Fully Furnished,1,Excellent,2900000
1050.0,2,2,25,Tier-1 City,Semi-Furnished,0,Good,5850000
1100.0,3,2,25,Metro City,Semi-Furnished,2,Good,7200000
1180.0,2,2,4,Metro City,Unfurnished,2,Excellent,5000000
950.0,2,2,0,Metro City,Semi-Furnished,0,Good,2550000
1082.0,3,2,1,Metro City,Semi-Furnished,1,Good,5600000
1660.0,3,3,9,Metro City,Semi-Furnished,1,Good,13100000
780.0,2,2,3,Metro City,Unfurnished,2,Excellent,2500000
1187.0,2,2,4,Metro City,Fully Furnished,1,Good,4200000
1199.0,2,2,0,Metro City,Semi-Furnished,2,Poor,6500000
1290.0,3,2,13,Metro City,Fully Furnished,2,Good,5600000
937.0,2,2,21,Metro City,Fully Furnished,2,Poor,3000000
1102.0,2,2,8,Rural Area,Semi-Furnished,1,Poor,650000
1435.0,3,3,2,Tier-1 City,Semi-Furnished,2,Good,5150000
1786.0,3,2,1,Metro City,Fully Furnished,2,Excellent,10600000
1639.0,3,3,3,Metro City,Unfurnished,0,Good,12300000
1350.0,3,3,6,Metro City,Fully Furnished,1,Excellent,8100000
1265.0,2,2,0,Metro City,Semi-Furnished,0,Good,7200000
1245.0,3,3,1,Metro City,Fully Furnished,2,Excellent,6600000
1260.0,3,2,10,Metro City,Unfurnished,0,Good,8200000
1200.0,2,2,1,Tier-2 City,Semi-Furnished,2,Poor,2550000
900.0,2,2,16,Metro City,Semi-Furnished,1,Good,7500000
1100.0,2,2,17,Metro City,Semi-Furnished,0,Excellent,6000000
1027.0,2,2,5,Metro City,Unfurnished,2,Excellent,6700000
1600.0,4,5,11,Metro City,Semi-Furnished,2,Good,13000000
1045.0,2,2,14,Tier-1 City,Fully Furnished,1,Good,2450000
4000.0,4,4,18,Metro City,Unfurnished,2,Poor,70000000
1170.0,2,2,19,Rural Area,Semi-Furnished,0,Good,1150000
1205.0,2,2,16,Metro City,Semi-Furnished,0,Excellent,5800000
1255.0,2,2,6,Metro City,Semi-Furnished,2,Poor,5750000
1235.0,2,2,21,Tier-2 City,Unfurnished,1,Excellent,1800000
1348.0,2,2,0,Metro City,Semi-Furnished,0,Good,10000000
1220.0,2,2,25,Metro City,Unfurnished,2,Excellent,5950000
4830.0,4,5,0,Metro City,Fully Furnished,2,Good,39000000
1615.0,3,3,18,Metro City,Fully Furnished,0,Good,11500000
1063.0,2,2,0,Metro City,Semi-Furnished,1,Good,4000000
2615.0,4,5,2,Metro City,Fully Furnished,1,Poor,22200000
1480.0,2,2,19,Metro City,Semi-Furnished,1,Good,6500000
1525.0,3,2,8,Metro City,Unfurnished,0,Good,6500000
1230.0,2,2,4,Metro City,Fully Furnished,2,Good,4350000
1710.0,3,3,2,Metro City,Semi-Furnished,1,Good,10000000
1220.0,2,2,10,Metro City,Unfurnished,1,Excellent,5200000
1000.0,3,2,10,Metro City,Semi-Furnished,1,Poor,11000000
1190.0,2,2,20,Metro City,Semi-Furnished,0,Good,7000000
5000.0,4,5,22,Tier-2 City,Semi-Furnished,1,Good,14100000
1654.0,3,2,16,Metro City,Semi-Furnished,2,Good,8500000
1350.0,3,3,16,Metro City,Unfurnished,2,Poor,6600000
1455.0,3,2,2,Metro City,Fully Furnished,1,Good,5600000
1047.0,2,2,4,Metro City,Fully Furnished,1,Poor,7200000
1050.0,2,2,6,Metro City,Unfurnished,2,Excellent,5000000
2065.5,4,4,22,Metro City,Semi-Furnished,1,Poor,9200000
1260.0,3,2,15,Metro City,Fully Furnished,2,Excellent,4050000
665.0,1,1,21,Rural Area,Semi-Furnished,2,Poor,500000
1333.0,2,2,17,Tier-2 City,Semi-Furnished,2,Good,3850000
1040.0,2,2,0,Metro City,Semi-Furnished,0,Good,5000000
1542.0,3,2,9,Metro City,Fully Furnished,1,Good,8500000
2150.0,4,3,5,Metro City,Semi-Furnished,2,Good,8500000
1163.0,2,2,7,Tier-2 City,Unfurnished,1,Good,2300000
1178.0,2,2,12,Metro City,Semi-Furnished,1,Good,8200000
1655.0,3,3,15,Tier-1 City,Semi-Furnished,1,Good,5700000
1762.0,3,3,13,Metro City,Unfurnished,2,Excellent,9150000
1146.0,2,2,6,Metro City,Unfurnished,1,Poor,3800000
1282.0,2,2,25,Metro City,Semi-Furnished,1,Good,7200000
3800.0,4,4,21,Metro City,Unfurnished,1,Excellent,23500000
1000.0,2,2,8,Metro City,Semi-Furnished,2,Excellent,6400000
1200.0,2,2,21,Metro City,Unfurnished,1,Poor,6500000
1200.0,2,2,13,Metro City,Unfurnished,1,Good,6500000
1197.0,2,2,0,Metro City,Unfurnished,0,Excellent,8000000
905.0,2,2,2,Tier-1 City,Semi-Furnished,0,Excellent,1850000
1384.0,3,2,17,Metro City,Semi-Furnished,2,Good,7600000
1793.0,3,3,20,Metro City,Unfurnished,1,Poor,9800000
1182.0,2,2,0,Metro City,Semi-Furnished,0,Good,6400000
1745.0,3,3,2,Metro City,Unfurnished,3,Good,14000000
3259.0,3,3,15,Tier-2 City,Unfurnished,0,Excellent,7800000
1350.0,4,4,10,Metro City,Fully Furnished,0,Good,17500000
1643.0,3,3,9,Metro City,Fully Furnished,1,Good,7500000
1843.0,3,3,23,Metro City,Fully Furnished,0,Good,9600000
1500.0,3,3,22,Metro City,Semi-Furnished,2,Excellent,9000000
1710.0,3,3,3,Tier-1 City,Semi-Furnished,1,Good,5700000
4000.0,4,4,10,Metro City,Unfurnished,1,Good,65000000
2920.0,4,4,13,Metro City,Fully Furnished,2,Good,53600000
1300.0,2,2,19,Tier-2 City,Semi-Furnished,1,Good,1150000
1005.0,2,2,5,Tier-2 City,Semi-Furnished,3,Good,1450000
950.0,1,1,4,Metro City,Semi-Furnished,1,Good,5000000
1400.0,3,2,13,Tier-1 City,Unfurnished,1,Excellent,4350000
1200.0,4,4,14,Metro City,Semi-Furnished,2,Good,12000000
1200.0,2,1,22,Metro City,Unfurnished,1,Good,7000000
1355.0,2,3,13,Tier-2 City,Unfurnished,0,Good,2900000
2000.0,3,3,16,Tier-1 City,Semi-Furnished,2,Poor,5550000
1190.0,2,2,1,Metro City,Semi-Furnished,1,Poor,6000000
1350.0,3,3,21,Metro City,Semi-Furnished,2,Good,7000000
1417.0,2,2,9,Metro City,Semi-Furnished,2,Poor,7500000
1700.0,3,3,1,Metro City,Semi-Furnished,1,Good,9350000
1246.0,2,2,16,Metro City,Fully Furnished,3,Good,9500000
775.0,1,1,1,Metro City,Unfurnished,1,Good,3400000
982.0,2,2,20,Metro City,Fully Furnished,3,Excellent,2550000
1185.0,2,2,6,Metro City,Fully Furnished,1,Excellent,7600000
2275.0,3,4,9,Metro City,Fully Furnished,0,Good,18200000
1325.0,2,2,7,Metro City,Fully Furnished,3,Excellent,5300000
1817.0,3,4,0,Rural Area,Semi-Furnished,1,Excellent,2100000
1758.0,3,3,16,Metro City,Unfurnished,2,Excellent,13300000
1200.0,2,2,23,Metro City,Semi-Furnished,1,Good,4500000
1100.0,2,2,12,Tier-2 City,Unfurnished,1,Good,1150000
1478.0,2,2,20,Metro City,Fully Furnished,0,Good,12500000
1086.0,2,2,2,Rural Area,Semi-Furnished,1,Good,550000
1300.0,2,2,5,Metro City,Semi-Furnished,0,Poor,5600000
670.0,1,1,24,Metro City,Semi-Furnished,1,Excellent,3500000
1260.0,1,1,10,Metro City,Semi-Furnished,0,Good,4100000
1279.0,3,2,3,Metro City,Semi-Furnished,1,Good,5400000
1080.0,2,2,1,Metro City,Semi-Furnished,2,Good,5000000
1087.0,2,2,7,Tier-1 City,Semi-Furnished,1,Good,3950000
1200.0,2,2,3,Tier-2 City,Fully Furnished,1,Good,4850000
2072.5,4,4,0,Metro City,Fully Furnished,2,Good,11100000
2524.0,4,5,10,Metro City,Fully Furnished,2,Poor,19000000
2400.0,3,4,5,Metro City,Fully Furnished,1,Good,18000000
1415.0,2,2,11,Metro City,Fully Furnished,0,Good,6700000
2250.0,3,3,3,Metro City,Semi-Furnished,2,Good,18000000
1800.0,3,3,1,Tier-1 City,Semi-Furnished,1,Excellent,11750000
2980.0,3,4,8,Metro City,Unfurnished,1,Good,26000000
1655.0,3,3,13,Metro City,Unfurnished,1,Good,11500000
1075.0,2,2,22,Metro City,Fully Furnished,1,Good,5200000
1200.0,4,4,12,Metro City,Fully Furnished,1,Good,16500000
1700.0,4,2,25,Metro City,Semi-Furnished,1,Good,55000000
1800.0,3,2,6,Tier-1 City,Semi-Furnished,2,Good,15000000
1440.0,3,2,5,Metro City,Semi-Furnished,3,Good,6050000
2350.0,3,3,16,Metro City,Fully Furnished,1,Good,17400000
1567.0,3,3,22,Metro City,Semi-Furnished,0,Poor,9000000
1565.0,3,2,0,Metro City,Unfurnished,1,Good,4950000
2283.0,4,4,10,Metro City,Semi-Furnished,1,Good,13000000
900.0,2,2,1,Metro City,Unfurnished,1,Excellent,2400000
980.0,2,2,3,Metro City,Semi-Furnished,2,Good,6900000
2856.0,4,5,3,Tier-2 City,Semi-Furnished,1,Good,5550000
4500.0,4,4,18,Rural Area,Semi-Furnished,1,Good,2900000
2483.0,4,5,4,Metro City,Semi-Furnished,3,Good,23000000
1610.0,3,4,15,Metro City,Semi-Furnished,1,Good,8500000
1126.0,2,2,10,Tier-1 City,Fully Furnished,1,Good,2350000
3500.0,3,4,9,Tier-2 City,Unfurnished,2,Good,11800000
1219.0,2,2,9,Metro City,Semi-Furnished,1,Good,4800000
3565.0,4,4,0,Tier-1 City,Unfurnished,2,Good,16850000
1030.0,2,2,5,Rural Area,Fully Furnished,1,Good,800000
1929.0,3,4,12,Metro City,Fully Furnished,0,Poor,10300000
3526.0,4,4,4,Metro City,Unfurnished,1,Good,55800000
1170.0,2,2,2,Metro City,Semi-Furnished,1,Excellent,5200000
1280.0,4,4,0,Tier-1 City,Semi-Furnished,0,Good,8400000
1200.0,2,3,13,Metro City,Semi-Furnished,2,Excellent,5200000
2150.0,3,3,6,Metro City,Unfurnished,1,Good,24000000
3895.0,4,4,7,Metro City,Semi-Furnished,0,Good,49500000
1460.0,3,3,0,Tier-2 City,Unfurnished,3,Good,3200000
1250.0,2,2,4,Metro City,Fully Furnished,2,Excellent,5900000
2000.0,3,3,13,Metro City,Semi-Furnished,1,Good,16000000
1806.0,1,1,14,Metro City,Fully Furnished,3,Good,15000000
1200.0,2,2,1,Metro City,Semi-Furnished,2,Poor,5000000
2400.0,5,4,3,Metro City,Unfurnished,2,Good,9700000
975.0,2,2,12,Metro City,Unfurnished,2,Excellent,5500000
510.0,1,1,18,Metro City,Unfurnished,0,Good,3400000
1088.0,2,2,16,Metro City,Semi-Furnished,1,Excellent,4600000
1935.0,3,4,14,Metro City,Semi-Furnished,2,Good,12200000
1180.0,2,2,0,Tier-1 City,Unfurnished,0,Excellent,5150000
1550.0,2,2,3,Metro City,Fully Furnished,2,Excellent,5900000
1075.0,2,2,19,Metro City,Unfurnished,1,Excellent,6000000
1400.0,3,3,6,Metro City,Fully Furnished,0,Poor,3500000
1015.0,2,2,7,Tier-1 City,Unfurnished,2,Good,2600000
1161.0,2,2,4,Metro City,Fully Furnished,1,Good,3650000
900.0,2,2,3,Metro City,Unfurnished,0,Good,2700000
1000.0,2,2,2,Metro City,Fully Furnished,2,Good,4600000
770.0,2,2,4,Metro City,Semi-Furnished,1,Good,3000000
1020.0,2,2,10,Metro City,Fully Furnished,1,Excellent,4850000
1372.0,3,2,5,Metro City,Semi-Furnished,0,Excellent,4800000
1025.0,2,2,5,Metro City,Fully Furnished,2,Excellent,2750000
1500.0,4,4,3,Metro City,Unfurnished,2,Excellent,23500000
883.0,2,2,7,Tier-1 City,Semi-Furnished,0,Poor,2000000
830.0,2,2,0,Tier-2 City,Semi-Furnished,2,Good,1200000
2400.0,3,4,16,Metro City,Unfurnished,1,Good,30000000
2400.0,3,3,8,Metro City,Fully Furnished,1,Good,40800000
915.0,4,4,15,Rural Area,Semi-Furnished,2,Excellent,950000
1350.0,3,2,5,Metro City,Unfurnished,1,Good,28000000
1105.0,2,2,3,Rural Area,Unfurnished,2,Excellent,500000
1740.0,3,3,9,Metro City,Fully Furnished,0,Good,9500000
1150.0,2,2,14,Metro City,Semi-Furnished,1,Excellent,3900000
600.0,4,4,16,Metro City,Fully Furnished,1,Good,8700000
1151.0,2,2,10,Tier-1 City,Semi-Furnished,1,Excellent,3050000
3900.0,4,4,8,Metro City,Semi-Furnished,2,Poor,30000000
1650.0,3,3,1,Metro City,Fully Furnished,1,Good,8800000
800.0,3,2,1,Metro City,Unfurnished,1,Good,6000000
1105.0,2,2,2,Metro City,Unfurnished,2,Excellent,6500000
1329.0,3,2,17,Metro City,Fully Furnished,0,Excellent,4600000
1020.0,2,2,6,Metro City,Unfurnished,2,Poor,5700000
1216.0,2,2,4,Tier-2 City,Fully Furnished,2,Good,3100000
1183.0,2,2,20,Metro City,Semi-Furnished,2,Good,7950000
2400.0,4,3,9,Metro City,Unfurnished,1,Good,40000000
525.0,1,1,19,Metro City,Semi-Furnished,1,Excellent,2600000
1157.0,3,2,8,Metro City,Unfurnished,1,Excellent,5400000
1300.0,3,2,3,Metro City,Semi-Furnished,0,Good,6300000
1390.0,3,2,4,Metro City,Semi-Furnished,1,Good,6950000
1580.0,3,3,12,Metro City,Semi-Furnished,0,Excellent,6000000
1215.0,2,2,3,Metro City,Semi-Furnished,2,Good,4400000
3144.0,3,3,23,Metro City,Fully Furnished,1,Good,45500000
1333.0,2,2,15,Tier-1 City,Unfurnished,1,Good,6650000
1505.0,2,2,4,Rural Area,Fully Furnished,1,Excellent,1400000
2180.0,4,4,8,Metro City,Unfurnished,2,Good,11500000
1330.0,3,2,9,Metro City,Semi-Furnished,1,Good,4650000
1345.0,3,3,14,Metro City,Unfurnished,1,Good,5800000
2475.0,3,4,6,Metro City,Unfurnished,1,Excellent,13000000
958.0,2,2,12,Metro City,Fully Furnished,0,Excellent,3450000
1345.0,3,2,5,Metro City,Unfurnished,0,Good,6900000
2400.0,4,4,21,Metro City,Unfurnished,1,Good,35000000
1760.0,3,3,0,Tier-1 City,Semi-Furnished,1,Good,10800000
600.0,3,2,5,Metro City,Fully Furnished,1,Good,10000000
1880.0,3,3,19,Tier-1 City,Fully Furnished,2,Excellent,7700000
1236.0,2,2,3,Metro City,Semi-Furnished,0,Good,5800000
560.0,1,1,17,Tier-1 City,Semi-Furnished,1,Good,3050000
1090.0,2,3,4,Metro City,Semi-Furnished,1,Good,4400000
3205.0,4,5,6,Metro City,Semi-Furnished,0,Good,50000000
1008.0,5,4,17,Metro City,Semi-Furnished,1,Excellent,18000000
1565.0,3,2,7,Metro City,Unfurnished,1,Good,5650000
1194.0,2,2,15,Metro City,Semi-Furnished,0,Good,4600000
1140.0,2,2,6,Metro City,Fully Furnished,0,Good,3900000
1900.0,2,2,5,Tier-1 City,Unfurnished,1,Excellent,13850000
982.0,2,2,0,Metro City,Unfurnished,2,Poor,3700000
1080.0,3,2,21,Metro City,Fully Furnished,0,Good,6500000
4395.0,3,3,13,Metro City,Semi-Furnished,0,Excellent,24000000
3500.0,4,5,10,Metro City,Semi-Furnished,3,Good,42500000
1525.0,3,2,3,Metro City,Semi-Furnished,1,Good,6000000
1128.0,2,2,20,Metro City,Fully Furnished,1,Good,6900000
1676.0,3,3,20,Metro City,Fully Furnished,1,Excellent,9200000
1200.0,2,2,0,Metro City,Semi-Furnished,1,Good,6000000
1731.0,3,3,5,Metro City,Semi-Furnished,1,Good,6400000
900.0,2,2,3,Metro City,Fully Furnished,1,Good,4600000
4000.0,4,4,17,Metro City,Unfurnished,2,Good,22000000
1365.0,3,3,2,Metro City,Semi-Furnished,1,Good,5300000
700.0,2,2,13,Metro City,Unfurnished,1,Good,3500000
1311.0,3,2,8,Metro City,Semi-Furnished,0,Good,8500000
1240.0,2,2,2,Tier-1 City,Unfurnished,2,Good,2900000
2400.0,4,5,13,Metro City,Unfurnished,0,Good,39000000
1010.0,2,2,15,Metro City,Semi-Furnished,2,Good,3200000
1844.0,3,3,10,Tier-2 City,Unfurnished,3,Poor,3900000
2600.0,4,4,4,Metro City,Semi-Furnished,1,Good,4000000
1530.0,3,3,6,Tier-1 City,Semi-Furnished,2,Good,4850000
1345.0,2,2,11,Metro City,Fully Furnished,1,Poor,10600000
1195.0,2,2,25,Tier-1 City,Unfurnished,1,Poor,5550000
800.0,2,2,8,Metro City,Semi-Furnished,1,Good,4100000
935.0,2,2,13,Metro City,Semi-Furnished,1,Excellent,3800000
1055.0,2,2,18,Tier-1 City,Semi-Furnished,2,Good,5350000
1150.0,3,2,8,Metro City,Fully Furnished,2,Excellent,6200000
1215.0,3,2,5,Metro City,Semi-Furnished,1,Good,4700000
1566.0,3,3,0,Metro City,Semi-Furnished,1,Excellent,8350000
300.0,1,1,5,Metro City,Unfurnished,0,Good,2000000
2061.0,3,3,20,Tier-2 City,Semi-Furnished,1,Good,8650000
1165.0,2,1,5,Metro City,Fully Furnished,1,Excellent,4200000
1076.0,2,2,8,Metro City,Semi-Furnished,0,Poor,3000000
2500.0,7,6,2,Tier-2 City,Unfurnished,3,Good,3900000
2400.0,4,4,21,Rural Area,Semi-Furnished,1,Good,3150000
500.0,1,1,1,Metro City,Fully Furnished,1,Good,1400000
600.0,2,1,7,Metro City,Unfurnished,2,Poor,2700000
2400.0,7,6,1,Metro City,Unfurnished,0,Good,45000000
1510.0,3,3,13,Metro City,Semi-Furnished,2,Good,4750000
624.0,1,1,9,Metro City,Unfurnished,1,Good,3500000
2150.0,3,3,12,Metro City,Semi-Furnished,1,Good,26500000
1100.0,2,2,12,Tier-1 City,Semi-Furnished,1,Good,3200000
1016.0,2,2,22,Tier-2 City,Semi-Furnished,0,Excellent,1400000
750.0,4,4,22,Metro City,Unfurnished,1,Good,12000000
1250.0,3,4,19,Metro City,Fully Furnished,2,Good,3900000
1275.0,3,2,0,Metro City,Semi-Furnished,1,Good,5200000
1570.0,3,3,4,Metro City,Semi-Furnished,0,Good,6450000
1320.0,3,2,19,Tier-1 City,Unfurnished,1,Poor,2500000
1828.0,3,3,10,Metro City,Semi-Furnished,1,Good,11000000
1680.0,6,6,21,Metro City,Unfurnished,1,Excellent,12500000
1546.0,3,3,7,Metro City,Fully Furnished,0,Good,9900000
1625.0,3,3,1,Tier-2 City,Unfurnished,0,Excellent,3550000
1200.0,4,4,1,Metro City,Unfurnished,1,Good,24400000
1125.0,2,2,5,Metro City,Fully Furnished,1,Excellent,3250000
1760.0,3,3,0,Metro City,Semi-Furnished,0,Good,6700000
2106.0,3,3,24,Metro City,Fully Furnished,1,Good,12600000
900.0,4,4,4,Metro City,Semi-Furnished,1,Good,7000000
1122.5,2,2,2,Metro City,Fully Furnished,0,Good,6150000
704.0,8,8,9,Metro City,Unfurnished,3,Good,9200000
1760.0,3,3,10,Metro City,Fully Furnished,1,Good,15000000
1000.0,2,2,6,Metro City,Fully Furnished,1,Good,3500000
2750.0,3,3,16,Tier-2 City,Unfurnished,1,Good,42600000
600.0,4,3,15,Metro City,Semi-Furnished,1,Poor,10000000
1385.0,3,2,6,Metro City,Semi-Furnished,1,Excellent,7600000
1419.59,3,2,3,Metro City,Fully Furnished,2,Excellent,6500000
2000.0,4,3,7,Metro City,Fully Furnished,2,Good,9000000
1250.0,3,2,1,Metro City,Fully Furnished,1,Good,8000000
1743.0,3,3,8,Metro City,Fully Furnished,2,Excellent,9300000
883.0,2,2,18,Metro City,Fully Furnished,1,Poor,4500000
1025.0,2,2,4,Metro City,Unfurnished,0,Excellent,4300000
1464.0,3,3,0,Metro City,Semi-Furnished,0,Good,5600000
1504.0,3,2,9,Metro City,Fully Furnished,1,Good,8300000
1175.0,2,2,9,Metro City,Semi-Furnished,1,Excellent,7500000
1206.0,2,2,3,Metro City,Unfurnished,2,Good,5300000
1350.0,2,1,16,Metro City,Unfurnished,2,Good,10000000
2774.0,4,4,1,Rural Area,Unfurnished,1,Good,2500000
1705.0,3,2,4,Metro City,Fully Furnished,1,Poor,8700000
1525.0,3,2,4,Metro City,Fully Furnished,2,Good,6300000
1075.0,3,2,15,Rural Area,Semi-Furnished,1,Good,500000
1124.0,3,2,10,Tier-1 City,Fully Furnished,1,Poor,3200000
919.0,2,2,12,Metro City,Unfurnished,2,Excellent,4900000
1393.0,3,3,1,Tier-1 City,Semi-Furnished,0,Good,4400000
1897.0,3,4,5,Tier-1 City,Semi-Furnished,0,Good,4950000
1000.0,2,2,1,Tier-2 City,Unfurnished,2,Excellent,1550000
925.0,2,2,17,Metro City,Fully Furnished,1,Excellent,5500000
600.0,4,2,16,Tier-2 City,Semi-Furnished,1,Good,3700000
1355.0,2,2,0,Metro City,Semi-Furnished,1,Excellent,9500000
3930.0,4,5,2,Metro City,Unfurnished,1,Good,33000000
1102.0,2,2,18,Metro City,Semi-Furnished,1,Good,5350000
1672.0,3,3,2,Metro City,Semi-Furnished,1,Excellent,15000000
1157.0,2,2,19,Metro City,Semi-Furnished,1,Good,4750000
1063.0,2,2,0,Metro City,Unfurnished,0,Excellent,6100000
1270.0,3,2,16,Metro City,Fully Furnished,2,Excellent,5100000
2061.0,3,4,1,Metro City,Unfurnished,2,Excellent,17500000
1200.0,3,2,11,Tier-1 City,Semi-Furnished,1,Good,8500000
545.0,2,1,1,Metro City,Semi-Furnished,2,Excellent,2900000
1355.0,3,2,1,Metro City,Semi-Furnished,2,Poor,5150000
1362.0,3,3,1,Metro City,Fully Furnished,1,Good,6250000
1500.0,8,7,4,Metro City,Semi-Furnished,1,Poor,38200000
1135.0,3,2,9,Metro City,Fully Furnished,1,Good,3950000
630.0,1,1,0,Tier-2 City,Semi-Furnished,1,Excellent,1200000
1152.0,2,2,6,Metro City,Semi-Furnished,1,Poor,5500000
1200.0,3,3,20,Metro City,Unfurnished,1,Excellent,5700000
1370.0,2,2,1,Metro City,Semi-Furnished,2,Good,7000000
1200.0,2,2,0,Metro City,Unfurnished,1,Good,5500000
952.0,2,2,18,Metro City,Fully Furnished,1,Excellent,4200000
1575.0,3,3,11,Metro City,Unfurnished,1,Good,9450000
720.0,3,3,22,Metro City,Semi-Furnished,2,Good,8100000
1800.0,3,3,22,Metro City,Fully Furnished,2,Good,6500000
1662.0,3,3,7,Metro City,Semi-Furnished,2,Good,8500000
1200.0,2,2,0,Tier-1 City,Unfurnished,1,Good,3150000
1600.0,3,3,3,Metro City,Semi-Furnished,1,Good,7500000
1625.0,3,3,6,Tier-1 City,Semi-Furnished,2,Good,6200000
1249.0,2,2,23,Metro City,Semi-Furnished,0,Good,16500000
1325.0,2,2,2,Tier-1 City,Semi-Furnished,0,Good,4900000
674.0,1,1,1,Metro City,Unfurnished,0,Excellent,2100000
1175.0,2,2,2,Metro City,Semi-Furnished,3,Good,4700000
1364.0,2,2,0,Metro City,Fully Furnished,1,Good,7000000
1328.0,2,2,20,Metro City,Fully Furnished,1,Excellent,10700000
1847.0,3,3,5,Metro City,Fully Furnished,1,Excellent,12500000
1532.0,3,3,2,Metro City,Fully Furnished,1,Excellent,9800000
1445.0,3,3,5,Metro City,Unfurnished,2,Good,9500000
1000.0,2,2,4,Rural Area,Unfurnished,1,Excellent,500000
865.0,2,2,13,Metro City,Fully Furnished,2,Excellent,4200000
1200.0,2,2,6,Metro City,Fully Furnished,2,Excellent,4500000
989.0,2,2,14,Metro City,Semi-Furnished,0,Good,6000000
4700.0,4,5,20,Metro City,Semi-Furnished,1,Good,80000000
1754.0,3,3,23,Metro City,Unfurnished,2,Excellent,13500000
1200.0,4,4,10,Metro City,Unfurnished,0,Good,11000000
1200.0,2,2,14,Metro City,Semi-Furnished,1,Good,9000000
1125.0,2,2,7,Metro City,Unfurnished,1,Excellent,4800000
1560.0,3,2,21,Metro City,Semi-Furnished,2,Excellent,6600000
1330.0,3,3,2,Metro City,Unfurnished,1,Good,4650000
1200.0,3,2,13,Metro City,Semi-Furnished,1,Good,6600000
615.0,1,1,10,Metro City,Unfurnished,2,Good,1800000
1710.0,3,3,14,Tier-2 City,Semi-Furnished,2,Excellent,2150000
1320.0,5,5,0,Tier-2 City,Semi-Furnished,0,Excellent,8450000
1490.0,3,2,22,Metro City,Semi-Furnished,2,Good,5950000
1215.0,2,2,1,Metro City,Fully Furnished,1,Good,5000000
1417.0,3,2,6,Metro City,Fully Furnished,2,Good,7600000
1365.0,3,3,15,Metro City,Semi-Furnished,1,Excellent,7600000
1734.0,3,3,5,Metro City,Semi-Furnished,2,Good,12500000
1270.0,3,2,4,Metro City,Fully Furnished,2,Good,9500000
1693.0,3,3,5,Metro City,Fully Furnished,1,Good,10800000
1315.0,2,2,2,Metro City,Fully Furnished,1,Good,7400000
1800.0,3,3,21,Metro City,Semi-Furnished,1,Good,8000000
1066.0,2,2,15,Metro City,Fully Furnished,0,Good,5250000
658.0,1,1,18,Metro City,Fully Furnished,0,Poor,3400000
1000.0,2,2,3,Metro City,Unfurnished,3,Excellent,3500000
8400.0,4,5,2,Metro City,Semi-Furnished,1,Good,167500000
1751.0,3,2,11,Metro City,Fully Furnished,0,Good,11500000
1120.0,2,2,7,Tier-1 City,Unfurnished,0,Good,4350000
910.0,2,2,2,Tier-2 City,Semi-Furnished,2,Excellent,1450000
1200.0,3,2,25,Metro City,Unfurnished,1,Excellent,5200000
1432.0,2,2,1,Metro City,Fully Furnished,2,Poor,6800000
2210.0,3,3,1,Tier-1 City,Semi-Furnished,1,Good,9150000
1674.0,3,3,3,Metro City,Semi-Furnished,2,Good,9000000
1060.0,2,2,12,Rural Area,Unfurnished,0,Poor,500000
1200.0,2,2,16,Metro City,Unfurnished,1,Poor,10000000
1065.0,2,2,21,Metro City,Semi-Furnished,1,Good,3600000
1567.0,3,2,7,Metro City,Unfurnished,2,Good,6200000
1999.0,3,3,18,Rural Area,Unfurnished,1,Poor,1200000
1418.0,2,2,11,Tier-1 City,Fully Furnished,0,Excellent,7350000
1200.0,2,2,9,Metro City,Semi-Furnished,1,Excellent,7500000
1255.0,2,2,5,Metro City,Semi-Furnished,1,Good,7700000
1405.0,3,3,5,Metro City,Unfurnished,1,Good,16900000
1230.0,3,3,8,Metro City,Fully Furnished,1,Good,6000000
1804.0,3,3,5,Metro City,Fully Furnished,2,Excellent,10200000
710.0,2,2,1,Metro City,Fully Furnished,0,Good,2500000
1650.0,3,3,13,Metro City,Semi-Furnished,1,Excellent,17500000
1188.0,2,2,2,Metro City,Unfurnished,1,Excellent,3600000
1404.0,2,2,0,Tier-2 City,Semi-Furnished,2,Excellent,2400000
5656.0,3,5,17,Metro City,Semi-Furnished,0,Good,49900000
700.0,4,4,9,Rural Area,Semi-Furnished,0,Excellent,800000
1200.0,2,2,1,Metro City,Unfurnished,2,Good,7900000
1150.0,2,2,24,Metro City,Semi-Furnished,1,Excellent,6950000
1400.0,3,2,7,Metro City,Unfurnished,1,Good,13500000
4346.0,4,5,3,Metro City,Unfurnished,1,Poor,50000000
2259.0,4,3,21,Rural Area,Unfurnished,1,Excellent,1250000
900.0,2,2,8,Metro City,Fully Furnished,1,Excellent,5500000
1000.0,2,2,20,Rural Area,Unfurnished,1,Poor,600000
1200.0,2,2,2,Metro City,Semi-Furnished,1,Good,4200000
700.0,1,1,3,Metro City,Semi-Furnished,0,Good,3500000
1645.0,3,3,5,Metro City,Semi-Furnished,2,Excellent,9500000
1257.0,2,2,14,Tier-2 City,Fully Furnished,1,Good,2650000
1147.0,2,2,1,Metro City,Fully Furnished,1,Good,5400000
1012.0,2,2,10,Metro City,Semi-Furnished,0,Poor,5900000
2072.0,3,4,14,Metro City,Fully Furnished,0,Good,15900000
1200.0,1,2,1,Metro City,Unfurnished,0,Good,6600000
1270.0,3,2,11,Metro City,Fully Furnished,1,Poor,5500000
1995.0,3,3,14,Metro City,Fully Furnished,2,Good,13500000
1140.0,2,2,0,Metro City,Unfurnished,1,Excellent,3400000
7200.0,4,5,7,Metro City,Fully Furnished,1,Good,158400000
7500.0,4,4,7,Metro City,Unfurnished,1,Good,90000000
1689.28,3,3,2,Metro City,Semi-Furnished,1,Good,9100000
1735.0,3,3,13,Metro City,Unfurnished,1,Excellent,10500000
1491.0,3,3,1,Metro City,Fully Furnished,0,Excellent,8800000
1600.0,3,3,23,Metro City,Fully Furnished,1,Excellent,18000000
1130.0,2,2,12,Rural Area,Semi-Furnished,0,Excellent,500000
1756.0,3,3,6,Metro City,Fully Furnished,1,Excellent,12500000
1500.0,3,3,12,Metro City,Semi-Furnished,1,Excellent,10000000
1659.0,3,3,11,Tier-2 City,Fully Furnished,2,Good,4600000
1280.0,2,2,2,Tier-1 City,Semi-Furnished,0,Good,4650000
1662.0,3,3,8,Tier-2 City,Unfurnished,1,Good,2750000
1075.0,3,2,2,Metro City,Semi-Furnished,1,Excellent,4200000
1815.0,3,3,10,Metro City,Unfurnished,1,Excellent,8200000
700.0,2,2,10,Metro City,Unfurnished,0,Good,3500000
4395.0,3,3,6,Metro City,Unfurnished,1,Poor,24000000
2150.0,4,4,4,Metro City,Semi-Furnished,1,Excellent,8000000
1665.0,3,3,8,Metro City,Fully Furnished,0,Good,8700000
966.0,2,2,5,Metro City,Semi-Furnished,1,Good,4900000
1150.0,2,2,4,Metro City,Semi-Furnished,0,Poor,3900000
1060.0,2,2,19,Tier-2 City,Fully Furnished,0,Poor,2100000
595.0,1,1,5,Metro City,Unfurnished,1,Good,3200000
1035.0,2,2,8,Metro City,Unfurnished,1,Good,4150000
1858.0,3,3,13,Metro City,Semi-Furnished,2,Good,12300000
1125.0,2,2,24,Metro City,Semi-Furnished,0,Good,5000000
6000.0,8,8,4,Tier-1 City,Fully Furnished,2,Excellent,16150000
1208.0,2,2,4,Metro City,Unfurnished,1,Poor,4900000
1050.0,2,2,23,Metro City,Semi-Furnished,1,Excellent,5000000
1362.0,2,2,21,Metro City,Fully Furnished,0,Excellent,6600000
967.0,3,2,14,Metro City,Unfurnished,2,Good,4500000
864.0,2,2,1,Metro City,Semi-Furnished,2,Good,4500000
1299.0,2,2,8,Metro City,Semi-Furnished,0,Excellent,5800000
1360.0,3,2,0,Metro City,Semi-Furnished,1,Poor,7500000
602.0,1,1,17,Metro City,Fully Furnished,2,Excellent,3800000
1015.0,2,2,21,Metro City,Semi-Furnished,0,Good,3700000
980.0,2,2,4,Metro City,Fully Furnished,0,Good,7750000
1362.0,2,2,1,Tier-2 City,Unfurnished,1,Good,4100000
1970.0,3,3,8,Metro City,Semi-Furnished,2,Good,16000000
5400.0,7,5,10,Metro City,Semi-Furnished,0,Excellent,97200000
1989.0,3,4,8,Metro City,Semi-Furnished,1,Good,15500000
1810.0,3,3,8,Metro City,Semi-Furnished,0,Excellent,12600000
1118.0,2,2,10,Metro City,Unfurnished,1,Excellent,7500000
2710.0,4,6,5,Metro City,Semi-Furnished,0,Excellent,14200000
1020.0,2,2,0,Metro City,Semi-Furnished,2,Good,4100000
1404.0,2,2,15,Metro City,Fully Furnished,0,Good,6750000
1075.0,2,2,14,Metro City,Fully Furnished,1,Good,5150000
1340.0,2,2,20,Rural Area,Unfurnished,2,Good,750000
1475.0,3,3,17,Tier-2 City,Unfurnished,1,Good,3800000
1007.0,2,2,10,Metro City,Fully Furnished,1,Good,6800000
1260.0,3,2,7,Metro City,Semi-Furnished,3,Poor,9500000
1180.0,2,2,21,Metro City,Semi-Furnished,1,Good,10500000
1837.0,3,3,2,Rural Area,Unfurnished,0,Poor,1850000
2400.0,1,2,10,Rural Area,Fully Furnished,0,Good,2100000
1930.0,3,4,9,Metro City,Unfurnished,1,Good,12200000
1170.0,2,2,7,Tier-2 City,Semi-Furnished,1,Good,3000000
1618.0,3,3,14,Metro City,Semi-Furnished,3,Good,6800000
2200.0,4,3,4,Metro City,Unfurnished,1,Good,11500000
1206.0,2,2,2,Metro City,Fully Furnished,2,Good,3850000
1200.0,8,8,5,Metro City,Fully Furnished,1,Poor,14000000
900.0,2,2,21,Tier-2 City,Fully Furnished,2,Good,1550000
1320.0,3,2,5,Metro City,Fully Furnished,1,Good,5800000
1380.0,9,9,6,Metro City,Semi-Furnished,1,Poor,15000000
795.0,2,2,9,Metro City,Unfurnished,1,Excellent,3250000
1200.0,4,4,0,Metro City,Fully Furnished,1,Excellent,12000000
4050.0,5,5,16,Metro City,Semi-Furnished,0,Good,14000000
1410.0,2,2,19,Metro City,Semi-Furnished,1,Excellent,7500000
1084.0,2,2,14,Metro City,Unfurnished,1,Good,5500000
1200.0,7,7,0,Tier-2 City,Semi-Furnished,2,Good,5050000
1330.0,3,2,5,Tier-1 City,Semi-Furnished,0,Good,4500000
1269.0,2,2,14,Metro City,Semi-Furnished,0,Poor,7500000
1200.0,4,4,24,Rural Area,Unfurnished,2,Poor,1650000
1175.0,2,2,6,Metro City,Semi-Furnished,2,Good,6000000
1400.0,3,2,2,Tier-2 City,Unfurnished,1,Good,2100000
933.0,2,2,0,Metro City,Unfurnished,1,Good,4300000
2250.0,3,3,0,Metro City,Unfurnished,1,Good,19500000
1200.0,4,4,24,Metro City,Semi-Furnished,0,Poor,37500000
1053.0,2,2,20,Metro City,Semi-Furnished,2,Good,5300000
1200.0,3,2,9,Metro City,Unfurnished,1,Good,9000000
1350.0,3,2,1,Metro City,Fully Furnished,1,Good,4700000
1048.0,2,2,3,Tier-2 City,Fully Furnished,0,Good,1850000
1300.0,2,2,17,Metro City,Unfurnished,2,Excellent,6000000
1200.0,6,6,7,Tier-2 City,Unfurnished,1,Good,3550000
1200.0,4,4,5,Tier-1 City,Semi-Furnished,1,Good,5150000
1040.0,2,2,24,Metro City,Unfurnished,2,Good,5500000
1222.0,2,2,4,Metro City,Semi-Furnished,1,Good,11200000
1486.0,3,2,25,Metro City,Semi-Furnished,0,Good,6500000
1100.0,3,2,7,Metro City,Fully Furnished,1,Good,5800000
1380.0,3,3,10,Metro City,Semi-Furnished,1,Good,13000000
1200.0,3,2,16,Metro City,Fully Furnished,0,Good,6600000
1168.0,2,2,16,Metro City,Unfurnished,2,Excellent,6600000
1325.0,2,2,2,Metro City,Semi-Furnished,0,Good,7600000
1200.0,5,5,1,Metro City,Fully Furnished,0,Good,16000000
2038.5,3,3,11,Metro City,Unfurnished,1,Excellent,12000000
1367.0,2,2,9,Metro City,Semi-Furnished,1,Good,8000000
1370.0,3,2,12,Tier-1 City,Semi-Furnished,2,Excellent,4000000
1144.0,2,2,2,Metro City,Semi-Furnished,1,Good,6700000
2017.0,3,3,15,Metro City,Semi-Furnished,1,Excellent,10500000
1380.0,3,2,7,Metro City,Semi-Furnished,0,Good,5500000
1200.0,4,4,25,Rural Area,Semi-Furnished,2,Poor,1650000
2700.0,3,2,1,Metro City,Fully Furnished,0,Good,26000000
2700.0,3,3,9,Metro City,Fully Furnished,0,Excellent,32400000
1698.0,2,2,15,Metro City,Unfurnished,1,Excellent,10500000
1100.0,3,2,1,Metro City,Fully Furnished,0,Excellent,7650000
945.0,2,2,5,Metro City,Fully Furnished,0,Poor,3500000
1090.0,2,2,19,Tier-2 City,Unfurnished,1,Excellent,1300000
2089.0,3,3,13,Metro City,Unfurnished,1,Good,14000000
1158.0,2,2,24,Metro City,Semi-Furnished,1,Excellent,6700000
2400.0,2,2,6,Metro City,Fully Furnished,2,Excellent,12500000
1200.0,2,2,3,Metro City,Semi-Furnished,1,Good,4000000
1200.0,3,3,4,Metro City,Semi-Furnished,1,Poor,7450000
3450.0,8,7,16,Metro City,Unfurnished,1,Good,22500000
552.5,1,1,18,Metro City,Semi-Furnished,1,Excellent,1350000
1141.0,2,2,21,Tier-2 City,Semi-Furnished,1,Poor,1250000
2400.0,4,5,0,Metro City,Unfurnished,1,Excellent,35000000
1153.0,2,2,3,Metro City,Unfurnished,1,Good,4850000
1430.0,3,2,2,Metro City,Fully Furnished,1,Poor,5150000
1173.0,3,2,13,Metro City,Fully Furnished,1,Poor,4600000
1455.0,3,2,13,Metro City,Unfurnished,1,Excellent,5500000
1350.0,3,3,4,Metro City,Semi-Furnished,1,Poor,8100000
1200.0,3,3,23,Metro City,Fully Furnished,1,Excellent,8500000
1050.0,3,2,22,Metro City,Semi-Furnished,2,Good,3900000
770.0,2,1,0,Tier-2 City,Unfurnished,0,Good,1200000
800.0,3,2,13,Metro City,Unfurnished,0,Good,7500000
1120.0,2,2,21,Metro City,Fully Furnished,1,Good,5300000
1535.0,3,3,0,Metro City,Unfurnished,1,Good,7250000
1220.0,2,2,3,Metro City,Semi-Furnished,1,Good,7200000
1069.0,2,2,19,Metro City,Semi-Furnished,2,Poor,5500000
930.0,2,1,9,Metro City,Unfurnished,2,Excellent,5500000
810.0,6,5,22,Metro City,Semi-Furnished,1,Good,9500000
1090.0,2,2,17,Metro City,Semi-Furnished,1,Excellent,6000000
3295.0,5,4,21,Metro City,Semi-Furnished,2,Excellent,26000000
3170.0,4,4,16,Rural Area,Semi-Furnished,1,Excellent,4300000
2610.0,3,3,1,Metro City,Fully Furnished,1,Excellent,39900000
1043.0,2,2,0,Metro City,Fully Furnished,1,Good,6500000
1500.0,3,2,21,Metro City,Unfurnished,3,Excellent,7000000
1107.0,2,2,13,Metro City,Semi-Furnished,1,Excellent,4400000
829.0,2,2,3,Tier-1 City,Fully Furnished,0,Good,1550000
1300.0,3,2,10,Metro City,Fully Furnished,0,Good,6900000
1444.0,3,2,12,Rural Area,Unfurnished,1,Poor,1050000
1162.0,2,2,2,Rural Area,Unfurnished,2,Good,1050000
1701.0,2,2,0,Tier-2 City,Unfurnished,0,Good,6500000
740.0,2,2,8,Rural Area,Unfurnished,0,Good,500000
1250.0,2,2,9,Metro City,Semi-Furnished,1,Good,5000000
1096.0,2,2,5,Tier-1 City,Fully Furnished,2,Excellent,3000000
1050.0,2,2,4,Metro City,Unfurnished,1,Poor,5250000
1300.0,3,2,20,Tier-1 City,Semi-Furnished,0,Good,3850000
4050.0,9,7,13,Metro City,Semi-Furnished,1,Good,120000000
1150.0,8,8,13,Tier-1 City,Semi-Furnished,2,Good,4850000
650.0,1,1,10,Metro City,Semi-Furnished,1,Good,3300000
640.0,1,1,25,Tier-1 City,Semi-Furnished,3,Good,2850000
2400.0,2,1,0,Metro City,Semi-Furnished,1,Excellent,15000000
1700.0,3,3,3,Rural Area,Unfurnished,3,Excellent,1950000
1200.0,2,2,15,Metro City,Semi-Furnished,2,Excellent,8000000
1012.0,2,2,1,Metro City,Unfurnished,1,Excellent,5900000
1203.0,2,2,9,Metro City,Unfurnished,1,Excellent,6000000
1532.0,3,3,11,Rural Area,Unfurnished,1,Good,1000000
3754.0,4,6,13,Metro City,Fully Furnished,0,Poor,43000000
1051.0,2,2,0,Metro City,Unfurnished,2,Excellent,5650000
500.0,2,2,0,Metro City,Unfurnished,1,Excellent,5500000
1200.0,2,2,3,Metro City,Fully Furnished,1,Good,5350000
1800.0,3,3,22,Tier-2 City,Fully Furnished,0,Poor,6050000
1525.0,3,2,11,Metro City,Semi-Furnished,1,Excellent,9150000
1577.0,3,3,1,Metro City,Fully Furnished,0,Good,6500000
1192.0,3,2,16,Metro City,Fully Furnished,0,Poor,6200000
2500.0,5,3,5,Tier-2 City,Semi-Furnished,1,Good,4850000
1140.0,2,2,12,Metro City,Fully Furnished,1,Excellent,4300000
1200.0,2,2,9,Tier-1 City,Fully Furnished,1,Good,3150000
1016.0,2,2,22,Metro City,Fully Furnished,0,Excellent,4500000
1500.0,2,2,12,Metro City,Semi-Furnished,2,Excellent,8400000
1203.0,2,2,15,Metro City,Semi-Furnished,1,Excellent,6000000
1053.4,3,3,5,Metro City,Semi-Furnished,2,Poor,8900000
2500.0,3,2,24,Metro City,Unfurnished,1,Good,30000000
1128.76,3,3,4,Metro City,Unfurnished,2,Good,4750000
1270.0,2,2,3,Metro City,Unfurnished,2,Excellent,9500000
1760.0,3,3,3,Metro City,Semi-Furnished,1,Good,12300000
1200.0,5,4,1,Metro City,Unfurnished,1,Good,11500000
1290.0,3,2,13,Tier-1 City,Semi-Furnished,0,Excellent,4250000
1303.0,2,2,0,Metro City,Semi-Furnished,2,Good,5600000
1022.0,2,2,8,Metro City,Fully Furnished,0,Excellent,4000000
1102.0,2,2,8,Tier-2 City,Unfurnished,0,Good,1700000
1125.0,2,2,7,Metro City,Fully Furnished,1,Good,4000000
1125.0,2,2,3,Metro City,Unfurnished,1,Good,4550000
1166.0,3,2,16,Metro City,Unfurnished,1,Good,3500000
3197.0,4,5,2,Metro City,Semi-Furnished,0,Excellent,33500000
1200.0,3,2,2,Metro City,Unfurnished,1,Good,6500000
3216.0,4,5,7,Metro City,Unfurnished,1,Poor,30000000
1116.0,2,2,4,Metro City,Semi-Furnished,0,Excellent,3300000
1447.0,2,2,20,Metro City,Semi-Furnished,3,Excellent,7600000
1330.0,3,2,4,Tier-2 City,Unfurnished,2,Poor,1450000
927.0,2,2,8,Metro City,Fully Furnished,2,Excellent,3700000
450.0,1,1,5,Metro City,Fully Furnished,0,Good,3000000
1300.0,2,2,6,Metro City,Unfurnished,1,Good,9000000
1255.0,3,2,6,Rural Area,Semi-Furnished,2,Excellent,1750000
1340.0,2,2,1,Tier-2 City,Fully Furnished,1,Good,2450000
2800.0,4,4,2,Tier-1 City,Unfurnished,1,Excellent,8250000
1222.0,6,5,6,Metro City,Semi-Furnished,1,Good,25000000
1500.0,3,2,7,Metro City,Fully Furnished,2,Good,9700000
525.0,1,1,1,Metro City,Semi-Furnished,1,Good,2600000
1230.0,2,2,8,Metro City,Semi-Furnished,0,Good,4500000
1200.0,2,2,6,Metro City,Semi-Furnished,3,Good,6000000
900.0,2,2,10,Metro City,Unfurnished,1,Good,6000000
1033.0,3,2,7,Metro City,Semi-Furnished,2,Good,3200000
1100.0,2,2,2,Tier-2 City,Semi-Furnished,1,Excellent,1400000
1374.0,3,2,2,Metro City,Unfurnished,1,Good,8800000
2050.0,3,3,11,Metro City,Semi-Furnished,1,Good,8200000
646.0,3,2,8,Tier-1 City,Semi-Furnished,2,Excellent,4250000
1080.0,2,2,1,Metro City,Semi-Furnished,2,Excellent,3800000
1800.0,3,3,0,Tier-1 City,Semi-Furnished,2,Good,14500000
1550.0,3,2,24,Tier-1 City,Unfurnished,0,Excellent,4650000
630.0,1,1,15,Metro City,Fully Furnished,3,Excellent,4700000
1200.0,6,5,15,Metro City,Semi-Furnished,1,Good,15000000
1224.0,2,2,1,Metro City,Fully Furnished,1,Excellent,10500000
1198.0,2,2,2,Metro City,Semi-Furnished,2,Good,5800000
3009.0,3,3,7,Metro City,Semi-Furnished,0,Excellent,33000000
925.0,2,2,20,Metro City,Semi-Furnished,2,Good,4200000
1128.0,2,2,3,Tier-1 City,Semi-Furnished,1,Excellent,2350000
1025.0,2,2,4,Rural Area,Semi-Furnished,0,Poor,500000
3000.0,4,3,14,Metro City,Fully Furnished,2,Good,15000000
1600.0,3,2,10,Metro City,Semi-Furnished,0,Good,7500000
1350.0,3,3,5,Tier-1 City,Fully Furnished,2,Poor,3650000
950.0,2,2,4,Metro City,Unfurnished,2,Poor,6000000
1440.0,2,2,19,Metro City,Semi-Furnished,1,Excellent,11500000
900.0,2,2,17,Metro City,Semi-Furnished,0,Good,2700000
1220.0,3,3,11,Metro City,Unfurnished,1,Poor,3500000
1200.0,2,2,0,Metro City,Semi-Furnished,1,Excellent,6600000
1205.0,2,2,10,Metro City,Unfurnished,0,Excellent,7000000
814.0,2,2,8,Metro City,Unfurnished,0,Good,4350000
1435.0,3,2,12,Metro City,Semi-Furnished,0,Good,8000000
1236.0,2,2,4,Metro City,Fully Furnished,1,Good,5800000
1205.0,2,2,10,Tier-2 City,Unfurnished,1,Good,1250000
460.0,1,1,15,Metro City,Semi-Furnished,0,Good,2100000
1010.0,2,2,9,Metro City,Fully Furnished,1,Good,4050000
1098.0,2,2,3,Metro City,Fully Furnished,1,Good,7400000
1075.0,3,2,14,Metro City,Semi-Furnished,2,Good,4500000
1500.0,3,3,2,Metro City,Semi-Furnished,1,Good,13800000
1196.0,2,2,19,Metro City,Semi-Furnished,0,Excellent,4050000
1789.0,3,3,22,Metro City,Semi-Furnished,1,Good,7500000
1045.0,2,2,19,Metro City,Semi-Furnished,1,Excellent,5800000
900.0,2,2,22,Metro City,Fully Furnished,2,Good,3000000
480.0,1,1,18,Metro City,Unfurnished,2,Good,2500000
1220.0,2,2,0,Metro City,Fully Furnished,2,Excellent,6000000
4000.0,7,7,1,Metro City,Semi-Furnished,0,Good,9000000
1500.0,3,2,1,Metro City,Unfurnished,1,Excellent,9000000
1128.0,2,2,0,Tier-2 City,Unfurnished,1,Good,1500000
1975.0,3,3,11,Metro City,Fully Furnished,3,Poor,15000000
1200.0,3,2,16,Metro City,Fully Furnished,1,Good,15000000
948.0,2,2,22,Rural Area,Fully Furnished,0,Poor,1250000
1625.0,3,3,8,Metro City,Semi-Furnished,1,Excellent,7000000
2400.0,4,3,4,Metro City,Semi-Furnished,2,Excellent,14000000
1220.0,2,2,21,Metro City,Semi-Furnished,1,Good,6500000
1693.0,3,3,9,Rural Area,Unfurnished,1,Poor,1100000
1800.0,3,2,12,Metro City,Semi-Furnished,1,Poor,7200000
1685.0,3,3,9,Metro City,Semi-Furnished,0,Good,9000000
1600.0,2,2,12,Metro City,Fully Furnished,1,Good,16000000
600.0,7,7,4,Metro City,Fully Furnished,1,Excellent,10800000
1330.0,3,2,24,Metro City,Unfurnished,0,Good,4700000
1110.0,2,2,10,Metro City,Semi-Furnished,2,Excellent,4600000
1050.0,2,2,5,Metro City,Semi-Furnished,1,Poor,4350000
1725.0,3,3,5,Metro City,Semi-Furnished,0,Excellent,20000000
780.0,2,2,5,Metro City,Semi-Furnished,0,Excellent,7200000
950.0,2,2,21,Metro City,Semi-Furnished,1,Good,3800000
1205.0,2,2,8,Metro City,Semi-Furnished,0,Good,6850000
1763.25,3,3,6,Metro City,Unfurnished,2,Good,9800000
1245.0,3,2,0,Metro City,Unfurnished,2,Poor,4350000
927.0,2,2,20,Metro City,Fully Furnished,2,Good,5500000
890.0,2,2,9,Metro City,Semi-Furnished,1,Good,4000000
2000.0,5,4,19,Metro City,Unfurnished,2,Good,18000000
1596.0,3,3,7,Metro City,Semi-Furnished,0,Good,8000000
1897.0,3,3,11,Tier-1 City,Unfurnished,2,Good,9000000
800.0,2,2,21,Metro City,Semi-Furnished,2,Good,5500000
1303.0,2,2,6,Metro City,Semi-Furnished,1,Excellent,4400000
1065.0,2,2,10,Tier-2 City,Semi-Furnished,3,Excellent,1200000
770.0,2,1,8,Metro City,Fully Furnished,1,Good,7000000
835.0,1,1,0,Metro City,Fully Furnished,1,Poor,4700000
605.0,1,1,16,Metro City,Semi-Furnished,2,Good,4150000
985.0,2,2,2,Metro City,Fully Furnished,1,Good,4050000
1231.0,2,2,17,Metro City,Semi-Furnished,1,Excellent,4800000
918.0,2,2,2,Tier-1 City,Semi-Furnished,2,Good,3000000
2661.0,3,3,20,Metro City,Fully Furnished,3,Poor,22650000
950.0,2,2,5,Metro City,Unfurnished,1,Good,3100000
3900.0,4,5,9,Rural Area,Unfurnished,0,Poor,4900000
1216.0,2,2,1,Rural Area,Unfurnished,0,Good,750000
1050.0,2,2,2,Metro City,Fully Furnished,2,Poor,5150000
1130.0,2,2,16,Metro City,Unfurnished,1,Poor,4500000
950.0,2,2,9,Metro City,Unfurnished,0,Good,3800000
1307.0,2,2,14,Tier-1 City,Unfurnished,0,Good,3100000
1190.0,2,2,25,Metro City,Unfurnished,1,Good,4650000
1500.0,8,6,0,Rural Area,Fully Furnished,0,Good,3250000
1187.0,2,2,7,Metro City,Fully Furnished,1,Good,5900000
1200.0,2,2,0,Tier-1 City,Unfurnished,2,Excellent,4200000
1000.0,2,2,13,Metro City,Semi-Furnished,0,Good,2900000
1168.0,2,2,1,Metro City,Semi-Furnished,1,Good,6400000
1125.0,2,2,10,Metro City,Fully Furnished,0,Good,4600000
1692.0,3,3,25,Metro City,Fully Furnished,1,Good,8300000
1270.0,3,2,22,Metro City,Semi-Furnished,2,Good,7000000
1320.0,3,2,12,Metro City,Semi-Furnished,1,Good,5000000
1365.0,3,3,20,Metro City,Fully Furnished,0,Good,5400000
1314.0,3,2,6,Metro City,Semi-Furnished,1,Poor,6300000
750.0,8,8,2,Tier-1 City,Unfurnished,3,Good,16450000
1688.0,2,2,2,Metro City,Semi-Furnished,0,Good,28000000
1470.0,2,2,22,Metro City,Fully Furnished,0,Good,17000000
1560.0,3,3,22,Rural Area,Unfurnished,2,Good,700000
1962.0,3,3,3,Tier-1 City,Fully Furnished,1,Poor,12900000
1608.0,3,2,15,Metro City,Unfurnished,1,Good,6300000
650.0,1,1,7,Metro City,Semi-Furnished,1,Poor,3000000
2000.0,3,3,0,Metro City,Semi-Furnished,0,Excellent,8500000
1394.0,2,2,10,Metro City,Unfurnished,1,Excellent,5200000
1160.0,2,2,0,Rural Area,Semi-Furnished,0,Good,650000
1200.0,2,2,21,Tier-2 City,Unfurnished,2,Good,1850000
1691.0,3,3,2,Metro City,Semi-Furnished,0,Good,11300000
3500.0,5,5,2,Metro City,Semi-Furnished,1,Good,35000000
3200.0,4,4,3,Metro City,Semi-Furnished,1,Good,37500000
1195.0,2,2,16,Rural Area,Unfurnished,3,Excellent,600000
2100.0,4,4,1,Metro City,Semi-Furnished,1,Excellent,15500000
1325.0,3,2,3,Metro City,Semi-Furnished,0,Good,9000000
1180.0,3,2,25,Tier-1 City,Unfurnished,0,Good,3500000
1225.0,2,2,0,Metro City,Unfurnished,1,Good,7100000
1200.0,3,3,16,Metro City,Semi-Furnished,2,Good,9800000
1245.0,2,2,16,Tier-1 City,Fully Furnished,1,Poor,7500000
4200.0,2,1,5,Metro City,Unfurnished,0,Good,16000000
1000.0,2,2,3,Metro City,Semi-Furnished,1,Good,3500000
944.0,2,2,9,Metro City,Semi-Furnished,1,Good,3500000
1280.0,3,3,3,Metro City,Semi-Furnished,1,Good,8700000
650.0,1,1,14,Metro City,Unfurnished,1,Good,4000000
675.0,3,3,21,Metro City,Semi-Furnished,0,Good,7000000
1025.0,2,2,25,Metro City,Semi-Furnished,0,Excellent,4200000
3515.0,3,3,1,Metro City,Unfurnished,2,Good,42000000
1200.0,3,2,25,Tier-1 City,Semi-Furnished,0,Good,3150000
2400.0,4,4,17,Metro City,Fully Furnished,0,Good,40000000
1272.5,3,2,22,Metro City,Unfurnished,2,Poor,4050000
1464.0,3,3,6,Metro City,Semi-Furnished,2,Good,5600000
1400.0,3,2,1,Metro City,Fully Furnished,2,Excellent,4050000
3012.0,4,6,19,Metro City,Semi-Furnished,2,Good,25000000
1255.0,3,3,17,Rural Area,Fully Furnished,2,Good,1000000
1670.0,4,3,3,Metro City,Unfurnished,1,Good,13500000
1262.0,2,2,3,Metro City,Semi-Furnished,3,Excellent,7500000
2800.0,4,4,8,Metro City,Semi-Furnished,2,Good,36500000
1280.0,2,2,15,Tier-2 City,Semi-Furnished,2,Good,3200000
654.0,1,1,3,Metro City,Fully Furnished,1,Good,3850000
1350.0,3,3,12,Metro City,Semi-Furnished,1,Good,38000000
3436.0,4,6,1,Metro City,Unfurnished,1,Good,47500000
1850.0,3,3,4,Rural Area,Unfurnished,1,Good,1550000
1441.0,2,2,12,Metro City,Semi-Furnished,1,Good,11500000
1035.0,2,2,11,Metro City,Unfurnished,1,Excellent,4150000
2145.0,3,3,3,Tier-1 City,Semi-Furnished,1,Good,10200000
1200.0,2,2,6,Tier-2 City,Fully Furnished,0,Good,2150000
1150.0,2,2,9,Metro City,Semi-Furnished,2,Good,9000000
1355.0,3,2,6,Metro City,Semi-Furnished,1,Excellent,4000000
1246.0,2,2,0,Metro City,Fully Furnished,1,Good,6750000
633.0,1,1,1,Metro City,Fully Furnished,2,Poor,1700000
860.0,2,2,22,Metro City,Fully Furnished,1,Poor,6550000
1640.0,3,3,8,Metro City,Unfurnished,3,Good,8800000
1976.0,3,3,11,Metro City,Semi-Furnished,1,Good,6500000
1949.0,3,3,7,Metro City,Unfurnished,1,Good,13300000
840.0,1,1,18,Metro City,Unfurnished,1,Excellent,15000000
2400.0,4,5,14,Metro City,Semi-Furnished,2,Poor,10000000
1080.0,2,2,16,Metro City,Unfurnished,2,Good,5300000
1200.0,7,6,13,Tier-2 City,Semi-Furnished,2,Good,5200000
945.0,2,2,18,Metro City,Semi-Furnished,1,Poor,5400000
1532.0,2,2,6,Metro City,Fully Furnished,1,Good,6200000
1500.0,3,3,22,Metro City,Unfurnished,1,Good,14900000
3522.0,4,5,1,Metro City,Semi-Furnished,1,Excellent,71600000
1225.0,2,2,2,Tier-1 City,Fully Furnished,0,Good,4650000
1520.0,3,3,10,Tier-2 City,Unfurnished,2,Good,6850000
2503.0,4,6,4,Metro City,Fully Furnished,1,Good,32500000
1352.0,2,3,22,Metro City,Semi-Furnished,1,Excellent,9300000
1457.0,2,2,25,Metro City,Fully Furnished,1,Good,8500000
1200.0,2,2,2,Metro City,Fully Furnished,0,Excellent,4500000
1200.0,2,2,11,Metro City,Unfurnished,2,Good,15000000
1515.0,3,2,7,Metro City,Unfurnished,0,Good,6900000
600.0,1,1,21,Metro City,Semi-Furnished,1,Poor,3300000
1175.0,2,2,0,Rural Area,Unfurnished,1,Excellent,600000
1255.0,2,2,22,Metro City,Fully Furnished,2,Good,6700000
1200.0,2,2,20,Metro City,Unfurnished,1,Excellent,4450000
1030.0,2,2,9,Metro City,Semi-Furnished,2,Good,4650000
3200.0,4,4,23,Metro City,Unfurnished,2,Excellent,44000000
1050.0,2,2,8,Metro City,Fully Furnished,0,Excellent,4000000
1156.0,2,2,5,Rural Area,Unfurnished,1,Good,650000
1452.55,2,2,18,Metro City,Unfurnished,0,Good,11000000
1180.0,2,2,9,Metro City,Fully Furnished,2,Good,6000000
925.0,2,2,22,Metro City,Unfurnished,1,Poor,3700000
1350.0,3,2,11,Metro City,Semi-Furnished,1,Good,14000000
1695.0,3,3,5,Metro City,Semi-Furnished,0,Good,9000000
2100.0,4,4,24,Metro City,Semi-Furnished,2,Good,9200000
1198.0,2,2,5,Metro City,Fully Furnished,2,Excellent,8000000
760.0,2,2,5,Metro City,Semi-Furnished,0,Excellent,3750000
1418.0,2,2,6,Tier-2 City,Semi-Furnished,2,Good,3850000
2259.0,4,5,8,Rural Area,Fully Furnished,1,Excellent,2200000
1455.0,3,2,5,Tier-1 City,Unfurnished,1,Good,6000000
975.0,2,2,8,Metro City,Fully Furnished,2,Good,2500000
1100.0,2,2,12,Metro City,Semi-Furnished,1,Good,3000000
1200.0,2,2,10,Metro City,Unfurnished,2,Excellent,6000000
2400.0,4,5,7,Metro City,Fully Furnished,1,Good,32900000
1500.0,3,2,14,Metro City,Fully Furnished,0,Poor,10000000
920.0,2,2,7,Metro City,Semi-Furnished,1,Good,4000000
3350.0,3,3,4,Metro City,Semi-Furnished,2,Good,15000000
1027.0,2,2,2,Metro City,Fully Furnished,1,Good,4300000
1700.0,3,3,4,Metro City,Fully Furnished,1,Excellent,9700000
1296.0,2,2,15,Metro City,Fully Furnished,1,Good,8000000
1200.0,3,3,22,Metro City,Fully Furnished,1,Poor,6200000
1918.0,3,3,10,Metro City,Unfurnished,1,Excellent,12900000
1500.0,9,6,6,Metro City,Unfurnished,0,Good,8000000
1800.0,3,3,4,Metro City,Unfurnished,3,Excellent,9000000
1431.5,3,3,5,Tier-1 City,Semi-Furnished,2,Excellent,4050000
1320.0,2,2,1,Metro City,Fully Furnished,1,Good,5000000
1500.0,3,3,15,Rural Area,Unfurnished,1,Poor,1050000
1110.0,2,2,11,Metro City,Unfurnished,1,Excellent,4100000
1500.0,3,3,10,Tier-1 City,Semi-Furnished,1,Good,6700000
1200.0,5,4,1,Metro City,Semi-Furnished,0,Good,15000000
1069.0,2,2,8,Rural Area,Semi-Furnished,1,Excellent,900000
1260.0,2,2,7,Metro City,Fully Furnished,2,Excellent,5900000
1500.0,3,2,23,Tier-1 City,Semi-Furnished,1,Good,5350000
1130.0,2,2,6,Tier-2 City,Unfurnished,1,Excellent,2000000
520.0,1,1,7,Metro City,Semi-Furnished,1,Good,1500000
1050.0,4,4,6,Metro City,Unfurnished,1,Good,9000000
2480.0,3,3,0,Metro City,Semi-Furnished,0,Good,24500000
3155.0,3,4,0,Metro City,Semi-Furnished,2,Good,31600000
4046.0,4,4,1,Tier-1 City,Unfurnished,0,Good,35850000
1750.0,3,3,6,Metro City,Fully Furnished,1,Good,17200000
1870.0,3,3,16,Metro City,Fully Furnished,3,Good,18500000
1200.0,5,5,6,Tier-1 City,Fully Furnished,1,Good,5600000
1360.0,4,2,14,Metro City,Fully Furnished,1,Good,4500000
1621.0,3,3,15,Metro City,Semi-Furnished,1,Good,12400000
3000.0,3,2,4,Metro City,Unfurnished,1,Good,12000000
2400.0,3,4,22,Metro City,Unfurnished,1,Good,13000000
1180.0,2,1,24,Metro City,Unfurnished,2,Excellent,5000000
6040.0,5,4,5,Metro City,Unfurnished,1,Good,17000000
901.0,2,2,4,Metro City,Semi-Furnished,2,Good,3500000
2010.0,3,3,1,Tier-2 City,Semi-Furnished,2,Good,3500000
7000.0,4,8,6,Metro City,Semi-Furnished,1,Good,45000000
1093.0,2,2,10,Metro City,Fully Furnished,0,Good,7000000
418.0,1,1,17,Metro City,Semi-Furnished,1,Good,1200000
1850.0,4,4,12,Metro City,Semi-Furnished,2,Good,8600000
1105.0,2,2,8,Metro City,Semi-Furnished,1,Excellent,7500000
2470.0,4,5,4,Metro City,Fully Furnished,1,Excellent,24700000
1300.0,7,4,2,Metro City,Semi-Furnished,2,Good,5200000
1565.0,3,2,0,Metro City,Fully Furnished,0,Poor,5600000
1060.0,2,2,3,Metro City,Semi-Furnished,2,Excellent,4850000
1440.0,4,4,0,Metro City,Unfurnished,1,Poor,8800000
4700.0,9,10,14,Metro City,Semi-Furnished,1,Good,13000000
1065.0,2,2,1,Metro City,Unfurnished,0,Excellent,3100000
1080.0,2,2,5,Tier-2 City,Semi-Furnished,0,Good,1650000
925.0,2,2,4,Metro City,Semi-Furnished,1,Excellent,7000000
2000.0,6,6,15,Metro City,Fully Furnished,2,Poor,8500000
840.0,2,2,7,Tier-2 City,Unfurnished,2,Good,850000
1435.0,3,3,2,Metro City,Semi-Furnished,2,Excellent,9000000
1349.0,2,2,2,Metro City,Semi-Furnished,2,Good,7800000
1000.0,2,2,16,Tier-2 City,Semi-Furnished,1,Good,1950000
2000.0,3,3,10,Metro City,Semi-Furnished,1,Good,8500000
1600.0,3,3,2,Metro City,Unfurnished,1,Poor,8200000
800.0,1,1,12,Metro City,Fully Furnished,1,Excellent,4000000
2025.0,4,4,4,Metro City,Fully Furnished,1,Poor,10900000
5000.0,4,4,8,Metro City,Fully Furnished,2,Excellent,30000000
800.0,4,5,15,Metro City,Unfurnished,2,Good,15500000
2597.0,4,4,15,Metro City,Unfurnished,1,Good,18900000
1371.0,3,2,2,Metro City,Semi-Furnished,2,Excellent,6500000
6000.0,8,8,6,Metro City,Fully Furnished,2,Good,21500000
1156.0,2,2,24,Metro City,Semi-Furnished,3,Excellent,3200000
1570.0,3,3,4,Metro City,Semi-Furnished,1,Good,14000000
1200.0,5,5,10,Metro City,Unfurnished,1,Good,20500000
2280.0,3,4,4,Metro City,Semi-Furnished,0,Poor,12500000
1128.0,2,2,10,Metro City,Semi-Furnished,1,Good,5900000
4000.0,4,4,1,Metro City,Unfurnished,1,Good,52000000
1098.0,2,2,2,Metro City,Unfurnished,2,Excellent,6800000
1450.0,3,2,4,Metro City,Fully Furnished,0,Good,5500000
1020.0,3,3,13,Metro City,Semi-Furnished,1,Good,11000000
1130.0,2,2,7,Metro City,Semi-Furnished,2,Good,7300000
2790.0,3,3,21,Metro City,Fully Furnished,1,Good,95000000
3730.0,4,4,15,Metro City,Semi-Furnished,2,Good,37000000
900.0,5,5,9,Metro City,Semi-Furnished,2,Good,11000000
1230.0,8,6,3,Metro City,Semi-Furnished,1,Poor,25000000
1125.0,2,1,21,Metro City,Semi-Furnished,1,Good,4500000
1200.0,2,2,3,Metro City,Fully Furnished,1,Good,5800000
1290.0,3,2,1,Metro City,Semi-Furnished,1,Poor,6200000
2040.0,5,4,24,Metro City,Fully Furnished,0,Good,50000000
1020.0,2,2,12,Metro City,Semi-Furnished,1,Good,4300000
1590.0,3,2,4,Metro City,Fully Furnished,1,Good,8500000
957.0,2,2,15,Metro City,Unfurnished,0,Good,5500000
581.0,1,1,7,Metro City,Unfurnished,1,Excellent,2900000
825.0,1,1,11,Metro City,Fully Furnished,1,Poor,4500000
500.0,1,1,6,Metro City,Unfurnished,1,Excellent,1400000
1162.0,2,2,9,Tier-1 City,Fully Furnished,1,Excellent,3650000
1075.0,3,2,8,Metro City,Fully Furnished,1,Good,3700000
812.0,1,1,8,Metro City,Unfurnished,2,Excellent,2600000
1800.0,3,3,1,Metro City,Fully Furnished,1,Excellent,19200000
1860.0,3,3,13,Metro City,Unfurnished,1,Excellent,9500000
2511.0,3,3,1,Metro City,Semi-Furnished,1,Excellent,20500000
1200.0,4,6,12,Metro City,Unfurnished,0,Good,17000000
1180.0,2,2,15,Metro City,Semi-Furnished,3,Good,10000000
1485.0,3,2,18,Tier-1 City,Semi-Furnished,0,Good,3800000
1140.0,2,2,1,Tier-2 City,Unfurnished,2,Poor,2150000
814.0,2,2,10,Metro City,Unfurnished,2,Excellent,5500000
1165.0,2,2,0,Metro City,Fully Furnished,1,Good,4500000
2215.0,3,4,4,Rural Area,Fully Furnished,2,Good,2050000
1884.0,3,4,8,Tier-1 City,Semi-Furnished,1,Poor,8100000
550.0,2,1,9,Metro City,Fully Furnished,0,Excellent,2700000
1415.0,3,2,0,Metro City,Unfurnished,2,Good,7400000
982.0,2,2,1,Metro City,Semi-Furnished,1,Good,2500000
1410.0,3,2,1,Metro City,Fully Furnished,1,Excellent,4500000
1025.0,2,1,7,Metro City,Semi-Furnished,1,Good,2650000
1030.0,2,2,7,Metro City,Semi-Furnished,1,Excellent,8000000
600.0,3,3,24,Metro City,Semi-Furnished,1,Poor,9000000
1255.0,3,3,5,Rural Area,Unfurnished,1,Good,1450000
1615.0,3,3,11,Metro City,Semi-Furnished,1,Excellent,6950000
1200.0,4,3,7,Metro City,Semi-Furnished,2,Good,9500000
825.0,1,1,13,Metro City,Semi-Furnished,0,Good,4500000
1165.0,2,2,9,Metro City,Unfurnished,3,Good,13500000
1178.0,2,2,1,Rural Area,Semi-Furnished,2,Excellent,700000
1450.0,3,3,20,Metro City,Semi-Furnished,0,Good,6800000
1370.0,3,2,11,Metro City,Semi-Furnished,1,Good,7500000
700.0,1,1,6,Metro City,Unfurnished,1,Excellent,5900000
1300.0,2,2,17,Metro City,Unfurnished,1,Good,6500000
600.0,1,2,3,Metro City,Unfurnished,2,Excellent,3500000
650.0,1,1,4,Metro City,Fully Furnished,1,Excellent,2600000
2160.0,3,3,3,Metro City,Unfurnished,1,Excellent,17000000
500.0,1,1,9,Tier-2 City,Semi-Furnished,1,Excellent,650000
1080.0,2,2,4,Metro City,Unfurnished,1,Good,3900000
1672.0,4,3,24,Metro City,Fully Furnished,1,Excellent,19000000
1640.0,3,3,0,Tier-1 City,Semi-Furnished,1,Good,6150000
2400.0,3,3,13,Metro City,Fully Furnished,1,Good,16000000
1700.0,3,3,7,Metro City,Semi-Furnished,1,Excellent,7700000
1077.0,2,2,9,Metro City,Semi-Furnished,1,Good,3450000
893.0,2,2,4,Metro City,Semi-Furnished,1,Good,3450000
700.0,1,1,5,Metro City,Semi-Furnished,1,Excellent,16200000
1155.0,2,2,16,Rural Area,Fully Furnished,0,Good,800000
814.0,2,2,8,Tier-1 City,Unfurnished,0,Good,2950000
1162.0,2,2,22,Metro City,Fully Furnished,0,Good,6400000
6150.0,7,6,6,Metro City,Semi-Furnished,1,Good,83000000
2700.0,4,4,18,Metro City,Fully Furnished,2,Excellent,45000000
2000.0,4,4,7,Tier-2 City,Semi-Furnished,0,Good,4200000
1445.0,3,3,20,Metro City,Unfurnished,2,Good,5000000
1985.0,3,3,2,Tier-1 City,Unfurnished,1,Good,10000000
935.0,2,2,11,Metro City,Semi-Furnished,1,Excellent,3250000
1100.0,2,3,13,Metro City,Fully Furnished,0,Good,12500000
1060.0,2,2,9,Metro City,Semi-Furnished,1,Excellent,6200000
800.0,2,2,11,Metro City,Semi-Furnished,2,Good,3300000
1930.0,3,2,0,Metro City,Fully Furnished,2,Excellent,5800000
1031.0,2,2,15,Metro City,Semi-Furnished,2,Excellent,5500000
2559.0,3,3,8,Metro City,Semi-Furnished,1,Good,40300000
1313.0,2,2,1,Metro City,Semi-Furnished,0,Good,5850000
1600.0,3,3,10,Metro City,Semi-Furnished,1,Good,13000000
1455.0,3,2,19,Metro City,Semi-Furnished,1,Good,5500000
1500.0,3,3,25,Metro City,Unfurnished,0,Excellent,7550000
1365.0,3,2,0,Rural Area,Unfurnished,1,Good,500000
1520.0,3,2,19,Metro City,Unfurnished,1,Good,8100000
1181.0,2,2,20,Metro City,Semi-Furnished,1,Good,5500000
1787.0,3,3,13,Metro City,Semi-Furnished,0,Excellent,10700000
600.0,3,4,7,Metro City,Fully Furnished,2,Excellent,11000000
1693.0,3,3,22,Tier-1 City,Semi-Furnished,2,Good,4550000
1210.0,2,2,7,Metro City,Fully Furnished,1,Good,6000000
1044.0,2,2,9,Metro City,Semi-Furnished,0,Poor,3500000
1015.0,2,2,2,Metro City,Semi-Furnished,1,Good,5800000
600.0,1,1,8,Metro City,Unfurnished,1,Excellent,2800000
3675.0,4,4,3,Metro City,Semi-Furnished,2,Excellent,36700000
2000.0,6,6,18,Metro City,Semi-Furnished,2,Good,30000000
1740.0,3,3,20,Metro City,Unfurnished,1,Poor,8500000
1600.0,3,3,0,Metro City,Fully Furnished,0,Poor,26000000
1200.0,5,5,19,Metro City,Unfurnished,2,Good,20000000
1100.0,2,2,1,Rural Area,Semi-Furnished,2,Excellent,500000
1799.0,6,6,0,Metro City,Semi-Furnished,1,Good,10100000
909.0,2,2,24,Metro City,Unfurnished,1,Good,4100000
1200.0,5,5,2,Metro City,Semi-Furnished,1,Good,16000000
2485.0,4,4,12,Metro City,Unfurnished,2,Excellent,19800000
2405.0,3,4,3,Metro City,Semi-Furnished,2,Excellent,26000000
1800.0,3,3,4,Metro City,Semi-Furnished,1,Excellent,5300000
1715.0,3,3,2,Metro City,Semi-Furnished,2,Good,9500000
1600.0,3,3,18,Tier-2 City,Fully Furnished,2,Good,3900000
2760.0,4,4,4,Metro City,Fully Furnished,1,Good,29000000
1330.0,3,2,3,Tier-1 City,Semi-Furnished,1,Excellent,4700000
1240.0,2,2,3,Metro City,Fully Furnished,0,Excellent,8000000
1240.0,5,5,21,Tier-1 City,Fully Furnished,1,Excellent,16850000
1206.0,2,2,14,Tier-2 City,Semi-Furnished,2,Excellent,1250000
4144.0,4,4,8,Rural Area,Semi-Furnished,0,Good,3050000
1200.0,5,4,19,Tier-1 City,Unfurnished,2,Excellent,13000000
1717.0,3,3,11,Tier-2 City,Unfurnished,2,Good,6850000
1513.0,3,3,0,Tier-1 City,Unfurnished,1,Good,8100000
1149.0,2,2,2,Metro City,Unfurnished,0,Good,13000000
1567.0,2,2,10,Metro City,Unfurnished,3,Good,9200000
1105.0,2,2,10,Metro City,Unfurnished,1,Good,4150000
3200.0,4,4,19,Metro City,Semi-Furnished,2,Excellent,70000000
1215.0,2,2,16,Tier-2 City,Unfurnished,1,Good,2950000
1575.0,5,4,6,Tier-1 City,Unfurnished,0,Good,8800000
2390.0,3,3,5,Tier-1 City,Semi-Furnished,0,Good,23950000
2720.0,4,4,10,Metro City,Unfurnished,1,Excellent,48500000
1600.0,3,3,0,Tier-1 City,Semi-Furnished,1,Excellent,6500000
1025.0,2,2,7,Metro City,Fully Furnished,2,Good,2950000
1436.0,3,3,2,Metro City,Fully Furnished,2,Excellent,7500000
1517.0,3,3,1,Metro City,Fully Furnished,1,Good,10000000
1256.0,2,2,1,Metro City,Semi-Furnished,2,Excellent,6300000
1190.0,2,2,19,Metro City,Semi-Furnished,1,Poor,6000000
1206.0,2,2,5,Metro City,Semi-Furnished,1,Good,9000000
1140.0,2,2,2,Tier-1 City,Semi-Furnished,2,Good,3550000
1152.0,2,2,10,Metro City,Semi-Furnished,2,Good,5700000
1656.0,3,3,0,Metro City,Unfurnished,2,Good,7500000
1170.0,2,2,2,Metro City,Unfurnished,1,Good,3800000
1253.0,2,2,5,Metro City,Semi-Furnished,1,Good,6600000
3000.0,4,4,10,Metro City,Unfurnished,1,Excellent,16000000
1200.0,2,2,18,Metro City,Semi-Furnished,0,Poor,4250000
3815.0,3,3,6,Metro City,Unfurnished,0,Good,76300000
1580.0,3,2,15,Metro City,Unfurnished,1,Good,6500000
1050.0,2,2,22,Metro City,Semi-Furnished,0,Poor,3700000
700.0,2,2,2,Metro City,Semi-Furnished,2,Excellent,3500000
1665.0,3,3,8,Tier-2 City,Fully Furnished,1,Good,3700000
1150.0,2,2,1,Metro City,Unfurnished,1,Excellent,4500000
1200.0,2,2,0,Metro City,Semi-Furnished,1,Poor,6200000
1200.0,2,2,3,Metro City,Fully Furnished,1,Good,4300000
2900.0,3,3,12,Metro City,Semi-Furnished,2,Poor,28500000
933.0,2,2,0,Tier-1 City,Unfurnished,1,Good,2950000
2760.0,5,5,0,Metro City,Fully Furnished,1,Good,14000000
1875.0,3,3,7,Metro City,Unfurnished,2,Good,5500000
1412.0,3,2,20,Metro City,Fully Furnished,0,Excellent,8800000
1445.0,3,2,10,Metro City,Unfurnished,2,Excellent,8950000
1900.0,3,2,16,Metro City,Fully Furnished,1,Excellent,6500000
1151.0,2,2,11,Metro City,Semi-Furnished,1,Poor,3900000
1914.0,3,3,3,Metro City,Semi-Furnished,2,Good,17900000
1469.0,3,3,3,Metro City,Unfurnished,1,Good,8900000
1128.0,2,2,8,Metro City,Semi-Furnished,3,Excellent,7500000
3300.0,5,3,19,Metro City,Semi-Furnished,1,Good,25500000
1100.0,3,2,0,Metro City,Fully Furnished,1,Good,7800000
1001.0,2,2,20,Rural Area,Semi-Furnished,1,Good,500000
6500.0,4,5,3,Metro City,Semi-Furnished,1,Poor,140000000
1200.0,4,2,9,Metro City,Unfurnished,0,Excellent,7500000
1195.0,2,2,5,Metro City,Semi-Furnished,2,Good,4400000
1215.0,2,2,13,Tier-1 City,Unfurnished,1,Good,3700000
1200.0,5,5,2,Rural Area,Semi-Furnished,3,Excellent,950000
650.0,2,1,7,Metro City,Semi-Furnished,1,Good,4000000
1195.0,2,2,16,Metro City,Semi-Furnished,3,Excellent,5900000
3175.0,4,4,10,Metro City,Semi-Furnished,1,Excellent,15600000
1220.0,3,3,11,Metro City,Semi-Furnished,1,Good,3500000
3500.0,3,3,0,Tier-2 City,Semi-Furnished,1,Excellent,15550000
1260.0,2,2,3,Metro City,Semi-Furnished,1,Good,4800000
1500.0,4,5,9,Metro City,Fully Furnished,1,Good,22000000
1191.0,2,2,1,Tier-1 City,Unfurnished,2,Good,7200000
600.0,1,1,18,Metro City,Semi-Furnished,1,Excellent,12500000
1200.0,2,3,1,Metro City,Unfurnished,3,Good,4400000
720.0,1,1,5,Metro City,Unfurnished,2,Good,6000000
940.0,2,2,11,Metro City,Unfurnished,1,Good,5400000
1094.0,2,2,10,Tier-2 City,Unfurnished,2,Excellent,1800000
1405.0,2,2,12,Metro City,Semi-Furnished,3,Good,9900000
800.0,1,1,3,Metro City,Fully Furnished,2,Excellent,3200000
1020.0,2,2,0,Metro City,Unfurnished,1,Good,4100000
1170.0,2,2,2,Tier-1 City,Semi-Furnished,1,Excellent,3750000
1450.0,3,2,5,Metro City,Semi-Furnished,3,Good,6700000
930.0,2,2,5,Metro City,Semi-Furnished,1,Poor,2500000
1620.0,3,3,9,Metro City,Unfurnished,1,Good,6500000
1170.0,2,2,8,Metro City,Fully Furnished,0,Poor,5300000
1200.0,2,2,18,Metro City,Fully Furnished,0,Good,4550000
1410.0,2,2,6,Metro City,Fully Furnished,0,Good,7300000
1100.0,2,2,8,Metro City,Unfurnished,2,Excellent,4200000
2439.0,4,4,16,Metro City,Fully Furnished,0,Good,18500000
2500.0,3,3,7,Metro City,Fully Furnished,1,Good,10000000
1398.0,2,2,13,Metro City,Unfurnished,1,Good,9700000
1532.5,3,3,6,Metro City,Fully Furnished,3,Good,8450000
2400.0,3,3,11,Metro City,Fully Furnished,2,Good,34800000
2400.0,4,4,3,Metro City,Fully Furnished,0,Excellent,13000000
975.0,2,2,0,Metro City,Semi-Furnished,1,Good,6500000
1418.0,2,2,11,Metro City,Fully Furnished,0,Excellent,10600000
565.0,2,2,3,Tier-2 City,Unfurnished,3,Good,500000
1600.0,3,3,16,Metro City,Semi-Furnished,0,Good,6500000
2700.0,4,3,21,Metro City,Semi-Furnished,1,Excellent,9000000
950.0,1,1,6,Metro City,Unfurnished,1,Excellent,4000000
1279.0,2,2,11,Tier-1 City,Semi-Furnished,2,Poor,5350000
1210.0,2,2,9,Metro City,Unfurnished,1,Excellent,7200000
800.0,2,1,7,Metro City,Semi-Furnished,2,Excellent,5000000
3500.0,3,3,9,Rural Area,Unfurnished,2,Good,3300000
1023.0,2,2,11,Rural Area,Semi-Furnished,0,Good,700000
1515.0,3,2,6,Metro City,Unfurnished,0,Good,7600000
3895.0,3,3,4,Metro City,Fully Furnished,1,Excellent,39000000
951.0,2,2,6,Metro City,Unfurnished,2,Excellent,3050000
775.0,1,1,11,Metro City,Fully Furnished,1,Excellent,3900000
1100.0,2,2,8,Tier-1 City,Unfurnished,1,Good,3150000
1220.0,3,3,10,Metro City,Fully Furnished,1,Excellent,6200000
1430.0,3,2,13,Tier-2 City,Fully Furnished,1,Excellent,2450000
1452.0,3,2,16,Metro City,Fully Furnished,0,Excellent,4100000
600.0,3,5,8,Rural Area,Fully Furnished,1,Excellent,1600000
1140.0,2,2,3,Metro City,Unfurnished,1,Good,3300000
3800.0,4,4,9,Metro City,Fully Furnished,2,Poor,20500000
1089.0,2,2,11,Metro City,Semi-Furnished,2,Excellent,4900000
1655.0,3,3,3,Rural Area,Unfurnished,1,Good,1100000
1484.0,3,3,19,Metro City,Semi-Furnished,3,Excellent,7900000
750.0,2,2,19,Metro City,Unfurnished,2,Good,3300000
918.0,2,2,4,Metro City,Unfurnished,1,Poor,6300000
1019.0,2,2,17,Metro City,Fully Furnished,0,Excellent,5000000
1181.0,2,2,21,Metro City,Fully Furnished,0,Good,5500000
1125.0,2,2,0,Metro City,Semi-Furnished,0,Excellent,4000000
1200.0,3,2,1,Metro City,Unfurnished,3,Good,7500000
1050.0,2,2,4,Metro City,Unfurnished,1,Good,4200000
1285.0,2,2,6,Tier-1 City,Semi-Furnished,1,Good,3700000
1125.0,2,2,16,Tier-2 City,Semi-Furnished,1,Good,2250000
845.0,2,2,12,Metro City,Semi-Furnished,1,Good,3700000
705.0,1,1,4,Metro City,Fully Furnished,2,Good,5700000
1205.0,2,2,22,Metro City,Semi-Furnished,2,Excellent,6600000
2774.0,4,4,15,Tier-2 City,Unfurnished,0,Poor,8900000
1980.0,3,4,15,Metro City,Semi-Furnished,2,Good,18000000
1235.0,2,2,3,Metro City,Unfurnished,1,Good,4700000
693.0,1,1,13,Metro City,Unfurnished,0,Good,2750000
1200.0,2,2,10,Metro City,Fully Furnished,3,Excellent,7000000
1410.0,2,2,11,Metro City,Semi-Furnished,1,Excellent,12500000
1125.0,2,2,0,Metro City,Semi-Furnished,1,Excellent,5400000
1450.0,3,3,12,Metro City,Semi-Furnished,0,Good,6100000
1200.0,2,2,21,Metro City,Semi-Furnished,0,Good,4400000
1500.0,3,2,10,Metro City,Fully Furnished,0,Good,6200000
1450.0,3,3,11,Metro City,Semi-Furnished,2,Good,10000000
1268.0,2,2,18,Metro City,Semi-Furnished,2,Excellent,5800000
1750.0,3,3,3,Metro City,Semi-Furnished,1,Good,17000000
3100.0,4,4,2,Metro City,Unfurnished,2,Excellent,46500000
2400.0,5,5,3,Tier-1 City,Semi-Furnished,3,Good,18100000
950.0,2,2,2,Metro City,Fully Furnished,3,Good,2500000
1156.0,2,2,7,Metro City,Fully Furnished,1,Good,5200000
1897.0,3,4,5,Tier-1 City,Semi-Furnished,0,Good,6750000
1425.0,3,2,1,Tier-2 City,Semi-Furnished,1,Poor,2900000
1360.0,3,2,3,Tier-1 City,Unfurnished,1,Good,4650000
1113.0,2,2,10,Metro City,Fully Furnished,1,Excellent,5500000
1365.0,2,2,6,Metro City,Semi-Furnished,3,Excellent,12200000
1500.0,4,4,13,Metro City,Fully Furnished,1,Good,20000000
1185.5,2,2,14,Metro City,Unfurnished,2,Good,5850000
1200.0,5,5,22,Metro City,Fully Furnished,1,Good,8500000
1194.0,2,2,3,Metro City,Fully Furnished,1,Excellent,4600000
1664.0,3,3,19,Tier-1 City,Unfurnished,2,Poor,4300000
2135.0,4,3,17,Metro City,Fully Furnished,1,Good,14900000
4550.0,4,2,14,Metro City,Semi-Furnished,1,Poor,24000000
1155.0,2,2,2,Metro City,Unfurnished,2,Excellent,5550000
950.0,2,2,10,Rural Area,Semi-Furnished,2,Good,500000
3075.0,4,2,1,Metro City,Semi-Furnished,2,Excellent,18800000
1395.0,2,2,3,Metro City,Unfurnished,1,Excellent,7500000
1350.0,3,3,0,Metro City,Fully Furnished,0,Good,4850000
1350.0,2,2,9,Tier-1 City,Unfurnished,1,Good,7200000
1505.0,3,3,1,Metro City,Unfurnished,0,Good,7800000
1303.0,2,2,8,Tier-1 City,Semi-Furnished,1,Excellent,7200000
1315.0,2,2,8,Metro City,Semi-Furnished,2,Excellent,6050000
1445.0,3,3,8,Metro City,Semi-Furnished,1,Good,6400000
4450.0,4,6,4,Metro City,Unfurnished,1,Good,44900000
990.0,2,2,20,Metro City,Fully Furnished,1,Good,4450000
1867.0,3,3,18,Metro City,Unfurnished,1,Poor,16000000
1250.0,2,2,0,Metro City,Fully Furnished,2,Excellent,6800000
1360.0,3,2,5,Tier-2 City,Unfurnished,2,Good,2650000
1229.0,2,2,8,Metro City,Semi-Furnished,1,Poor,7000000
1500.0,3,2,17,Tier-1 City,Semi-Furnished,1,Good,5250000
1308.0,2,2,1,Metro City,Semi-Furnished,2,Poor,5900000
750.0,1,2,1,Metro City,Fully Furnished,2,Good,5000000
1879.0,3,3,4,Rural Area,Unfurnished,1,Excellent,1450000
1750.0,4,4,23,Metro City,Semi-Furnished,1,Good,26300000
1200.0,2,2,5,Metro City,Semi-Furnished,3,Good,7600000
1750.0,3,3,3,Rural Area,Fully Furnished,0,Excellent,1200000
1550.0,3,2,24,Metro City,Semi-Furnished,0,Good,8900000
1496.0,3,2,10,Metro City,Semi-Furnished,1,Good,7800000
1386.0,4,3,13,Metro City,Unfurnished,1,Good,9300000
1800.0,3,3,7,Metro City,Fully Furnished,1,Good,9500000
925.0,2,2,2,Metro City,Semi-Furnished,1,Excellent,6800000
1105.0,2,2,19,Metro City,Semi-Furnished,1,Good,2800000
2400.0,4,4,3,Metro City,Unfurnished,0,Good,37500000
1636.0,3,3,0,Metro City,Fully Furnished,1,Excellent,8500000
600.0,1,1,1,Metro City,Fully Furnished,2,Excellent,5000000
1495.0,3,2,0,Metro City,Semi-Furnished,0,Good,7500000
1360.0,3,2,14,Metro City,Semi-Furnished,1,Excellent,5450000
1105.0,2,2,0,Metro City,Unfurnished,3,Poor,3550000
1040.0,2,2,2,Metro City,Semi-Furnished,2,Excellent,7500000
1390.0,3,2,11,Metro City,Semi-Furnished,0,Good,5000000
600.0,6,6,2,Metro City,Fully Furnished,0,Good,8000000
1065.0,2,2,6,Metro City,Unfurnished,1,Excellent,3100000
1165.0,2,2,1,Metro City,Unfurnished,1,Good,6400000
1492.0,3,3,1,Metro City,Semi-Furnished,0,Excellent,8800000
1290.0,2,2,5,Metro City,Semi-Furnished,1,Good,7300000
1430.0,3,2,0,Metro City,Fully Furnished,3,Good,5150000
2849.0,4,5,9,Metro City,Fully Furnished,0,Good,25000000
2600.0,4,4,15,Metro City,Fully Furnished,1,Good,9800000
950.0,2,2,22,Tier-2 City,Unfurnished,0,Good,1600000
935.0,2,2,4,Metro City,Unfurnished,2,Good,3550000
1196.0,2,2,9,Metro City,Semi-Furnished,3,Excellent,9600000
600.0,9,9,1,Metro City,Fully Furnished,1,Good,19000000
935.0,2,2,10,Metro City,Unfurnished,1,Good,5150000
1925.0,3,3,12,Metro City,Semi-Furnished,0,Excellent,12000000
1837.0,3,3,2,Metro City,Unfurnished,0,Poor,11000000
960.0,2,2,21,Metro City,Unfurnished,1,Good,4800000
1015.0,2,2,20,Metro City,Semi-Furnished,0,Good,5600000
4303.5,4,4,5,Metro City,Semi-Furnished,0,Good,22600000
1190.0,2,2,9,Metro City,Semi-Furnished,1,Good,6800000
1485.0,3,2,9,Metro City,Semi-Furnished,1,Poor,6700000
1853.0,3,3,17,Metro City,Fully Furnished,0,Good,6500000
2000.0,3,3,2,Tier-1 City,Unfurnished,1,Good,5600000
3060.0,4,4,6,Metro City,Semi-Furnished,1,Excellent,35000000
1061.0,2,2,16,Metro City,Unfurnished,0,Excellent,3400000
2345.0,3,3,1,Metro City,Semi-Furnished,1,Good,29300000
1719.0,3,3,0,Metro City,Unfurnished,3,Poor,13500000
2400.0,5,5,16,Metro City,Unfurnished,1,Good,28500000
675.0,3,2,3,Metro City,Semi-Furnished,1,Good,14800000
1200.0,2,2,5,Metro City,Semi-Furnished,1,Excellent,3500000
621.0,7,7,4,Metro City,Semi-Furnished,2,Good,6400000
3530.0,4,4,18,Metro City,Semi-Furnished,2,Good,29000000
1465.0,3,2,6,Metro City,Unfurnished,2,Poor,4600000
1280.0,3,3,5,Metro City,Fully Furnished,1,Excellent,5050000
1610.0,3,2,16,Metro City,Unfurnished,3,Good,6450000
1464.0,2,2,18,Metro City,Unfurnished,1,Good,5600000
1500.0,3,2,15,Metro City,Unfurnished,1,Poor,14300000
1340.0,2,2,6,Metro City,Semi-Furnished,3,Good,4100000
3657.0,5,5,0,Metro City,Unfurnished,0,Good,31000000
1420.0,2,2,2,Metro City,Semi-Furnished,1,Good,9950000
1246.0,2,2,1,Metro City,Fully Furnished,1,Good,6250000
755.0,1,1,6,Metro City,Unfurnished,1,Good,4250000
800.0,6,6,3,Metro City,Unfurnished,1,Poor,9800000
1200.0,2,2,2,Rural Area,Unfurnished,1,Good,500000
1330.0,5,5,17,Tier-2 City,Unfurnished,2,Good,7550000
1000.0,2,2,9,Metro City,Unfurnished,2,Good,15000000
10000.0,4,4,17,Metro City,Semi-Furnished,1,Good,45000000
3150.0,4,4,6,Metro City,Semi-Furnished,1,Good,50000000
1085.0,2,2,10,Metro City,Fully Furnished,1,Poor,3600000
1050.0,8,5,3,Metro City,Fully Furnished,0,Good,8000000
740.0,2,1,8,Metro City,Semi-Furnished,1,Poor,2200000
1639.0,3,3,14,Metro City,Fully Furnished,2,Good,10700000
400.0,1,1,2,Metro City,Semi-Furnished,1,Good,5500000
1450.0,3,3,5,Metro City,Unfurnished,1,Poor,7900000
4250.0,6,6,8,Metro City,Fully Furnished,1,Poor,15000000
2095.0,3,3,25,Metro City,Unfurnished,2,Good,14200000
1620.0,3,2,6,Metro City,Unfurnished,0,Good,7600000
1800.0,4,4,18,Metro City,Fully Furnished,2,Excellent,23000000
3761.0,3,3,22,Metro City,Semi-Furnished,2,Good,65000000
525.0,1,1,7,Metro City,Semi-Furnished,1,Excellent,2700000
1160.0,2,2,9,Metro City,Semi-Furnished,1,Good,13000000
1346.0,2,2,2,Tier-2 City,Semi-Furnished,1,Excellent,3150000
2047.0,3,3,13,Metro City,Unfurnished,1,Excellent,6750000
1900.0,3,3,3,Metro City,Fully Furnished,1,Good,9900000
1162.0,2,2,3,Metro City,Semi-Furnished,2,Excellent,6900000
4500.0,3,4,0,Metro City,Fully Furnished,1,Good,36000000
2200.0,3,2,15,Metro City,Fully Furnished,2,Poor,9900000
1200.0,2,2,2,Metro City,Unfurnished,2,Excellent,4600000
1006.0,2,2,15,Metro City,Fully Furnished,1,Poor,3500000
1525.0,3,3,16,Metro City,Unfurnished,1,Good,6500000
1070.0,2,2,1,Tier-2 City,Unfurnished,1,Good,1600000
885.0,2,2,4,Metro City,Semi-Furnished,2,Excellent,4000000
3067.0,4,4,12,Metro City,Unfurnished,2,Good,31000000
1385.0,3,3,1,Metro City,Unfurnished,1,Good,6400000
1100.0,2,2,3,Metro City,Unfurnished,1,Good,3700000
600.0,1,1,12,Metro City,Fully Furnished,2,Excellent,2000000
1200.0,4,4,23,Metro City,Semi-Furnished,1,Good,23000000
600.0,2,2,15,Metro City,Fully Furnished,0,Good,8000000
1247.0,2,2,10,Metro City,Unfurnished,2,Excellent,5850000
1400.0,3,2,22,Metro City,Semi-Furnished,0,Poor,8000000
1540.0,4,4,3,Metro City,Fully Furnished,2,Good,4500000
1390.0,3,2,2,Metro City,Semi-Furnished,1,Good,6250000
674.0,2,1,1,Metro City,Unfurnished,1,Excellent,2000000
1140.0,2,2,1,Metro City,Semi-Furnished,0,Good,5550000
3329.0,3,3,3,Tier-2 City,Fully Furnished,1,Good,11800000
1213.0,2,2,0,Metro City,Unfurnished,1,Excellent,3800000
1185.0,2,2,9,Metro City,Semi-Furnished,1,Good,4100000
1981.0,3,3,7,Metro City,Unfurnished,1,Good,13400000
1600.0,3,3,18,Metro City,Semi-Furnished,2,Good,10200000
2925.0,5,5,11,Metro City,Unfurnished,1,Good,93600000
800.0,2,1,4,Metro City,Unfurnished,1,Excellent,2000000
1224.0,2,2,1,Tier-1 City,Fully Furnished,1,Excellent,7050000
1125.0,2,2,9,Metro City,Semi-Furnished,0,Poor,4700000
2400.0,3,3,0,Metro City,Unfurnished,1,Excellent,18000000
1900.0,3,4,6,Tier-1 City,Semi-Furnished,1,Good,9600000
1100.0,2,2,2,Metro City,Semi-Furnished,0,Excellent,6800000
850.0,2,2,20,Metro City,Unfurnished,1,Excellent,2550000
1430.0,3,2,13,Metro City,Fully Furnished,1,Excellent,5500000
1187.0,2,2,20,Rural Area,Semi-Furnished,0,Good,700000
1397.0,3,3,0,Metro City,Fully Furnished,3,Excellent,10500000
950.0,2,2,3,Metro City,Unfurnished,1,Excellent,4550000
1762.0,3,3,20,Metro City,Unfurnished,0,Excellent,11200000
4920.0,4,4,6,Metro City,Semi-Furnished,1,Good,39350000
1590.0,3,2,1,Metro City,Unfurnished,1,Good,12500000
1105.0,2,2,1,Rural Area,Unfurnished,1,Excellent,500000
1894.0,3,4,19,Metro City,Unfurnished,2,Good,11400000
1350.0,3,3,24,Metro City,Semi-Furnished,0,Good,19500000
1710.0,3,3,17,Metro City,Unfurnished,1,Excellent,10000000
1490.0,3,3,1,Metro City,Fully Furnished,1,Poor,7900000
1099.0,2,2,9,Metro City,Semi-Furnished,1,Good,6500000
1500.0,3,4,4,Tier-2 City,Unfurnished,1,Good,7200000
2600.0,4,4,15,Tier-1 City,Fully Furnished,1,Good,7450000
1645.0,3,3,10,Metro City,Semi-Furnished,0,Poor,12100000
675.0,4,3,21,Tier-2 City,Semi-Furnished,1,Excellent,1950000
1778.0,3,3,21,Metro City,Semi-Furnished,0,Good,12200000
1232.0,2,2,13,Metro City,Fully Furnished,3,Excellent,6950000
2760.0,4,4,4,Rural Area,Semi-Furnished,1,Good,4350000
1490.0,3,2,8,Metro City,Unfurnished,2,Excellent,9200000
1070.0,2,2,1,Metro City,Fully Furnished,1,Good,4200000
810.0,4,4,1,Metro City,Fully Furnished,2,Poor,5000000
2425.0,4,5,22,Tier-2 City,Unfurnished,2,Good,9150000
1200.0,2,2,8,Metro City,Unfurnished,1,Excellent,5250000
1210.0,2,2,14,Metro City,Unfurnished,1,Excellent,7500000
1610.0,3,3,12,Metro City,Unfurnished,1,Poor,8450000
1635.0,3,3,2,Metro City,Unfurnished,0,Good,6200000
1800.0,6,6,9,Metro City,Fully Furnished,2,Good,10100000
1225.0,2,2,19,Metro City,Unfurnished,1,Poor,4800000
1120.0,2,2,19,Tier-2 City,Unfurnished,0,Excellent,1800000
1194.0,2,2,2,Metro City,Semi-Furnished,1,Good,5100000
1200.0,4,2,6,Metro City,Fully Furnished,0,Good,12500000
1629.0,3,3,4,Metro City,Semi-Furnished,2,Excellent,7900000
675.0,4,3,21,Rural Area,Unfurnished,1,Excellent,650000
1460.0,3,2,20,Rural Area,Semi-Furnished,0,Poor,1150000
1211.0,2,2,18,Metro City,Fully Furnished,2,Good,6300000
2400.0,4,5,1,Metro City,Unfurnished,1,Good,8500000
1500.0,3,2,2,Rural Area,Semi-Furnished,1,Excellent,1100000
1860.0,3,3,7,Tier-1 City,Semi-Furnished,2,Excellent,8950000
780.0,1,1,11,Metro City,Semi-Furnished,1,Excellent,5500000
1175.0,2,2,5,Rural Area,Fully Furnished,1,Good,500000
1280.0,3,2,2,Metro City,Fully Furnished,2,Poor,4900000
965.0,1,1,6,Metro City,Semi-Furnished,0,Good,3200000
1608.0,2,2,12,Tier-1 City,Fully Furnished,2,Good,6100000
1133.0,2,2,1,Metro City,Unfurnished,2,Good,5200000
1320.0,2,2,9,Metro City,Unfurnished,1,Poor,16000000
877.0,1,1,0,Metro City,Fully Furnished,1,Good,5900000
3680.0,5,4,16,Tier-1 City,Semi-Furnished,3,Good,27800000
1215.0,3,2,5,Rural Area,Fully Furnished,1,Good,600000
883.0,2,2,0,Tier-1 City,Semi-Furnished,1,Good,2450000
645.0,1,1,23,Metro City,Unfurnished,1,Excellent,3400000
1470.0,4,4,3,Metro City,Semi-Furnished,1,Good,3450000
860.0,2,2,16,Metro City,Semi-Furnished,1,Good,5600000
1555.0,3,3,2,Metro City,Semi-Furnished,1,Good,5200000
1240.0,2,2,8,Metro City,Unfurnished,2,Poor,5500000
1194.0,2,2,10,Metro City,Semi-Furnished,2,Excellent,4600000
1884.0,3,4,8,Tier-2 City,Unfurnished,1,Poor,4400000
1060.0,2,2,16,Metro City,Fully Furnished,0,Poor,6500000
1919.0,3,3,11,Metro City,Fully Furnished,1,Excellent,11700000
600.0,3,3,1,Metro City,Semi-Furnished,1,Excellent,6900000
2095.0,4,3,6,Metro City,Fully Furnished,3,Good,10900000
1282.0,3,3,5,Metro City,Unfurnished,0,Excellent,17800000
2401.0,3,3,4,Metro City,Fully Furnished,2,Good,18500000
1020.0,6,6,13,Metro City,Fully Furnished,2,Good,37000000
1450.0,3,3,8,Tier-2 City,Unfurnished,0,Excellent,4250000
2422.0,4,4,8,Metro City,Unfurnished,2,Good,13500000
800.0,2,2,21,Metro City,Semi-Furnished,0,Excellent,2800000
2000.0,3,3,15,Metro City,Unfurnished,1,Good,8500000
1025.0,2,2,21,Metro City,Semi-Furnished,0,Good,3600000
1200.0,4,3,19,Metro City,Semi-Furnished,2,Good,16000000
1655.0,3,3,3,Metro City,Unfurnished,1,Good,11300000
1573.0,3,3,16,Metro City,Semi-Furnished,1,Good,10000000
1708.0,3,3,11,Metro City,Unfurnished,2,Poor,7500000
1452.0,3,3,0,Metro City,Unfurnished,2,Good,6100000
1690.0,3,3,3,Metro City,Fully Furnished,1,Good,12500000
1245.0,2,2,20,Metro City,Semi-Furnished,1,Good,6000000
2480.0,3,3,20,Metro City,Fully Furnished,1,Excellent,33000000
2000.0,4,4,8,Rural Area,Semi-Furnished,1,Excellent,1150000
1200.0,9,9,15,Metro City,Semi-Furnished,1,Good,10000000
1230.0,2,2,22,Metro City,Semi-Furnished,1,Excellent,6600000
1375.0,2,2,8,Metro City,Fully Furnished,2,Good,7800000
1856.0,3,3,21,Metro City,Semi-Furnished,2,Good,13500000
1470.0,8,6,16,Tier-1 City,Semi-Furnished,2,Excellent,23150000
1040.0,2,2,7,Metro City,Semi-Furnished,0,Good,5000000
1280.0,2,2,7,Metro City,Fully Furnished,2,Excellent,6900000
1200.0,5,5,8,Metro City,Fully Furnished,1,Excellent,13900000
1515.0,3,2,6,Tier-2 City,Semi-Furnished,0,Good,3400000
4000.0,5,3,20,Metro City,Unfurnished,1,Good,13000000
2400.0,2,2,16,Metro City,Fully Furnished,2,Good,16000000
1062.0,2,2,2,Metro City,Fully Furnished,0,Good,4250000
1846.0,3,3,17,Metro City,Fully Furnished,0,Excellent,12000000
1200.0,9,8,3,Metro City,Fully Furnished,1,Poor,22500000
3000.0,8,5,9,Metro City,Unfurnished,0,Good,13000000
2610.0,3,3,5,Metro City,Semi-Furnished,1,Excellent,49900000
1300.0,2,2,20,Tier-2 City,Semi-Furnished,2,Good,1700000
1700.0,3,3,12,Metro City,Semi-Furnished,1,Good,15000000
1372.0,2,2,0,Metro City,Semi-Furnished,1,Good,6100000
1590.0,3,2,9,Metro City,Unfurnished,0,Good,13500000
1458.0,3,3,18,Rural Area,Unfurnished,1,Poor,1000000
1257.0,3,2,8,Metro City,Unfurnished,2,Good,4000000
3500.0,4,6,5,Tier-1 City,Unfurnished,1,Good,18150000
1303.0,2,2,16,Metro City,Fully Furnished,1,Excellent,8000000
1360.0,3,2,21,Tier-1 City,Unfurnished,2,Poor,4600000
2592.0,4,4,6,Metro City,Unfurnished,0,Excellent,25000000
1200.0,7,7,6,Metro City,Semi-Furnished,1,Good,15000000
1286.0,2,2,14,Metro City,Unfurnished,1,Good,6900000
1232.0,2,2,10,Metro City,Unfurnished,0,Good,6950000
829.0,2,2,10,Metro City,Fully Furnished,0,Good,2300000
1884.0,3,3,4,Metro City,Semi-Furnished,0,Good,9800000
1056.0,2,2,6,Metro City,Unfurnished,0,Good,7000000
1800.0,3,3,16,Metro City,Fully Furnished,1,Poor,12500000
1835.0,3,2,8,Metro City,Semi-Furnished,2,Excellent,15500000
1155.0,2,2,20,Tier-1 City,Semi-Furnished,0,Poor,4550000
1310.0,2,2,6,Metro City,Unfurnished,1,Good,6600000
1300.0,2,2,4,Rural Area,Semi-Furnished,2,Good,1750000
1820.0,3,4,2,Metro City,Unfurnished,0,Good,9500000
1012.0,2,2,22,Metro City,Semi-Furnished,0,Good,5450000
1083.0,2,2,10,Metro City,Semi-Furnished,2,Excellent,3250000
2700.0,4,4,9,Metro City,Semi-Furnished,1,Good,17500000
1160.0,2,2,8,Metro City,Semi-Furnished,1,Good,5700000
1200.0,2,2,4,Metro City,Unfurnished,0,Poor,11000000
620.0,2,1,19,Metro City,Fully Furnished,1,Poor,2500000
1760.0,3,3,11,Rural Area,Unfurnished,1,Good,950000
1275.0,3,3,0,Tier-1 City,Unfurnished,0,Good,2950000
2400.0,4,4,3,Metro City,Fully Furnished,1,Good,15200000
1270.0,5,4,3,Metro City,Fully Furnished,1,Good,12800000
957.0,2,2,3,Metro City,Fully Furnished,1,Good,5600000
2400.0,3,3,2,Metro City,Fully Furnished,1,Poor,15000000
2600.0,3,3,10,Tier-2 City,Semi-Furnished,1,Good,7500000
812.0,2,2,3,Metro City,Unfurnished,2,Poor,4200000
1200.0,8,8,8,Tier-1 City,Semi-Furnished,0,Excellent,9350000
1215.0,2,2,17,Tier-1 City,Fully Furnished,1,Good,3900000
500.0,1,1,11,Metro City,Semi-Furnished,1,Good,7000000
1496.0,3,2,6,Tier-1 City,Semi-Furnished,0,Good,4200000
1745.0,3,3,23,Metro City,Fully Furnished,2,Good,10000000
3500.0,3,3,9,Metro City,Fully Furnished,2,Good,63000000
540.0,1,1,16,Metro City,Semi-Furnished,0,Good,2400000
1500.0,2,2,12,Metro City,Fully Furnished,0,Good,6000000
1250.0,2,2,16,Metro City,Unfurnished,2,Excellent,7800000
1760.0,3,3,11,Metro City,Fully Furnished,1,Poor,11000000
1200.0,6,5,18,Tier-1 City,Semi-Furnished,2,Poor,8850000
1141.0,2,2,9,Metro City,Fully Furnished,1,Poor,4000000
1041.0,2,2,10,Metro City,Semi-Furnished,1,Excellent,6550000
2480.0,3,4,10,Metro City,Semi-Furnished,2,Good,26000000
1200.0,2,2,11,Tier-2 City,Semi-Furnished,1,Excellent,1900000
2610.0,4,4,6,Metro City,Semi-Furnished,1,Good,30600000
1460.0,3,2,8,Rural Area,Semi-Furnished,1,Good,1050000
2800.0,4,3,19,Metro City,Semi-Furnished,2,Good,50000000
1535.0,3,3,22,Metro City,Semi-Furnished,0,Poor,8300000
929.0,2,2,17,Tier-1 City,Unfurnished,1,Excellent,3250000
1176.0,2,2,1,Metro City,Fully Furnished,1,Excellent,4400000
400.0,1,1,12,Metro City,Semi-Furnished,0,Poor,1100000
1000.0,2,2,6,Metro City,Fully Furnished,2,Good,4500000
600.0,3,4,15,Metro City,Semi-Furnished,2,Poor,10000000
1521.0,3,2,4,Metro City,Semi-Furnished,1,Excellent,5750000
3680.0,5,4,16,Metro City,Semi-Furnished,3,Good,44000000
600.0,4,5,0,Metro City,Fully Furnished,3,Excellent,6000000
1200.0,4,3,11,Metro City,Semi-Furnished,1,Excellent,16500000
540.0,1,1,11,Metro City,Unfurnished,2,Good,3500000
1179.0,2,2,6,Tier-1 City,Semi-Furnished,0,Good,3400000
1070.0,2,2,1,Metro City,Semi-Furnished,1,Good,3350000
1355.0,4,3,21,Metro City,Fully Furnished,1,Excellent,13500000
3596.0,4,5,3,Metro City,Semi-Furnished,0,Excellent,28200000
615.0,1,1,15,Metro City,Semi-Furnished,1,Good,4600000
1200.0,2,2,7,Metro City,Unfurnished,1,Good,4200000
1119.0,3,2,16,Metro City,Fully Furnished,2,Excellent,4850000
1530.0,2,2,12,Metro City,Semi-Furnished,0,Good,10800000
2000.0,3,2,1,Metro City,Semi-Furnished,3,Excellent,18000000
1175.0,2,2,9,Metro City,Semi-Furnished,1,Good,6500000
1703.0,3,3,13,Tier-1 City,Semi-Furnished,2,Good,8100000
1285.0,3,2,8,Metro City,Fully Furnished,1,Good,4500000
1325.0,2,1,4,Metro City,Semi-Furnished,1,Good,9200000
1200.0,4,4,0,Rural Area,Fully Furnished,2,Good,1300000
1100.0,2,2,4,Metro City,Unfurnished,2,Excellent,4800000
1190.0,3,2,2,Metro City,Semi-Furnished,0,Poor,3050000
1200.0,2,1,2,Metro City,Semi-Furnished,1,Good,3600000
1210.0,2,2,16,Metro City,Unfurnished,0,Good,5500000
1976.0,3,3,3,Tier-2 City,Fully Furnished,1,Good,6050000
3206.0,4,5,2,Metro City,Semi-Furnished,1,Good,27000000
1300.0,3,3,13,Metro City,Semi-Furnished,0,Poor,4600000
3600.0,8,6,1,Metro City,Semi-Furnished,2,Excellent,14500000
1165.0,2,2,2,Metro City,Semi-Furnished,0,Poor,3350000
1938.0,3,3,5,Metro City,Semi-Furnished,1,Good,11300000
1200.0,2,2,7,Metro City,Fully Furnished,1,Excellent,5000000
1385.0,3,2,9,Metro City,Fully Furnished,1,Good,6900000
1570.0,3,3,5,Metro City,Fully Furnished,1,Good,6800000
2400.0,3,3,5,Metro City,Unfurnished,0,Good,12000000
1560.0,3,3,5,Metro City,Semi-Furnished,1,Excellent,9200000
1270.0,4,2,23,Metro City,Semi-Furnished,2,Good,17500000
1313.0,3,4,1,Metro City,Semi-Furnished,1,Good,15000000
8321.0,5,5,1,Metro City,Semi-Furnished,2,Good,270000000
1000.0,2,2,1,Metro City,Unfurnished,0,Poor,2800000
1012.0,2,2,2,Metro City,Semi-Furnished,2,Good,5900000
1655.0,3,3,14,Metro City,Unfurnished,0,Good,8600000
1790.0,6,5,2,Metro City,Unfurnished,2,Excellent,25000000
2150.0,4,4,2,Metro City,Unfurnished,2,Excellent,11500000
1550.0,3,3,13,Metro City,Fully Furnished,0,Good,7500000
1187.0,2,2,14,Metro City,Fully Furnished,1,Good,3800000
1704.0,3,3,4,Metro City,Unfurnished,1,Good,12000000
1180.0,3,2,14,Rural Area,Unfurnished,1,Excellent,500000
1127.0,2,2,15,Metro City,Unfurnished,0,Excellent,3200000
1000.0,2,2,6,Metro City,Semi-Furnished,0,Good,3100000
3100.0,3,3,6,Tier-1 City,Semi-Furnished,2,Good,31600000
1520.0,3,3,10,Metro City,Fully Furnished,2,Good,16500000
1420.0,3,3,8,Metro City,Semi-Furnished,2,Good,6200000
1100.0,2,2,13,Metro City,Fully Furnished,1,Excellent,7800000
1610.0,3,2,6,Metro City,Semi-Furnished,1,Good,11200000
1250.0,2,2,2,Metro City,Semi-Furnished,2,Poor,4500000
2710.0,3,3,3,Metro City,Unfurnished,1,Excellent,25100000
1464.0,3,3,9,Metro City,Semi-Furnished,1,Excellent,5600000
1352.5,2,2,11,Metro City,Semi-Furnished,1,Good,9400000
1725.0,3,2,16,Metro City,Semi-Furnished,0,Good,16500000
3600.0,4,4,10,Metro City,Semi-Furnished,0,Excellent,30000000
2750.0,3,5,15,Tier-1 City,Semi-Furnished,2,Good,44050000
1200.0,1,1,17,Metro City,Semi-Furnished,1,Excellent,6900000
1133.0,2,2,7,Metro City,Semi-Furnished,1,Good,5500000
800.0,3,2,13,Tier-1 City,Unfurnished,0,Good,5400000
957.0,2,2,9,Metro City,Semi-Furnished,1,Good,5300000
1330.0,3,2,4,Metro City,Semi-Furnished,2,Poor,4650000
1449.0,3,3,22,Metro City,Unfurnished,1,Excellent,11000000
1250.0,2,2,15,Metro City,Unfurnished,1,Poor,7500000
1315.0,2,2,22,Metro City,Fully Furnished,1,Good,7500000
1229.0,3,3,5,Metro City,Fully Furnished,2,Excellent,8600000
1060.0,2,2,4,Metro City,Fully Furnished,1,Good,5500000
1254.0,2,2,12,Metro City,Semi-Furnished,1,Good,4700000
1550.0,3,2,14,Tier-2 City,Fully Furnished,1,Good,2300000
845.0,2,2,1,Metro City,Fully Furnished,1,Good,4300000
1625.0,3,3,6,Metro City,Semi-Furnished,2,Good,8750000
1130.0,2,2,1,Metro City,Semi-Furnished,0,Excellent,3250000
1180.0,2,2,9,Metro City,Unfurnished,1,Excellent,8600000
620.0,1,1,17,Metro City,Fully Furnished,1,Good,2700000
500.0,1,1,1,Metro City,Fully Furnished,2,Good,1600000
1136.0,2,2,7,Metro City,Semi-Furnished,0,Excellent,4800000
1480.0,3,3,23,Metro City,Unfurnished,1,Excellent,9500000
1192.0,2,2,1,Metro City,Fully Furnished,2,Good,5350000
1365.0,2,3,4,Metro City,Fully Furnished,2,Poor,6000000
1820.0,3,3,16,Metro City,Semi-Furnished,0,Excellent,8500000
1490.0,3,2,4,Metro City,Fully Furnished,1,Poor,11500000
1401.0,3,3,15,Metro City,Unfurnished,1,Poor,6900000
1610.0,3,2,24,Metro City,Fully Furnished,2,Excellent,5500000
2162.0,3,3,5,Metro City,Semi-Furnished,1,Good,20000000
4000.0,4,4,20,Metro City,Fully Furnished,1,Good,22500000
1800.0,3,3,19,Metro City,Fully Furnished,1,Poor,6800000
1350.0,3,3,22,Metro City,Unfurnished,0,Good,5450000
1125.0,2,2,12,Metro City,Semi-Furnished,1,Good,4800000
3335.0,4,5,13,Metro City,Fully Furnished,2,Good,30000000
3520.0,3,5,13,Metro City,Unfurnished,2,Good,24000000
888.0,2,2,6,Metro City,Unfurnished,2,Good,3400000
1125.0,2,2,0,Metro City,Semi-Furnished,1,Good,5500000
1645.0,3,3,4,Metro City,Unfurnished,1,Poor,10000000
1025.0,2,2,8,Metro City,Unfurnished,0,Good,2850000
1500.0,3,2,2,Tier-2 City,Unfurnished,1,Good,3400000
1380.0,3,2,6,Metro City,Semi-Furnished,1,Poor,5000000
1410.0,3,2,1,Metro City,Semi-Furnished,2,Good,5000000
1200.0,3,2,8,Metro City,Semi-Furnished,1,Excellent,7600000
1133.0,2,2,19,Metro City,Unfurnished,0,Excellent,3400000
2461.0,4,6,9,Metro City,Fully Furnished,2,Excellent,35300000
1315.0,3,2,0,Metro City,Semi-Furnished,1,Poor,4900000
2500.0,4,4,18,Metro City,Unfurnished,1,Excellent,20000000
1411.0,3,2,18,Metro City,Fully Furnished,0,Excellent,6000000
1095.0,2,2,5,Metro City,Fully Furnished,0,Good,3850000
2501.0,3,3,7,Rural Area,Unfurnished,1,Poor,2400000
600.0,2,2,13,Tier-2 City,Unfurnished,2,Good,4550000
1655.0,2,2,0,Metro City,Fully Furnished,1,Good,9750000
1210.0,5,4,16,Metro City,Unfurnished,2,Excellent,16000000
1200.0,6,6,5,Metro City,Unfurnished,1,Good,16000000
1826.0,3,3,17,Metro City,Unfurnished,1,Excellent,16500000
3000.0,4,5,2,Metro City,Unfurnished,0,Excellent,27000000
1171.0,2,2,8,Metro City,Fully Furnished,1,Good,7500000
1917.0,3,3,7,Metro City,Semi-Furnished,2,Excellent,11000000
1719.0,3,3,10,Rural Area,Semi-Furnished,0,Good,1600000
1215.0,2,2,12,Tier-2 City,Unfurnished,0,Poor,3050000
700.0,6,3,7,Metro City,Fully Furnished,1,Good,12000000
1656.0,3,3,17,Tier-1 City,Unfurnished,1,Good,6050000
1890.0,3,4,6,Tier-1 City,Fully Furnished,1,Good,7150000
645.0,1,1,2,Metro City,Unfurnished,1,Excellent,1650000
810.0,2,2,3,Metro City,Unfurnished,1,Good,2450000
1200.0,4,5,1,Metro City,Semi-Furnished,2,Good,9200000
2900.0,3,4,5,Metro City,Semi-Furnished,2,Good,30000000
1200.0,2,2,2,Rural Area,Unfurnished,2,Poor,700000
1200.0,6,6,4,Tier-1 City,Unfurnished,3,Good,19450000
3760.0,2,2,5,Metro City,Semi-Furnished,1,Good,28000000
1200.0,4,4,10,Tier-1 City,Unfurnished,0,Excellent,13050000
1160.0,2,2,4,Metro City,Unfurnished,0,Good,5500000
1590.0,3,3,19,Tier-1 City,Semi-Furnished,2,Good,3200000
1133.0,2,2,9,Metro City,Semi-Furnished,1,Good,3850000
1250.0,3,3,18,Metro City,Semi-Furnished,1,Good,5800000
2500.0,3,4,13,Metro City,Fully Furnished,1,Excellent,32500000
1210.0,3,2,14,Tier-1 City,Semi-Furnished,2,Excellent,5050000
1020.0,2,2,2,Metro City,Unfurnished,1,Poor,8000000
1180.0,2,2,9,Metro City,Semi-Furnished,1,Good,4100000
1350.0,3,2,0,Metro City,Fully Furnished,1,Good,6500000
1500.0,2,1,4,Metro City,Fully Furnished,2,Good,16000000
1581.0,3,3,12,Metro City,Semi-Furnished,1,Good,7600000
600.0,3,5,8,Metro City,Fully Furnished,1,Excellent,13500000
1500.0,2,2,3,Rural Area,Fully Furnished,1,Poor,1700000
1080.0,2,2,0,Metro City,Semi-Furnished,2,Poor,7500000
1900.0,3,3,2,Metro City,Semi-Furnished,2,Poor,12500000
3628.0,4,4,2,Metro City,Semi-Furnished,1,Excellent,24600000
1530.0,3,3,18,Metro City,Semi-Furnished,2,Poor,6100000
1058.0,2,2,4,Metro City,Semi-Furnished,2,Excellent,8500000
1230.0,2,2,20,Metro City,Semi-Furnished,2,Good,5900000
890.0,2,2,1,Metro City,Semi-Furnished,1,Good,4000000
3262.0,4,5,12,Metro City,Unfurnished,2,Good,20500000
1200.0,6,7,5,Metro City,Fully Furnished,1,Excellent,16500000
1100.0,2,2,10,Rural Area,Semi-Furnished,1,Excellent,800000
1030.0,2,2,11,Metro City,Fully Furnished,1,Good,4200000
1360.0,3,3,3,Tier-1 City,Semi-Furnished,0,Excellent,5300000
4235.0,4,4,17,Metro City,Unfurnished,1,Good,36500000
1603.0,3,3,2,Metro City,Semi-Furnished,0,Poor,9600000
1008.0,2,2,21,Metro City,Semi-Furnished,2,Poor,3200000
1120.0,2,2,0,Metro City,Semi-Furnished,1,Good,7000000
7200.0,5,5,10,Metro City,Semi-Furnished,1,Excellent,90000000
1160.0,2,2,14,Metro City,Semi-Furnished,1,Good,3350000
1180.0,2,2,18,Metro City,Semi-Furnished,0,Poor,12800000
1195.0,2,2,5,Metro City,Unfurnished,0,Excellent,5300000
1415.0,3,2,7,Metro City,Semi-Furnished,2,Good,6600000
1250.0,2,2,11,Metro City,Fully Furnished,0,Good,4300000
1942.0,3,3,2,Metro City,Fully Furnished,1,Excellent,9000000
1125.0,2,2,4,Metro City,Fully Furnished,0,Good,6200000
1590.0,3,2,8,Metro City,Semi-Furnished,3,Good,5400000
820.0,7,7,12,Metro City,Unfurnished,0,Good,14000000
1280.0,3,3,6,Metro City,Fully Furnished,2,Good,5750000
1542.14,3,3,12,Metro City,Semi-Furnished,2,Excellent,12000000
1180.0,2,2,5,Metro City,Semi-Furnished,0,Excellent,5700000
1224.0,2,2,5,Metro City,Semi-Furnished,2,Poor,10500000
1450.0,3,3,4,Metro City,Unfurnished,1,Good,7750000
1860.0,3,3,22,Metro City,Fully Furnished,0,Good,16800000
3056.0,4,5,15,Metro City,Fully Furnished,2,Excellent,10000000
1991.0,3,4,16,Metro City,Unfurnished,2,Good,10300000
985.0,2,2,24,Metro City,Fully Furnished,1,Poor,3900000
2378.0,3,3,1,Metro City,Semi-Furnished,1,Good,31000000
1200.0,3,3,3,Tier-2 City,Unfurnished,1,Good,5200000
2733.0,4,5,15,Rural Area,Unfurnished,1,Good,4050000
600.0,6,6,18,Metro City,Fully Furnished,0,Excellent,10000000
1100.0,2,2,3,Metro City,Fully Furnished,2,Good,6100000
900.0,2,2,16,Metro City,Semi-Furnished,1,Excellent,2700000
1300.0,3,3,11,Metro City,Unfurnished,1,Poor,7800000
1200.0,2,2,0,Rural Area,Unfurnished,1,Excellent,700000
1197.0,2,2,2,Metro City,Semi-Furnished,3,Excellent,4800000
1295.0,2,2,1,Metro City,Semi-Furnished,1,Excellent,4400000
1590.0,3,3,8,Metro City,Fully Furnished,2,Excellent,10500000
1564.0,3,2,5,Tier-2 City,Unfurnished,0,Good,3500000
1150.0,8,8,13,Metro City,Semi-Furnished,2,Good,7000000
1950.0,3,3,10,Metro City,Fully Furnished,2,Poor,13100000
1490.0,3,2,20,Metro City,Unfurnished,2,Good,5950000
2006.0,3,4,5,Metro City,Semi-Furnished,0,Good,19600000
1059.0,2,2,2,Metro City,Unfurnished,1,Good,5700000
1560.0,3,3,1,Metro City,Unfurnished,2,Good,11500000
1419.0,2,2,1,Metro City,Fully Furnished,1,Good,6050000
1346.0,2,2,19,Metro City,Fully Furnished,1,Good,6200000
600.0,2,3,6,Metro City,Semi-Furnished,2,Good,7500000
1070.0,2,2,8,Tier-1 City,Unfurnished,0,Good,3200000
1750.0,4,2,0,Metro City,Fully Furnished,1,Poor,22500000
1650.0,3,3,10,Rural Area,Unfurnished,0,Good,1650000
1120.0,2,2,22,Metro City,Fully Furnished,0,Excellent,6500000
1275.0,3,2,7,Metro City,Unfurnished,2,Poor,4000000
656.0,1,1,12,Metro City,Semi-Furnished,1,Poor,4300000
1100.0,2,2,2,Metro City,Semi-Furnished,1,Excellent,3800000
1375.0,2,2,7,Metro City,Semi-Furnished,2,Poor,8000000
1090.0,2,2,5,Metro City,Semi-Furnished,2,Poor,4500000
1156.0,3,2,6,Metro City,Fully Furnished,1,Poor,4400000
1075.0,2,2,8,Metro City,Semi-Furnished,1,Good,5000000
700.0,7,6,6,Metro City,Fully Furnished,1,Good,8500000
1252.0,3,2,16,Metro City,Semi-Furnished,2,Good,6500000
650.0,1,1,11,Metro City,Fully Furnished,1,Good,1700000
1220.0,2,2,12,Metro City,Fully Furnished,1,Good,5600000
1600.0,3,3,11,Metro City,Semi-Furnished,0,Good,7500000
1200.0,2,2,7,Metro City,Semi-Furnished,1,Good,5200000
850.0,1,1,4,Metro City,Fully Furnished,1,Good,5000000
2502.0,4,4,2,Metro City,Semi-Furnished,1,Good,18000000
1355.0,3,2,9,Metro City,Fully Furnished,1,Good,5800000
1489.0,3,2,0,Metro City,Semi-Furnished,0,Good,7000000
2970.0,4,3,5,Tier-1 City,Unfurnished,0,Good,9050000
1445.0,3,2,3,Metro City,Unfurnished,1,Good,5600000
2375.0,4,3,22,Metro City,Semi-Furnished,1,Good,26000000
1272.0,3,4,8,Metro City,Semi-Furnished,1,Good,7500000
1170.0,2,2,8,Metro City,Semi-Furnished,1,Good,5600000
1800.0,3,3,2,Metro City,Semi-Furnished,1,Good,14000000
1245.0,2,2,4,Metro City,Unfurnished,2,Good,5500000
790.5,1,1,1,Metro City,Unfurnished,1,Good,4250000
1427.0,3,2,0,Metro City,Unfurnished,1,Good,13000000
1050.0,1,2,0,Metro City,Semi-Furnished,0,Excellent,4100000
1634.0,3,3,4,Metro City,Semi-Furnished,2,Good,8350000
1524.0,3,4,15,Metro City,Semi-Furnished,1,Excellent,40000000
875.0,2,2,17,Metro City,Semi-Furnished,1,Good,5700000
1200.0,2,2,10,Rural Area,Unfurnished,1,Excellent,600000
1530.0,3,2,12,Metro City,Fully Furnished,1,Excellent,6700000
2695.0,4,4,22,Metro City,Fully Furnished,0,Good,18800000
1850.0,3,3,6,Metro City,Unfurnished,1,Good,11000000
1140.0,2,2,15,Tier-2 City,Semi-Furnished,1,Good,1300000
1385.0,3,2,14,Rural Area,Unfurnished,0,Good,650000
1140.0,2,2,13,Tier-1 City,Fully Furnished,2,Good,4200000
1500.0,3,3,9,Metro City,Fully Furnished,3,Good,13500000
2336.5,3,3,6,Metro City,Semi-Furnished,2,Good,11600000
4000.0,6,6,19,Metro City,Fully Furnished,1,Good,23000000
1145.0,2,2,6,Metro City,Unfurnished,1,Good,4000000
1100.0,2,2,11,Metro City,Semi-Furnished,0,Good,5750000
2215.0,3,4,3,Metro City,Semi-Furnished,0,Good,15400000
2400.0,4,4,8,Tier-1 City,Unfurnished,2,Good,11000000
1065.0,2,2,10,Metro City,Semi-Furnished,1,Poor,5800000
1362.0,2,2,4,Metro City,Unfurnished,1,Excellent,8500000
2000.0,5,4,5,Metro City,Semi-Furnished,0,Good,14500000
1545.0,3,2,7,Metro City,Semi-Furnished,1,Excellent,5800000
1900.0,3,2,5,Metro City,Fully Furnished,2,Good,19000000
1250.0,3,3,4,Metro City,Semi-Furnished,1,Good,4900000
1476.0,3,2,0,Metro City,Semi-Furnished,1,Good,7300000
1626.6,3,3,2,Tier-1 City,Unfurnished,1,Good,8050000
1717.0,3,3,3,Metro City,Fully Furnished,1,Excellent,12500000
1100.0,2,2,21,Metro City,Semi-Furnished,1,Good,4250000
1600.0,2,2,19,Tier-1 City,Fully Furnished,1,Excellent,6950000
1800.0,3,3,15,Tier-1 City,Unfurnished,1,Good,8450000
1195.0,2,2,0,Metro City,Unfurnished,0,Excellent,8400000
1465.0,2,3,11,Tier-1 City,Unfurnished,1,Poor,4750000
1166.0,2,2,21,Metro City,Semi-Furnished,0,Excellent,6400000
1010.0,2,2,5,Metro City,Fully Furnished,0,Good,4000000
1100.0,2,2,22,Metro City,Semi-Furnished,1,Excellent,4100000
1715.0,3,3,2,Metro City,Semi-Furnished,1,Good,11500000
1575.0,4,4,5,Metro City,Semi-Furnished,2,Good,25000000
1200.0,2,1,3,Metro City,Fully Furnished,1,Good,5300000
1320.0,3,3,10,Metro City,Semi-Furnished,1,Excellent,6000000
3600.0,4,4,10,Tier-1 City,Semi-Furnished,0,Excellent,18850000
500.0,1,1,4,Metro City,Unfurnished,2,Excellent,7000000
1254.0,2,2,23,Metro City,Unfurnished,0,Excellent,5300000
1365.0,3,2,2,Metro City,Semi-Furnished,0,Excellent,7500000
1576.0,3,3,5,Metro City,Semi-Furnished,1,Good,5900000
1300.0,2,2,9,Metro City,Semi-Furnished,1,Good,5400000
1025.0,2,2,20,Metro City,Semi-Furnished,2,Good,5000000
1600.0,2,2,11,Metro City,Semi-Furnished,1,Good,3100000
1050.0,2,2,1,Tier-2 City,Semi-Furnished,1,Excellent,1600000
1253.0,2,2,1,Metro City,Unfurnished,0,Excellent,10200000
1200.0,2,2,25,Metro City,Semi-Furnished,1,Poor,3450000
935.0,2,2,23,Metro City,Unfurnished,1,Good,3250000
1100.0,2,2,20,Metro City,Semi-Furnished,2,Good,4800000
1290.0,2,2,5,Tier-1 City,Unfurnished,2,Good,2600000
2300.0,3,3,19,Metro City,Unfurnished,1,Good,22000000
1075.0,2,2,9,Metro City,Fully Furnished,2,Good,4800000
1200.0,8,8,6,Rural Area,Semi-Furnished,1,Good,2150000
1200.0,3,3,12,Metro City,Fully Furnished,2,Excellent,7500000
2774.0,4,4,1,Metro City,Fully Furnished,1,Good,20800000
2273.0,3,4,6,Metro City,Semi-Furnished,1,Excellent,19200000
7000.0,4,4,2,Tier-1 City,Fully Furnished,2,Excellent,40350000
1420.0,3,2,5,Metro City,Unfurnished,0,Excellent,9600000
1325.0,3,2,19,Metro City,Fully Furnished,2,Excellent,4700000
1550.0,3,2,1,Metro City,Fully Furnished,1,Good,7000000
1200.0,3,2,4,Metro City,Semi-Furnished,0,Excellent,4200000
2400.0,5,5,16,Metro City,Unfurnished,1,Excellent,9300000
1689.0,3,3,10,Metro City,Unfurnished,0,Good,10300000
2293.0,3,3,21,Tier-1 City,Fully Furnished,1,Poor,5800000
1031.0,2,2,2,Metro City,Fully Furnished,0,Good,5500000
1800.0,3,3,0,Tier-1 City,Fully Furnished,2,Excellent,3800000
960.0,2,2,22,Metro City,Semi-Furnished,1,Poor,4800000
3071.0,3,4,13,Rural Area,Semi-Furnished,2,Good,2900000
1732.46,3,3,1,Metro City,Unfurnished,1,Good,9200000
3090.0,4,4,22,Metro City,Unfurnished,0,Good,32500000
1000.0,5,4,6,Metro City,Unfurnished,2,Good,9000000
1740.0,3,4,22,Metro City,Unfurnished,0,Good,13000000
1150.0,2,2,12,Metro City,Unfurnished,0,Good,25000000
980.0,3,2,4,Tier-2 City,Fully Furnished,0,Good,2350000
1400.0,3,2,13,Metro City,Unfurnished,1,Excellent,7800000
4500.0,5,5,3,Metro City,Unfurnished,1,Good,41500000
883.0,2,2,1,Rural Area,Unfurnished,0,Excellent,500000
900.0,2,2,1,Rural Area,Unfurnished,1,Good,800000
1250.0,3,2,3,Metro City,Fully Furnished,1,Good,4250000
1430.0,2,2,2,Tier-1 City,Semi-Furnished,2,Excellent,6450000
1074.0,2,2,8,Tier-2 City,Unfurnished,1,Excellent,1850000
1145.0,2,2,16,Metro City,Unfurnished,1,Excellent,6500000
1032.0,2,2,1,Tier-2 City,Unfurnished,2,Good,900000
1430.0,3,2,2,Metro City,Semi-Furnished,1,Excellent,5400000
1241.0,3,2,10,Metro City,Semi-Furnished,0,Excellent,6500000
884.0,2,2,9,Metro City,Semi-Furnished,1,Poor,4100000
3600.0,8,9,4,Metro City,Fully Furnished,2,Good,12500000
1175.0,2,2,22,Metro City,Semi-Furnished,2,Excellent,6500000
1088.0,2,2,5,Tier-1 City,Semi-Furnished,0,Good,5200000
3200.0,4,4,21,Metro City,Semi-Furnished,1,Good,27000000
1060.0,2,2,3,Metro City,Unfurnished,0,Excellent,5800000
1115.0,2,2,16,Metro City,Unfurnished,1,Good,6000000
1027.0,2,2,1,Metro City,Fully Furnished,0,Good,6000000
1524.0,3,2,3,Metro City,Fully Furnished,0,Good,7200000
3000.0,5,6,5,Metro City,Semi-Furnished,2,Good,100000000
900.0,4,2,4,Metro City,Semi-Furnished,1,Good,11500000
1410.5,3,2,22,Metro City,Unfurnished,0,Poor,7050000
1128.0,2,2,15,Metro City,Fully Furnished,1,Good,6550000
1330.0,2,2,7,Metro City,Fully Furnished,1,Good,7400000
2259.0,4,5,8,Metro City,Unfurnished,1,Excellent,13500000
1302.0,2,2,7,Metro City,Fully Furnished,0,Excellent,6850000
1194.0,2,2,0,Metro City,Semi-Furnished,0,Good,4700000
1545.0,3,2,2,Metro City,Fully Furnished,1,Excellent,6600000
589.0,1,1,3,Metro City,Semi-Furnished,1,Good,2900000
1864.0,4,3,0,Metro City,Semi-Furnished,1,Good,10500000
1502.0,3,3,0,Metro City,Fully Furnished,1,Good,5000000
1400.0,3,2,19,Metro City,Semi-Furnished,1,Excellent,7700000
850.0,2,2,5,Metro City,Unfurnished,0,Good,2550000
1363.0,2,2,7,Metro City,Unfurnished,1,Poor,6800000
760.0,2,2,5,Metro City,Unfurnished,2,Good,3850000
1100.0,2,2,5,Metro City,Unfurnished,2,Good,5800000
2500.0,4,3,8,Metro City,Fully Furnished,1,Excellent,6500000
2400.0,4,4,19,Metro City,Fully Furnished,0,Good,52500000
1600.0,3,3,8,Metro City,Fully Furnished,2,Poor,8300000
2710.0,4,5,3,Metro City,Unfurnished,0,Good,14200000
1535.0,3,3,4,Metro City,Fully Furnished,2,Good,8600000
1200.0,4,4,5,Metro City,Fully Furnished,1,Excellent,8300000
1077.0,2,2,19,Metro City,Unfurnished,0,Good,9300000
1305.0,3,2,22,Metro City,Semi-Furnished,2,Good,5850000
800.0,2,2,11,Metro City,Semi-Furnished,1,Good,5000000
1530.0,3,2,5,Metro City,Fully Furnished,1,Excellent,7450000
1196.0,2,2,5,Metro City,Fully Furnished,0,Excellent,5100000
3090.0,4,4,3,Metro City,Semi-Furnished,3,Good,35000000
1550.0,3,2,20,Metro City,Fully Furnished,3,Poor,8000000
1045.0,2,2,12,Metro City,Unfurnished,1,Excellent,4500000
1938.0,3,3,15,Metro City,Fully Furnished,1,Excellent,11300000
1425.0,3,2,9,Metro City,Fully Furnished,0,Excellent,7000000
1350.0,3,2,11,Metro City,Unfurnished,0,Good,8700000
2557.0,3,3,6,Metro City,Fully Furnished,2,Good,14100000
1656.0,3,3,3,Tier-1 City,Fully Furnished,3,Good,5700000
1410.0,3,3,22,Metro City,Semi-Furnished,1,Good,9000000
2070.0,3,3,5,Metro City,Semi-Furnished,2,Poor,22500000
1221.0,3,3,7,Metro City,Semi-Furnished,2,Good,7000000
1290.0,3,2,17,Metro City,Semi-Furnished,1,Excellent,5600000
1250.0,2,2,11,Metro City,Fully Furnished,0,Excellent,4700000
1460.0,3,2,15,Metro City,Fully Furnished,2,Poor,9000000
2400.0,3,4,5,Metro City,Semi-Furnished,2,Excellent,20000000
1786.0,3,3,2,Metro City,Semi-Furnished,2,Good,8000000
1465.0,3,2,21,Metro City,Semi-Furnished,0,Good,8800000
1196.0,2,2,4,Metro City,Semi-Furnished,1,Good,4050000
1175.0,2,2,18,Metro City,Semi-Furnished,1,Good,3900000
3150.0,4,4,13,Metro City,Semi-Furnished,1,Excellent,21800000
900.0,3,2,10,Metro City,Unfurnished,1,Good,6500000
3500.0,3,4,25,Tier-2 City,Fully Furnished,1,Poor,21550000
1576.0,3,3,0,Metro City,Semi-Furnished,0,Good,5800000
625.0,1,1,22,Metro City,Semi-Furnished,1,Excellent,2700000
420.0,1,1,14,Metro City,Fully Furnished,2,Good,2350000
2200.0,3,3,8,Metro City,Unfurnished,0,Good,13000000
1518.0,3,3,5,Tier-1 City,Fully Furnished,1,Excellent,4900000
605.0,1,1,19,Tier-1 City,Fully Furnished,0,Good,2500000
1160.0,2,2,1,Metro City,Fully Furnished,1,Good,3650000
1194.0,2,2,5,Metro City,Fully Furnished,1,Good,6500000
1216.0,2,2,0,Metro City,Unfurnished,3,Excellent,7500000
2400.0,4,4,1,Metro City,Semi-Furnished,3,Poor,8900000
4356.0,4,5,20,Metro City,Semi-Furnished,0,Good,85000000
3000.0,4,4,19,Metro City,Semi-Furnished,1,Good,13000000
1750.0,3,3,4,Metro City,Unfurnished,2,Excellent,9900000
1617.0,3,3,23,Metro City,Semi-Furnished,0,Excellent,6650000
1350.0,3,3,9,Tier-1 City,Unfurnished,1,Good,3600000
1075.0,3,2,4,Metro City,Semi-Furnished,1,Good,5200000
1390.0,3,2,7,Metro City,Unfurnished,0,Good,6250000
1229.0,2,2,8,Tier-1 City,Semi-Furnished,1,Poor,4900000
1000.0,3,3,3,Metro City,Fully Furnished,1,Good,14000000
1920.0,3,3,15,Metro City,Fully Furnished,1,Excellent,12200000
1688.0,2,2,2,Tier-1 City,Semi-Furnished,0,Good,17250000
1850.0,3,3,19,Metro City,Semi-Furnished,1,Excellent,14000000
1950.0,3,3,0,Tier-1 City,Unfurnished,2,Poor,9500000
1010.0,2,2,14,Metro City,Semi-Furnished,2,Excellent,4950000
1232.0,2,2,23,Rural Area,Semi-Furnished,1,Good,1500000
1710.0,2,2,10,Metro City,Semi-Furnished,3,Excellent,20000000
1239.0,2,2,16,Metro City,Fully Furnished,0,Good,8200000
1200.0,5,4,16,Tier-2 City,Semi-Furnished,2,Excellent,5350000
900.0,2,2,14,Metro City,Unfurnished,1,Poor,4100000
1440.0,2,2,8,Metro City,Semi-Furnished,1,Excellent,18500000
2038.5,3,3,20,Metro City,Unfurnished,1,Good,12200000
1660.0,3,3,19,Metro City,Semi-Furnished,2,Good,8000000
2882.0,4,5,12,Metro City,Fully Furnished,1,Good,15800000
1917.0,4,3,0,Metro City,Unfurnished,2,Good,6000000
996.0,2,2,4,Metro City,Unfurnished,2,Good,6700000
1295.0,2,2,17,Tier-2 City,Unfurnished,1,Poor,2150000
2400.0,3,3,0,Metro City,Fully Furnished,0,Good,25200000
1260.0,2,2,0,Metro City,Semi-Furnished,1,Good,3950000
1250.0,2,2,8,Metro City,Semi-Furnished,2,Good,6000000
450.0,1,1,7,Metro City,Semi-Furnished,1,Good,1600000
1936.0,3,3,1,Tier-1 City,Unfurnished,1,Good,6450000
1020.0,2,2,15,Metro City,Fully Furnished,1,Good,2950000
1185.0,2,2,15,Metro City,Semi-Furnished,0,Good,6500000
1405.0,3,2,19,Metro City,Semi-Furnished,1,Good,8500000
400.0,1,1,17,Metro City,Unfurnished,3,Good,1000000
2400.0,4,3,12,Rural Area,Unfurnished,1,Good,8050000
1075.0,2,2,4,Metro City,Semi-Furnished,1,Excellent,5200000
1950.0,3,3,2,Tier-1 City,Semi-Furnished,1,Good,11050000
1142.0,2,2,21,Tier-1 City,Unfurnished,1,Good,2600000
1216.0,2,2,1,Tier-1 City,Unfurnished,3,Poor,4400000
1075.0,3,2,0,Metro City,Semi-Furnished,3,Poor,3600000
2000.0,3,2,1,Metro City,Semi-Furnished,1,Poor,9500000
1282.0,3,3,12,Metro City,Unfurnished,3,Poor,17800000
975.0,2,2,4,Metro City,Unfurnished,0,Poor,5800000
1143.0,2,2,6,Metro City,Semi-Furnished,1,Good,5500000
1100.0,2,2,7,Metro City,Semi-Furnished,0,Excellent,6200000
3750.0,4,6,0,Metro City,Fully Furnished,0,Good,29000000
3532.0,4,3,21,Metro City,Fully Furnished,2,Good,17000000
1232.0,2,2,4,Metro City,Fully Furnished,1,Good,8300000
1320.0,8,6,1,Metro City,Unfurnished,0,Good,20000000
1452.19,2,2,21,Metro City,Semi-Furnished,3,Excellent,10000000
880.0,2,1,1,Metro City,Fully Furnished,1,Good,9000000
2317.0,3,4,1,Metro City,Unfurnished,1,Good,14000000
1034.0,2,2,5,Metro City,Unfurnished,1,Good,4000000
1060.0,2,2,1,Metro City,Fully Furnished,1,Good,3700000
2710.0,4,5,3,Tier-1 City,Unfurnished,0,Good,10150000
2321.0,3,4,3,Metro City,Fully Furnished,2,Good,12800000
2760.0,4,4,4,Tier-2 City,Semi-Furnished,1,Good,10850000
1105.0,2,2,1,Metro City,Fully Furnished,1,Good,3000000
1110.0,3,2,13,Metro City,Fully Furnished,1,Good,3000000
1200.0,2,2,9,Tier-2 City,Fully Furnished,3,Good,1600000
1140.0,2,2,14,Metro City,Semi-Furnished,1,Good,4600000
1650.0,3,3,15,Metro City,Fully Furnished,2,Good,11800000
1400.0,3,3,19,Metro City,Unfurnished,2,Good,5600000
945.0,4,5,2,Metro City,Semi-Furnished,0,Excellent,12000000
1245.0,2,2,0,Metro City,Fully Furnished,2,Good,7500000
1767.0,3,3,2,Metro City,Semi-Furnished,2,Good,9800000
708.0,1,1,5,Metro City,Semi-Furnished,1,Excellent,2850000
1600.0,3,3,0,Metro City,Semi-Furnished,1,Excellent,10500000
4000.0,4,5,12,Metro City,Semi-Furnished,3,Good,19500000
1075.0,2,2,20,Metro City,Fully Furnished,0,Good,5300000
5985.0,4,4,12,Metro City,Unfurnished,1,Good,77500000
1027.0,2,2,2,Metro City,Semi-Furnished,2,Excellent,4400000
1740.0,3,3,17,Tier-1 City,Semi-Furnished,1,Good,8550000
1800.0,3,3,5,Metro City,Fully Furnished,2,Good,7000000
1430.0,3,3,8,Metro City,Semi-Furnished,0,Good,7850000
900.0,5,3,2,Metro City,Semi-Furnished,1,Good,8000000
2700.0,3,3,4,Tier-1 City,Fully Furnished,1,Poor,13550000
2010.0,4,3,2,Tier-1 City,Fully Furnished,0,Poor,7500000
1936.0,3,3,6,Metro City,Semi-Furnished,1,Good,11800000
1243.0,2,2,4,Metro City,Unfurnished,1,Excellent,5800000
1240.0,4,4,8,Metro City,Semi-Furnished,2,Poor,11000000
690.0,2,2,3,Metro City,Fully Furnished,2,Good,4200000
2400.0,3,3,0,Tier-1 City,Unfurnished,1,Excellent,13600000
1500.0,3,3,13,Metro City,Unfurnished,1,Poor,7200000
1080.0,2,2,5,Metro City,Fully Furnished,1,Good,3800000
2017.0,3,3,3,Metro City,Unfurnished,1,Good,12500000
4046.0,4,4,1,Metro City,Unfurnished,0,Good,44500000
1660.0,3,2,13,Tier-1 City,Semi-Furnished,1,Good,8050000
1530.0,3,3,0,Metro City,Semi-Furnished,2,Excellent,5200000
1050.0,2,2,7,Metro City,Fully Furnished,1,Good,6500000
1220.0,3,2,5,Metro City,Fully Furnished,3,Excellent,4900000
1400.0,3,2,8,Metro City,Semi-Furnished,1,Good,8000000
1650.0,3,3,6,Metro City,Semi-Furnished,2,Good,11000000
1200.0,2,2,2,Metro City,Fully Furnished,1,Good,4000000
2500.0,3,3,16,Metro City,Fully Furnished,0,Poor,25000000
1260.0,2,2,2,Tier-2 City,Unfurnished,1,Poor,1700000
2400.0,3,2,8,Metro City,Semi-Furnished,1,Good,18500000
1710.0,3,3,6,Metro City,Semi-Furnished,1,Good,8500000
1230.0,2,2,25,Rural Area,Unfurnished,1,Excellent,1100000
525.0,1,1,3,Metro City,Unfurnished,1,Excellent,3000000
1015.0,2,2,10,Tier-1 City,Semi-Furnished,2,Excellent,1800000
1050.0,2,2,3,Metro City,Semi-Furnished,0,Good,5250000
2500.0,4,4,14,Metro City,Fully Furnished,2,Good,22500000
1070.0,2,2,8,Rural Area,Unfurnished,0,Good,800000
1200.0,2,2,0,Metro City,Semi-Furnished,1,Excellent,6000000
1000.0,2,2,10,Metro City,Semi-Furnished,1,Good,3000000
1128.0,2,2,13,Metro City,Semi-Furnished,0,Excellent,6500000
1100.0,3,2,19,Metro City,Semi-Furnished,1,Good,5300000
1025.0,2,2,13,Rural Area,Semi-Furnished,1,Excellent,500000
1290.0,2,2,7,Metro City,Semi-Furnished,0,Excellent,7400000
1890.0,3,2,9,Metro City,Semi-Furnished,1,Excellent,8500000
1345.0,2,2,9,Metro City,Semi-Furnished,1,Good,10600000
1494.0,3,2,16,Metro City,Fully Furnished,1,Poor,9450000
1635.0,3,3,1,Tier-2 City,Unfurnished,1,Poor,1850000
1852.0,3,3,12,Metro City,Semi-Furnished,2,Good,12500000
1832.0,3,3,21,Metro City,Unfurnished,0,Excellent,11600000
700.0,2,2,20,Rural Area,Semi-Furnished,1,Poor,650000
1359.0,2,2,12,Metro City,Unfurnished,2,Good,8700000
1684.0,3,3,9,Metro City,Semi-Furnished,2,Good,8600000
1776.0,3,3,21,Metro City,Semi-Furnished,0,Good,19000000
883.0,2,2,22,Metro City,Unfurnished,2,Good,4500000
2546.0,3,3,14,Tier-1 City,Unfurnished,0,Excellent,11950000
1025.0,2,2,12,Metro City,Unfurnished,1,Good,3600000
1000.0,2,2,4,Tier-2 City,Unfurnished,1,Good,1600000
1071.0,2,2,1,Metro City,Semi-Furnished,0,Good,6200000
850.0,2,2,9,Metro City,Semi-Furnished,1,Good,3200000
1345.0,3,2,9,Metro City,Fully Furnished,1,Good,5700000
1545.0,3,3,0,Tier-1 City,Semi-Furnished,1,Good,4650000
900.0,2,2,4,Metro City,Unfurnished,1,Excellent,4100000
1200.0,5,4,18,Metro City,Fully Furnished,1,Good,8500000
1200.0,4,4,25,Tier-2 City,Semi-Furnished,2,Poor,3200000
1090.0,2,2,8,Metro City,Fully Furnished,0,Excellent,5500000
672.0,1,1,0,Metro City,Semi-Furnished,1,Excellent,2700000
1127.0,2,2,10,Metro City,Fully Furnished,2,Good,6500000
1157.0,2,2,4,Metro City,Semi-Furnished,3,Excellent,4200000
2010.0,4,3,2,Metro City,Fully Furnished,0,Poor,11500000
1200.0,3,3,20,Metro City,Fully Furnished,0,Good,7500000
2450.0,3,3,1,Tier-1 City,Fully Furnished,0,Excellent,8450000
1113.27,2,2,15,Metro City,Unfurnished,1,Excellent,5300000
1375.0,2,2,14,Metro City,Semi-Furnished,0,Excellent,5800000
1200.0,2,2,19,Metro City,Semi-Furnished,1,Good,6700000
600.0,4,4,20,Tier-2 City,Unfurnished,1,Excellent,2300000
1246.0,2,2,14,Metro City,Fully Furnished,2,Good,6750000
1852.0,3,3,6,Metro City,Semi-Furnished,3,Good,16000000
1536.0,3,3,0,Metro City,Fully Furnished,0,Poor,8900000
1093.0,2,2,18,Metro City,Fully Furnished,2,Excellent,3400000
3418.0,4,4,10,Rural Area,Unfurnished,1,Good,2950000
1558.67,3,2,9,Rural Area,Semi-Furnished,2,Excellent,1050000
2493.0,3,3,2,Metro City,Semi-Furnished,2,Good,11500000
1655.0,3,3,11,Metro City,Semi-Furnished,1,Good,12000000
654.0,1,1,6,Metro City,Semi-Furnished,2,Good,3800000
1220.0,2,2,4,Metro City,Unfurnished,2,Good,8800000
1165.0,2,2,10,Metro City,Unfurnished,1,Good,5200000
1216.0,2,2,9,Metro City,Fully Furnished,2,Good,8000000
1113.0,2,2,0,Metro City,Semi-Furnished,0,Good,5200000
1358.0,3,2,3,Metro City,Unfurnished,2,Excellent,4350000
2460.0,4,7,17,Metro City,Semi-Furnished,1,Good,8000000
2400.0,3,3,4,Metro City,Semi-Furnished,2,Excellent,11500000
1025.0,2,2,8,Metro City,Unfurnished,2,Poor,4450000
1150.0,2,2,10,Metro City,Semi-Furnished,1,Good,7700000
1904.0,3,3,11,Metro City,Semi-Furnished,3,Good,15000000
1235.0,2,2,12,Metro City,Semi-Furnished,2,Good,7500000
1680.0,3,4,10,Metro City,Unfurnished,1,Good,9500000
1150.0,2,2,20,Metro City,Fully Furnished,1,Good,4000000
664.0,1,1,3,Metro City,Fully Furnished,2,Good,3400000
933.0,1,2,13,Metro City,Fully Furnished,1,Excellent,5800000
1280.0,2,2,3,Tier-1 City,Semi-Furnished,2,Good,4150000
3410.0,4,5,17,Metro City,Unfurnished,3,Good,25300000
9600.0,5,7,3,Metro City,Fully Furnished,2,Poor,273600000
1209.0,2,2,14,Metro City,Semi-Furnished,1,Excellent,5000000
1220.0,3,3,7,Metro City,Fully Furnished,1,Good,3500000
1600.0,3,3,0,Metro City,Fully Furnished,0,Good,8000000
1000.0,7,7,20,Metro City,Semi-Furnished,2,Poor,16000000
1025.0,2,2,8,Tier-1 City,Unfurnished,2,Poor,3250000
900.0,5,6,6,Metro City,Unfurnished,2,Good,9500000
1068.0,2,2,0,Metro City,Unfurnished,1,Excellent,4800000
1260.0,1,1,10,Tier-2 City,Unfurnished,0,Good,1650000
1071.0,2,2,8,Metro City,Semi-Furnished,1,Good,5200000
1400.0,3,2,14,Metro City,Unfurnished,0,Excellent,4050000
1170.0,2,2,10,Metro City,Unfurnished,2,Excellent,4550000
1471.0,3,2,7,Metro City,Fully Furnished,2,Excellent,7500000
612.5,1,1,13,Metro City,Fully Furnished,1,Good,2750000
1370.0,3,2,9,Metro City,Fully Furnished,0,Excellent,5500000
1200.0,7,7,5,Metro City,Fully Furnished,0,Good,13900000
1820.0,3,3,5,Metro City,Unfurnished,2,Good,9900000
1205.0,2,2,1,Tier-1 City,Semi-Furnished,2,Good,3650000
1565.0,2,2,24,Metro City,Unfurnished,2,Poor,6900000
1570.0,3,3,4,Metro City,Semi-Furnished,1,Excellent,6450000
3185.0,4,4,5,Metro City,Fully Furnished,0,Excellent,17500000
1200.0,3,3,4,Metro City,Semi-Furnished,1,Good,6800000
3596.0,4,5,5,Metro City,Semi-Furnished,1,Good,29000000
1100.0,2,2,8,Metro City,Unfurnished,1,Good,10600000
1100.0,2,2,6,Metro City,Semi-Furnished,1,Excellent,4000000
2250.0,4,4,1,Metro City,Semi-Furnished,2,Good,11000000
1728.0,3,3,24,Metro City,Semi-Furnished,1,Good,9500000
4200.0,4,4,5,Metro City,Semi-Furnished,2,Poor,25500000
1145.0,2,2,13,Metro City,Semi-Furnished,1,Good,4650000
2070.0,3,3,8,Metro City,Fully Furnished,1,Good,13500000
1600.0,3,3,10,Metro City,Semi-Furnished,1,Poor,6400000
2675.0,4,4,13,Metro City,Unfurnished,2,Good,29000000
1444.0,2,2,3,Metro City,Semi-Furnished,1,Good,7600000
674.0,2,2,13,Metro City,Semi-Furnished,0,Poor,3300000
850.0,2,2,11,Metro City,Semi-Furnished,1,Good,2550000
1460.0,2,2,7,Metro City,Fully Furnished,2,Poor,8000000
1220.0,3,3,0,Rural Area,Unfurnished,2,Good,1000000
1350.0,3,2,18,Metro City,Unfurnished,1,Excellent,3900000
956.0,2,2,19,Tier-1 City,Semi-Furnished,3,Good,4100000
1600.0,2,2,5,Metro City,Semi-Furnished,2,Excellent,6400000
651.0,1,1,7,Metro City,Semi-Furnished,2,Good,1750000
1060.0,2,2,0,Metro City,Semi-Furnished,2,Good,5850000
1930.0,3,4,6,Metro City,Semi-Furnished,1,Poor,12000000
1210.0,2,2,22,Metro City,Semi-Furnished,1,Good,8500000
1140.0,2,2,6,Metro City,Fully Furnished,2,Good,4950000
595.0,1,1,3,Tier-2 City,Unfurnished,0,Good,900000
